stamp,phi,theta,psi,p,q,r,p_dot,q_dot,r_dot,Tix,Tiy,Tiz,Gx,Gy,Gz,cmdTroll,cmdTpitch,cmdTyaw,rawIroll,rawIpitch,rawIyaw
1745869671.740184,-1.488369,0.030175,-0.094737,-5.314486,0.205296,-0.152128,0.000000,0.000000,0.000000,0.133576,0.680774,-2.113198,0.107846,-2.049972,-0.852839,0.010785,0.000000,0.000000,2058,2057,2057
1745869671.745196,-1.488369,0.030175,-0.094737,-5.314486,0.205296,-0.152128,0.000000,0.000000,0.000000,0.133576,0.680774,-2.113198,0.107846,-2.049972,-0.852839,0.010785,0.000000,0.000000,2058,2057,2057
1745869671.750192,-1.584664,0.027741,-0.098758,-5.431933,0.196063,-0.137948,-2.875137,-0.226024,0.347137,-8.588290,0.393486,-1.136647,-8.598770,-1.141994,-0.377832,-0.859877,0.000000,0.000000,1901,2057,2057
1745869671.755195,-1.584664,0.027741,-0.098758,-5.431933,0.196063,-0.137948,-4.344651,-0.341547,0.524563,-13.038851,0.095944,-0.769074,-13.041217,-0.770330,-0.085303,-1.304122,0.000000,0.000000,1837,2057,2057
1745869671.760191,-1.633056,0.026368,-0.100808,-5.440178,0.242904,-0.134933,-4.942455,0.774200,0.646173,-14.823214,3.194987,-0.848935,-14.905922,-1.046081,-3.137066,-1.490592,0.000000,0.000000,1810,2057,2057
1745869671.765194,-1.682272,0.025133,-0.102655,-5.356236,0.201895,-0.138105,-2.658155,0.380852,0.566308,-7.938696,2.296802,-0.515959,-7.994632,-0.768264,-2.225851,-0.799463,0.000000,0.000000,1909,2057,2057
1745869671.770232,-1.682272,0.025133,-0.102655,-5.356236,0.201895,-0.138105,-0.874969,0.083287,0.445504,-2.541334,1.522602,-0.804149,-2.577123,-0.968540,-1.424143,-0.257712,0.000000,0.000000,1987,2057,2057
1745869671.775213,-1.682272,0.025133,-0.102655,-5.356236,0.201895,-0.138105,0.344258,-0.112457,0.315417,1.150545,1.010786,-1.085950,1.128330,-1.191654,-0.883985,0.112833,0.000000,0.000000,2073,2057,2057
1745869671.780191,-1.731332,0.023732,-0.104737,-5.551474,0.261030,-0.110800,-3.688746,1.219982,0.860893,-11.038354,4.669662,-0.425151,-11.146157,-1.166115,-4.542939,-1.114616,0.000000,0.000000,1864,2057,2057
1745869671.785201,-1.731332,0.023732,-0.104737,-5.551474,0.261030,-0.110800,-5.808392,1.920123,1.103345,-17.457371,6.485846,0.125429,-17.609819,-0.912925,-6.424309,-1.760982,0.000000,0.000000,1772,2057,2057
1745869671.790194,-1.779982,0.022167,-0.106256,-5.348283,0.201738,-0.159750,-1.460766,0.675298,-0.076731,-4.296661,3.385231,-1.300988,-4.364087,-1.975614,-3.042014,-0.436409,0.000000,0.000000,1961,2057,2057
1745869671.795194,-1.828303,0.020689,-0.107852,-5.303684,0.181528,-0.103518,2.566313,-0.691521,0.562565,7.832555,-0.342125,-0.242135,7.840677,-0.147022,0.392593,0.784068,0.000000,0.000000,2168,2057,2057
1745869671.800197,-1.828303,0.020689,-0.107852,-5.303684,0.181528,-0.103518,4.799775,-1.471577,0.898105,14.580416,-2.284827,0.228741,14.624930,0.803076,2.151698,1.462493,0.000000,0.000000,2264,2057,2057
1745869671.805197,-1.828303,0.020689,-0.107852,-5.303684,0.181528,-0.103518,5.623067,-1.784218,1.000096,17.068382,-3.066974,0.359717,17.127856,1.128924,2.874856,1.712786,0.000000,0.000000,2299,2057,2057
1745869671.810195,-1.875907,0.019050,-0.109559,-5.214467,0.226495,-0.121872,7.640282,-0.662041,0.492571,23.217989,0.111525,-0.607616,23.219440,-0.613054,0.076166,2.321944,0.000000,0.000000,2385,2057,2057
1745869671.815193,-1.922653,0.017426,-0.110910,-5.156253,0.221058,-0.124853,9.406542,-0.004386,0.038279,28.564146,1.749877,-1.153778,28.542449,-1.686171,-1.245219,2.854245,0.000000,0.000000,2461,2057,2057
1745869671.820199,-1.922653,0.017426,-0.110910,-5.156253,0.221058,-0.124853,9.372437,0.412863,-0.254267,28.466868,2.746760,-1.641593,28.431792,-2.487667,-2.013023,2.843179,0.000000,0.000000,2459,2057,2057
1745869671.825194,-1.922653,0.017426,-0.110910,-5.156253,0.221058,-0.124853,8.202718,0.625437,-0.407623,24.931613,3.255361,-1.873102,24.889607,-2.880278,-2.410737,2.488961,0.000000,0.000000,2409,2057,2057
1745869671.830198,-1.969422,0.015786,-0.112352,-5.223341,0.195870,-0.108386,4.811739,0.066068,-0.051190,14.641126,1.777679,-0.958723,14.621137,-1.573565,-1.266328,1.462114,0.000000,0.000000,2264,2057,2057
1745869671.835197,-2.065050,0.012263,-0.114891,-5.561203,0.242308,-0.083537,-6.197741,0.842213,0.789055,-18.653201,4.259150,0.842086,-18.704083,-1.279127,-4.149203,-1.870408,0.000000,0.000000,1756,2057,2057
1745869671.840204,-2.065050,0.012263,-0.114891,-5.561203,0.242308,-0.083537,-12.410910,1.230516,1.224479,-37.455943,5.282183,1.864435,-37.523818,-0.864431,-5.534884,-3.752382,0.000000,0.000000,1487,2057,2057
1745869671.845198,-2.065050,0.012263,-0.114891,-5.561203,0.242308,-0.083537,-14.807796,1.324590,1.349002,-44.708859,5.534581,2.162966,-44.781196,-0.721359,-5.898719,-4.478120,0.000000,0.000000,1383,2057,2057
1745869671.850195,-2.112309,0.010487,-0.115661,-5.128413,0.155931,-0.127993,-3.916083,-0.893179,0.174170,-11.806121,-0.682670,0.281226,-11.801506,0.592861,0.440071,-1.180151,0.000000,0.000000,1855,2057,2057
1745869671.855200,-2.112309,0.010487,-0.115661,-5.128413,0.155931,-0.127993,3.462361,-2.188394,-0.591281,10.526222,-3.916344,-1.600762,10.570071,0.646872,4.181348,1.057007,0.000000,0.000000,2206,2057,2057
1745869671.860197,-2.162833,0.008495,-0.117273,-5.646404,0.262879,-0.093294,-4.987015,-0.119229,-0.152501,-14.967031,2.046099,-0.875825,-14.977302,-1.868595,-1.209153,-1.497730,0.000000,0.000000,1809,2057,2057
1745869671.865199,-2.208513,0.006873,-0.118027,-5.031919,0.209569,-0.115794,5.335299,-0.101040,-0.407465,16.212253,1.361423,-0.867512,16.208284,-1.507549,-0.577375,1.620828,0.000000,0.000000,2286,2057,2057
1745869671.870209,-2.208513,0.006873,-0.118027,-5.031919,0.209569,-0.115794,11.217666,-0.077112,-0.518907,34.008940,1.388085,-1.141647,34.005946,-1.743679,-0.435584,3.400595,0.000000,0.000000,2538,2057,2057
1745869671.875196,-2.208513,0.006873,-0.118027,-5.031919,0.209569,-0.115794,13.544587,-0.052623,-0.525489,41.048552,1.441332,-1.169270,41.045378,-1.797574,-0.461920,4.104538,0.000000,0.000000,2638,2057,2057
1745869671.880199,-2.256065,0.005190,-0.119421,-5.188629,0.163359,-0.068017,9.525276,-1.163565,0.705927,28.854133,-1.163146,1.156728,28.855008,1.631728,0.168496,2.885501,0.000000,0.000000,2465,2057,2057
1745869671.885196,-2.256065,0.005190,-0.119421,-5.188629,0.163359,-0.068017,5.820016,-1.722585,1.397097,17.640639,-2.273282,2.510854,17.641526,3.382743,0.171017,1.764153,0.000000,0.000000,2307,2057,2057
1745869671.890200,-2.300394,0.003231,-0.120058,-4.964341,0.224036,-0.113776,8.259097,-0.377862,0.541781,25.049975,0.943506,1.347676,25.044800,0.375702,-1.601659,2.504480,0.000000,0.000000,2411,2057,2057
1745869671.895200,-2.344448,0.001739,-0.120192,-4.810727,0.110198,-0.151113,12.551046,-2.271018,-0.979793,37.958694,-4.588248,-1.731263,37.966505,1.967564,4.491998,3.796650,0.000000,0.000000,2594,2057,2057
1745869671.900204,-2.344448,0.001739,-0.120192,-4.810727,0.110198,-0.151113,13.729125,-3.190982,-1.822846,41.524751,-6.797540,-3.776626,41.537797,2.048133,7.501652,4.153780,0.000000,0.000000,2645,2057,2057
1745869671.905203,-2.344448,0.001739,-0.120192,-4.810727,0.110198,-0.151113,12.790519,-3.380909,-2.131878,38.685848,-7.283905,-4.490200,38.700366,1.877516,8.348192,3.870037,0.000000,0.000000,2605,2057,2057
1745869671.910200,-2.390101,-0.000401,-0.120727,-5.090073,0.159480,-0.093936,3.790933,-1.880439,-0.666292,11.490635,-3.136181,-1.346506,11.489380,1.372219,3.125016,1.148938,0.000000,0.000000,2219,2057,2057
1745869671.915200,-2.436317,-0.002434,-0.120868,-5.160738,0.222174,-0.140646,-4.100433,0.835399,-0.801435,-12.378495,2.952221,-0.611584,-12.374971,-2.644373,-1.448084,-1.237497,0.000000,0.000000,1847,2057,2057
1745869671.920199,-2.436317,-0.002434,-0.120868,-5.160738,0.222174,-0.140646,-8.589301,2.450778,-0.788749,-25.958580,6.378849,-0.234248,-25.948950,-5.008913,-3.956699,-2.594895,0.000000,0.000000,1652,2057,2057
1745869671.925203,-2.436317,-0.002434,-0.120868,-5.160738,0.222174,-0.140646,-10.378020,3.172940,-0.684045,-31.369664,7.932928,0.157868,-31.356855,-5.938053,-5.262695,-3.135685,0.000000,0.000000,1575,2057,2057
1745869671.930200,-2.436317,-0.002434,-0.120868,-5.160738,0.222174,-0.140646,-10.236303,3.240322,-0.534106,-30.940487,8.109343,0.510687,-30.926745,-5.843669,-5.645704,-3.092675,0.000000,0.000000,1581,2057,2057
1745869671.935204,-2.531893,-0.006368,-0.121688,-5.254054,0.207061,-0.101802,-11.180270,2.515402,0.578718,-33.794499,6.403423,2.796252,-33.756550,-3.648459,-5.959281,-3.375655,0.000000,0.000000,1541,2057,2057
1745869671.940206,-2.531893,-0.006368,-0.121688,-5.254054,0.207061,-0.101802,-10.405781,1.748730,1.211111,-31.447122,4.970339,4.108386,-31.407549,-1.722232,-6.214385,-3.140755,0.000000,0.000000,1574,2057,2057
1745869671.945204,-2.581233,-0.008424,-0.122209,-5.534560,0.237922,-0.079751,-15.511344,1.805822,2.002414,-46.863065,5.437614,6.005436,-46.795867,-1.414174,-7.977314,-4.679587,0.000000,0.000000,1354,2057,2057
1745869671.950204,-2.629367,-0.010287,-0.122328,-5.258407,0.194267,-0.105621,-10.076903,0.551203,1.624145,-30.463140,2.136598,5.109391,-30.406554,0.641830,-5.501108,-3.040655,0.000000,0.000000,1589,2057,2057
1745869671.955207,-2.629367,-0.010287,-0.122328,-5.258407,0.194267,-0.105621,-5.402124,-0.310407,1.185630,-16.326689,0.353178,3.946809,-16.289519,1.626555,-3.613549,-1.628952,0.000000,0.000000,1791,2057,2057
1745869671.960203,-2.676554,-0.012318,-0.122362,-5.227524,0.175111,-0.109368,-1.032906,-1.285318,0.671827,-3.127511,-1.936057,2.655611,-3.108967,2.921385,-1.505471,-0.310897,0.000000,0.000000,1979,2057,2057
1745869671.965224,-2.676554,-0.012318,-0.122362,-5.227524,0.175111,-0.109368,1.871825,-1.747173,0.262605,5.653683,-2.905862,1.619077,5.655456,3.323359,-0.143992,0.565546,0.000000,0.000000,2137,2057,2057
1745869671.970206,-2.723302,-0.014388,-0.122246,-5.143592,0.199921,-0.104627,5.511547,-1.216882,0.089701,16.664191,-1.842038,1.469879,16.672751,2.280289,-0.594981,1.667275,0.000000,0.000000,2293,2057,2057
1745869671.975214,-2.723302,-0.014388,-0.122246,-5.143592,0.199921,-0.104627,7.155722,-0.730356,-0.031387,21.636437,-0.929697,1.281295,21.647849,1.370003,-0.793268,2.164785,0.000000,0.000000,2363,2057,2057
1745869671.980210,-2.768021,-0.015986,-0.121767,-4.959146,0.164678,-0.133126,11.829750,-1.196825,-0.801492,35.733529,-2.446162,-0.575051,35.710698,2.067589,1.428281,3.571070,0.000000,0.000000,2562,2057,2057
1745869671.985219,-2.768021,-0.015986,-0.121767,-4.959146,0.164678,-0.133126,13.344574,-1.346016,-1.191803,40.308814,-2.786936,-1.539395,40.269640,2.032930,2.450608,4.026964,0.000000,0.000000,2627,2057,2057
1745869671.990204,-2.768021,-0.015986,-0.121767,-4.959146,0.164678,-0.133126,12.664577,-1.275161,-1.291450,38.250074,-2.669119,-1.787850,38.207890,1.832567,2.638955,3.820789,0.000000,0.000000,2598,2057,2057
1745869671.995204,-2.813755,-0.017908,-0.121487,-5.011808,0.143331,-0.103041,9.395611,-1.597461,-0.459900,28.386445,-3.127146,-0.027953,28.367937,2.951597,1.033559,2.836794,0.000000,0.000000,2458,2057,2057
1745869672.000206,-2.858614,-0.019587,-0.120883,-4.987765,0.212091,-0.124925,6.765102,0.079726,-0.413798,20.413222,0.002216,0.697016,20.426346,0.192491,-0.670041,2.042635,0.000000,0.000000,2346,2057,2057
1745869672.005208,-2.858614,-0.019587,-0.120883,-4.987765,0.212091,-0.124925,4.272156,1.130600,-0.333910,12.874958,1.947979,0.972987,12.903915,-1.598830,-1.478482,1.290391,0.000000,0.000000,2239,2057,2057
1745869672.010207,-2.904276,-0.021269,-0.120419,-5.072370,0.146308,-0.107957,0.100611,0.044842,0.173142,0.274993,-0.262403,1.640718,0.307604,0.640774,-1.533390,0.030760,0.000000,0.000000,2061,2057,2057
1745869672.015211,-2.904276,-0.021269,-0.120419,-5.072370,0.146308,-0.107957,-2.552702,-0.648042,0.472932,-7.744320,-1.498558,2.268705,-7.704906,1.989920,-1.853233,-0.770491,0.000000,0.000000,1913,2057,2057
1745869672.020206,-2.948830,-0.023016,-0.119889,-4.926331,0.183038,-0.101000,-0.340693,-0.107096,0.774530,-1.047645,-0.435656,3.277235,-0.975522,1.055410,-3.133908,-0.097552,0.000000,0.000000,2010,2057,2057
1745869672.025210,-2.948830,-0.023016,-0.119889,-4.926331,0.183038,-0.101000,1.103392,0.248967,0.870871,3.323039,0.218563,3.591009,3.405137,0.473418,-3.567314,0.340514,0.000000,0.000000,2105,2057,2057
1745869672.030205,-2.948830,-0.023016,-0.119889,-4.926331,0.183038,-0.101000,1.879563,0.443173,0.825003,5.669730,0.566925,3.510026,5.751534,0.115994,-3.554564,0.575153,0.000000,0.000000,2138,2057,2057
1745869672.035213,-2.994431,-0.024772,-0.119255,-5.051215,0.184694,-0.102824,-0.922737,0.552680,0.650035,-2.815701,0.568462,3.017669,-2.739676,-0.119833,-3.069347,-0.273968,0.000000,0.000000,1984,2057,2057
1745869672.040208,-3.038975,-0.026304,-0.118614,-4.913546,0.159053,-0.102025,0.792967,-0.073578,0.479580,2.370320,-0.729285,2.363133,2.430203,0.967523,-2.276783,0.243020,0.000000,0.000000,2091,2057,2057
1745869672.045214,-3.038975,-0.026304,-0.118614,-4.913546,0.159053,-0.102025,1.783867,-0.461723,0.312714,5.362372,-1.431555,1.943001,5.409366,1.623061,-1.786752,0.540937,0.000000,0.000000,2133,2057,2057
1745869672.050207,-3.038975,-0.026304,-0.118614,-4.913546,0.159053,-0.102025,2.190070,-0.649867,0.169220,6.586732,-1.774935,1.575674,6.623187,1.927006,-1.386044,0.662319,0.000000,0.000000,2151,2057,2057
1745869672.055209,-3.127853,-0.029461,-0.116876,-4.841641,0.164510,-0.111810,3.942252,-0.555892,-0.182330,11.862489,-1.902652,0.657645,11.881097,1.911508,-0.631715,1.188110,0.000000,0.000000,2225,2057,2057
1745869672.060207,3.111797,-0.030943,-0.115927,-4.821889,0.165478,-0.105557,5.049984,-0.404700,-0.228975,15.210370,-1.676572,0.514503,15.227834,1.660500,-0.564493,1.522783,0.000000,0.000000,2272,2057,2057
1745869672.065228,3.111797,-0.030943,-0.115927,-4.821889,0.165478,-0.105557,5.132975,-0.258867,-0.230462,15.461281,-1.416591,0.511611,15.478417,1.400720,-0.553851,1.547842,0.000000,0.000000,2276,2057,2057
1745869672.070212,3.068923,-0.032312,-0.114912,-4.731477,0.157286,-0.098890,6.763767,-0.335789,-0.040290,20.402567,-1.571559,0.937368,20.436474,1.499353,-1.049547,2.043647,0.000000,0.000000,2346,2057,2057
1745869672.075211,3.026418,-0.033592,-0.113875,-4.677261,0.151428,-0.104762,8.301817,-0.487138,-0.058439,25.050379,-1.955798,0.835281,25.085816,1.846850,-1.055103,2.508582,0.000000,0.000000,2412,2057,2057
1745869672.080213,3.026418,-0.033592,-0.113875,-4.677261,0.151428,-0.104762,8.258038,-0.523236,-0.062765,24.917853,-2.020265,0.824356,24.953174,1.912144,-1.051658,2.495317,0.000000,0.000000,2410,2057,2057
1745869672.085210,3.026418,-0.033592,-0.113875,-4.677261,0.151428,-0.104762,7.219107,-0.481966,-0.057811,21.776193,-1.945828,0.796702,21.810303,1.841379,-1.015612,2.181030,0.000000,0.000000,2366,2057,2057
1745869672.090212,2.984296,-0.034804,-0.112750,-4.646889,0.151744,-0.103041,6.421419,-0.389063,-0.005415,19.364175,-1.838251,0.823209,19.402509,1.686601,-1.101673,1.940251,0.000000,0.000000,2331,2057,2057
1745869672.095210,2.943436,-0.035741,-0.111556,-4.497378,0.116246,-0.116694,8.792430,-1.152091,-0.306010,26.534022,-3.239328,-0.097593,26.553403,3.195150,-0.542366,2.655340,0.000000,0.000000,2433,2057,2057
1745869672.100215,2.943436,-0.035741,-0.111556,-4.497378,0.116246,-0.116694,9.216570,-1.494232,-0.458924,27.810974,-3.847030,-0.442251,27.822549,3.858811,-0.323946,2.782255,0.000000,0.000000,2451,2057,2057
1745869672.105210,2.943436,-0.035741,-0.111556,-4.497378,0.116246,-0.116694,8.355131,-1.527016,-0.499164,25.204509,-3.901955,-0.576258,25.211773,3.939042,-0.203297,2.521177,0.000000,0.000000,2414,2057,2057
1745869672.110210,2.901958,-0.036813,-0.110238,-4.603525,0.139901,-0.105224,4.185941,-0.781307,-0.182540,12.599609,-2.635344,0.088826,12.625823,2.538956,-0.712264,1.262582,0.000000,0.000000,2236,2057,2057
1745869672.115213,2.901958,-0.036813,-0.110238,-4.603525,0.139901,-0.105224,1.034681,-0.213670,0.040186,3.078982,-1.616362,0.468101,3.109858,1.459071,-0.838933,0.310986,0.000000,0.000000,2101,2057,2057
1745869672.120210,2.901958,-0.036813,-0.110238,-4.603525,0.139901,-0.105224,-1.082460,0.171034,0.175941,-3.317923,-0.924216,0.687260,-3.285257,0.734686,-0.887584,-0.328526,0.000000,0.000000,1977,2057,2057
1745869672.125213,2.861109,-0.037654,-0.108856,-4.523454,0.133184,-0.125263,-0.327985,0.229090,-0.250828,-1.055782,-0.905601,-0.586417,-1.067566,1.032544,0.313034,-0.106757,0.000000,0.000000,2008,2057,2057
1745869672.130228,2.861109,-0.037654,-0.108856,-4.523454,0.133184,-0.125263,0.190616,0.237735,-0.490539,0.502313,-0.861801,-1.171548,0.468890,1.152432,0.887831,0.046889,0.000000,0.000000,2063,2057,2057
1745869672.135227,2.819574,-0.038628,-0.107434,-4.589629,0.150714,-0.107843,-1.127196,0.643394,-0.154519,-3.475292,-0.138677,-0.391777,-3.487959,0.255540,0.327995,-0.348796,0.000000,0.000000,1974,2057,2057
1745869672.140211,2.819574,-0.038628,-0.107434,-4.589629,0.150714,-0.107843,-1.820659,0.820671,0.076261,-5.562524,0.161730,0.133195,-5.559619,-0.195571,-0.075220,-0.555962,0.000000,0.000000,1944,2057,2057
1745869672.145229,2.737373,-0.040349,-0.104736,-4.558608,0.137100,-0.102262,-1.276901,0.498379,0.351267,-3.896648,-0.411910,0.623693,-3.866957,0.133415,-0.736034,-0.386696,0.000000,0.000000,1968,2057,2057
1745869672.150214,2.696933,-0.041070,-0.103248,-4.447329,0.132384,-0.112843,1.939267,0.119824,0.222308,5.824753,-1.137944,0.339927,5.857478,0.881067,-0.797031,0.585748,0.000000,0.000000,2140,2057,2057
1745869672.155216,2.655803,-0.041795,-0.101800,-4.562542,0.140093,-0.104175,0.921692,0.053623,0.325667,2.750125,-1.317262,0.510477,2.794723,0.926518,-1.067389,0.279472,0.000000,0.000000,2096,2057,2057
1745869672.160218,2.655803,-0.041795,-0.101800,-4.562542,0.140093,-0.104175,0.165178,0.005184,0.351104,0.464275,-1.414625,0.545072,0.512054,0.996464,-1.143507,0.051205,0.000000,0.000000,2064,2057,2057
1745869672.165219,2.655803,-0.041795,-0.101800,-4.562542,0.140093,-0.104175,-0.333375,-0.026077,0.324151,-1.044202,-1.469327,0.462247,-0.998418,1.083510,-1.095764,-0.099842,0.000000,0.000000,2009,2057,2057
1745869672.170217,2.615476,-0.042236,-0.100208,-4.473359,0.144148,-0.141772,1.576124,0.056663,-0.653180,4.680483,-1.301100,-2.126155,4.630394,2.192855,1.186295,0.463039,0.000000,0.000000,2122,2057,2057
1745869672.175218,2.615476,-0.042236,-0.100208,-4.473359,0.144148,-0.141772,2.592126,0.102112,-1.191996,7.726077,-1.108148,-3.371657,7.626375,2.651462,2.361303,0.762638,0.000000,0.000000,2165,2057,2057
1745869672.180218,2.574228,-0.042715,-0.098469,-4.540348,0.141088,-0.124898,1.275601,0.043346,-0.973195,3.758827,-1.158512,-2.884167,3.681480,2.526981,1.811330,0.368148,0.000000,0.000000,2109,2057,2057
1745869672.185219,2.533697,-0.043036,-0.096720,-4.525910,0.139994,-0.140575,0.640337,-0.025938,-1.099709,1.836313,-1.286917,-3.371917,1.748775,2.982210,2.034717,0.174878,0.000000,0.000000,2082,2057,2057
1745869672.190218,2.533697,-0.043036,-0.096720,-4.525910,0.139994,-0.140575,0.160202,-0.066571,-1.044989,0.387633,-1.379992,-3.259816,0.306346,2.994584,1.889405,0.030635,0.000000,0.000000,2061,2057,2057
1745869672.195220,2.492161,-0.043447,-0.095003,-4.549789,0.161790,-0.122959,-0.748449,0.450048,-0.450609,-2.345427,-0.483288,-1.995324,-2.401808,1.591545,1.298095,-0.240181,0.000000,0.000000,1989,2057,2057
1745869672.200214,2.451736,-0.043827,-0.093415,-4.504543,0.143037,-0.111720,-0.123412,0.262276,0.254931,-0.406683,-0.807277,-0.320698,-0.395000,0.826784,-0.266662,-0.039500,0.000000,0.000000,2018,2057,2057
1745869672.205216,2.451736,-0.043827,-0.093415,-4.504543,0.143037,-0.111720,0.287831,0.111164,0.670884,0.858351,-1.220035,0.675094,0.915239,0.511410,-1.298435,0.091524,0.000000,0.000000,2070,2057,2057
1745869672.210220,2.451736,-0.043827,-0.093415,-4.504543,0.143037,-0.111720,0.512716,0.001921,0.851763,1.547844,-1.491506,1.120159,1.627363,0.437555,-1.814997,0.162736,0.000000,0.000000,2080,2057,2057
1745869672.215220,2.451736,-0.043827,-0.093415,-4.504543,0.143037,-0.111720,0.591910,-0.067318,0.861595,1.788010,-1.640018,1.161855,1.873085,0.525571,-1.941798,0.187309,0.000000,0.000000,2083,2057,2057
1745869672.220219,2.451736,-0.043827,-0.093415,-4.504543,0.143037,-0.111720,0.569510,-0.102867,0.762297,1.715350,-1.692823,0.943941,1.794527,0.704988,-1.807190,0.179453,0.000000,0.000000,2082,2057,2057
1745869672.225218,2.411277,-0.044397,-0.091721,-4.440998,0.159162,-0.100594,2.042200,0.282259,0.878701,6.163901,-0.932398,1.163185,6.230030,-0.081363,-1.490006,0.623003,0.000000,0.000000,2145,2057,2057
1745869672.230229,2.411277,-0.044397,-0.091721,-4.440998,0.159162,-0.100594,2.725199,0.491777,0.844648,8.226052,-0.478647,1.075602,8.275835,-0.360964,-1.121698,0.827584,0.000000,0.000000,2174,2057,2057
1745869672.235224,2.333154,-0.044648,-0.088493,-4.310204,0.140041,-0.119353,6.022606,0.095450,0.260448,18.185755,-0.969071,-0.204337,18.210762,0.817046,-0.560280,1.821076,0.000000,0.000000,2315,2057,2057
1745869672.240222,2.333154,-0.044648,-0.088493,-4.310204,0.140041,-0.119353,7.373399,-0.167130,-0.141252,22.248856,-1.461980,-0.944053,22.266965,1.692433,-0.405733,2.226697,0.000000,0.000000,2372,2057,2057
1745869672.245221,2.294949,-0.044419,-0.086813,-4.235175,0.142907,-0.155566,9.163506,-0.242613,-1.265288,27.616445,-1.354839,-3.516652,27.557998,3.531769,1.316229,2.755800,0.000000,0.000000,2447,2057,2057
1745869672.250221,2.256507,-0.044122,-0.085081,-4.236411,0.118604,-0.139355,9.143228,-0.856037,-1.424194,27.556949,-2.469311,-3.556639,27.541894,4.316354,0.341307,2.754189,0.000000,0.000000,2447,2057,2057
1745869672.255220,2.218282,-0.044213,-0.083306,-4.186573,0.157974,-0.098121,9.231427,-0.174662,-0.340073,27.849538,-1.352828,-1.290340,27.862842,1.845182,-0.301002,2.786284,0.000000,0.000000,2451,2057,2057
1745869672.260216,2.218282,-0.044213,-0.083306,-4.186573,0.157974,-0.098121,8.157291,0.277366,0.386749,24.639604,-0.470122,0.062947,24.657873,0.233363,-0.413343,2.465787,0.000000,0.000000,2406,2057,2057
1745869672.265229,2.218282,-0.044213,-0.083306,-4.186573,0.157974,-0.098121,6.474451,0.530280,0.800681,19.573607,0.026058,0.777515,19.593436,-0.635866,-0.448639,1.959344,0.000000,0.000000,2334,2057,2057
1745869672.270224,2.182873,-0.043616,-0.082097,-3.859218,0.035543,-0.120117,12.632075,-2.371799,0.424764,38.225503,-5.766671,1.251095,38.462867,2.289379,-5.443788,3.846287,0.000000,0.000000,2601,2057,2057
1745869672.275223,2.182873,-0.043616,-0.082097,-3.859218,0.035543,-0.120117,14.987013,-3.919955,0.134654,45.334523,-9.308436,1.111592,45.694903,4.438541,-8.265098,4.569490,0.000000,0.000000,2704,2057,2057
1745869672.280224,2.145041,-0.044124,-0.080140,-4.135895,0.141682,-0.055626,7.861483,-1.818421,1.514782,23.813597,-5.412527,2.980267,24.085721,0.437848,-6.169261,2.408572,0.000000,0.000000,2398,2057,2057
1745869672.285222,2.110904,-0.042995,-0.078801,-3.779640,0.104638,-0.208254,11.118675,-1.174421,-1.535919,33.579773,-2.784405,-3.728440,33.600027,4.629529,-0.471222,3.360003,0.000000,0.000000,2532,2057,2057
1745869672.290223,2.071960,-0.042743,-0.076748,-4.466808,0.192956,-0.136732,-5.019854,1.541265,-1.526354,-15.283449,3.123655,-5.332102,-15.510181,3.175634,5.306155,-1.551018,0.000000,0.000000,1802,2057,2057
1745869672.295223,2.071960,-0.042743,-0.076748,-4.466808,0.192956,-0.136732,-14.610469,3.069762,-1.333280,-44.271049,6.787502,-5.748498,-44.643765,1.780542,8.722615,-4.464377,0.000000,0.000000,1385,2057,2057
1745869672.300222,2.071960,-0.042743,-0.076748,-4.466808,0.192956,-0.136732,-18.885352,3.660276,-1.047882,-57.181120,8.164322,-5.524149,-57.600870,0.922294,9.823337,-5.760087,0.000000,0.000000,1199,2057,2057
1745869672.305227,2.071960,-0.042743,-0.076748,-4.466808,0.192956,-0.136732,-19.277157,3.585478,-0.738672,-58.349105,7.926593,-4.921472,-58.747554,0.507947,9.324833,-5.874755,0.000000,0.000000,1183,2057,2057
1745869672.310224,2.035470,-0.041447,-0.075375,-4.075792,0.056995,-0.234429,-7.587636,-0.230288,-2.845156,-23.023767,0.234711,-7.334895,-23.168783,6.451980,3.499824,-2.316878,0.000000,0.000000,1692,2057,2057
1745869672.315227,2.035470,-0.041447,-0.075375,-4.075792,0.056995,-0.234429,0.745279,-2.618764,-3.830763,2.124442,-5.404468,-8.390639,2.168871,9.922872,-1.072236,0.216887,0.000000,0.000000,2087,2057,2057
1745869672.320224,1.994240,-0.040702,-0.073255,-4.670740,0.186838,-0.134378,-8.649666,-0.627484,-1.534395,-26.238076,-1.896673,-5.129938,-26.253500,5.456205,0.379059,-2.625350,0.000000,0.000000,1648,2057,2057
1745869672.325162,1.994240,-0.040702,-0.073255,-4.670740,0.186838,-0.134378,-13.478144,0.693475,0.086986,-40.757329,1.078562,-2.486789,-40.838987,1.823971,2.006792,-4.083899,0.000000,0.000000,1439,2057,2057
1745869672.330224,1.912367,-0.039884,-0.069612,-4.632834,0.229691,-0.085843,-14.032374,2.532009,2.336465,-42.357770,5.255940,1.380995,-42.536931,-3.061784,4.493287,-4.253693,0.000000,0.000000,1415,2057,2057
1745869672.335230,1.912367,-0.039884,-0.069612,-4.632834,0.229691,-0.085843,-12.635142,3.361951,3.446457,-38.079815,7.166686,3.411155,-38.303682,-5.614698,5.614503,-3.830368,0.000000,0.000000,1476,2057,2057
1745869672.340227,1.871435,-0.039597,-0.067883,-4.434825,0.124071,-0.107009,-5.356207,0.887572,3.206449,-16.035903,1.770124,4.321489,-16.052186,-4.651847,0.411329,-1.605219,0.000000,0.000000,1794,2057,2057
1745869672.345225,1.831519,-0.038908,-0.066129,-4.571148,0.245315,-0.130523,-3.433532,2.182573,2.086304,-10.283472,4.983751,1.192315,-10.458956,-2.436724,4.511382,-1.045896,0.000000,0.000000,1874,2057,2057
1745869672.350227,1.831519,-0.038908,-0.066129,-4.571148,0.245315,-0.130523,-1.795643,2.735087,1.121546,-5.379482,6.491274,-0.562393,-5.629275,-1.129925,6.421728,-0.562927,0.000000,0.000000,1943,2057,2057
1745869672.355236,1.831519,-0.038908,-0.066129,-4.571148,0.245315,-0.130523,-0.538012,2.749187,0.372929,-1.613784,6.610149,-1.877539,-1.881244,0.110131,6.875945,-0.188124,0.000000,0.000000,1997,2057,2057
1745869672.360228,1.790677,-0.038179,-0.064373,-4.304046,0.092092,-0.136390,6.853948,-1.326859,-0.287891,20.728193,-3.004859,-1.085686,20.831164,1.714946,-2.697676,2.083116,0.000000,0.000000,2352,2057,2057
1745869672.365254,1.790677,-0.038179,-0.064373,-4.304046,0.092092,-0.136390,10.721479,-3.761019,-0.673576,32.406051,-9.178644,-1.365493,32.736839,3.334598,-8.666138,3.273684,0.000000,0.000000,2520,2057,2057
1745869672.370230,1.754350,-0.036852,-0.063068,-4.166152,0.169420,-0.161875,15.186374,-2.935765,-1.453404,45.893546,-7.071584,-3.224538,46.128190,4.461112,-6.368555,4.612819,0.000000,0.000000,2710,2057,2057
1745869672.375228,1.713238,-0.035993,-0.061189,-4.460934,0.141383,-0.159501,8.958442,-2.739376,-1.714509,27.047378,-6.397334,-3.873395,27.255601,4.742336,-5.786421,2.725560,0.000000,0.000000,2443,2057,2057
1745869672.380226,1.713238,-0.035993,-0.061189,-4.460934,0.141383,-0.159501,3.921839,-2.279808,-1.669821,11.819981,-5.214878,-4.051977,11.985145,4.751248,-4.589814,1.198514,0.000000,0.000000,2226,2057,2057
1745869672.385227,1.713238,-0.035993,-0.061189,-4.460934,0.141383,-0.159501,0.254171,-1.709774,-1.437043,0.740309,-3.761388,-3.836877,0.854765,4.331987,-3.180667,0.085477,0.000000,0.000000,2069,2057,2057
1745869672.390229,1.674597,-0.034309,-0.060269,-4.450640,0.154299,-0.193599,-1.845102,-0.823043,-1.949377,-5.603739,-1.223896,-4.985331,-5.579688,5.085311,-0.701167,-0.557969,0.000000,0.000000,1944,2057,2057
1745869672.395229,1.631650,-0.033534,-0.058119,-4.672704,0.193189,-0.105329,-8.387123,0.791306,0.128393,-25.339175,2.469552,-1.815477,-25.425570,1.661928,2.576840,-2.542557,0.000000,0.000000,1660,2057,2057
1745869672.400233,1.631650,-0.033534,-0.058119,-4.672704,0.193189,-0.105329,-11.499277,1.716000,1.427651,-34.694926,4.823513,0.346658,-34.855731,-0.639365,4.796198,-3.485573,0.000000,0.000000,1525,2057,2057
1745869672.405231,1.591762,-0.032548,-0.056782,-4.479434,0.192624,-0.095437,-7.321959,2.076023,2.315769,-22.027911,5.821388,2.265528,-22.215862,-2.387069,5.775673,-2.221586,0.000000,0.000000,1706,2057,2057
1745869672.410235,1.591762,-0.032548,-0.056782,-4.479434,0.192624,-0.095437,-3.779526,2.049533,2.594274,-11.304156,5.750295,2.908724,-11.489354,-3.028634,5.691067,-1.148935,0.000000,0.000000,1859,2057,2057
1745869672.415233,1.549768,-0.031946,-0.054953,-4.538497,0.089389,-0.074558,-2.525579,-0.746457,2.963543,-7.513637,-1.453540,4.490161,-7.470213,-4.519732,-1.359499,-0.747021,0.000000,0.000000,1917,2057,2057
1745869672.420236,1.549768,-0.031946,-0.054953,-4.538497,0.089389,-0.074558,-1.422123,-2.425541,2.834317,-4.182526,-5.798715,4.289645,-4.000139,-4.410625,-5.710149,-0.400014,0.000000,0.000000,1966,2057,2057
1745869672.425230,1.549768,-0.031946,-0.054953,-4.538497,0.089389,-0.074558,-0.551308,-3.188692,2.405699,-1.566763,-7.776746,3.553795,-1.320683,-3.716529,-7.704233,-0.132068,0.000000,0.000000,2005,2057,2057
1745869672.430255,1.549768,-0.031946,-0.054953,-4.538497,0.089389,-0.074558,0.070783,-3.282332,1.837037,0.291394,-8.023820,2.563985,0.546034,-2.732133,-7.972202,0.054603,0.000000,0.000000,2065,2057,2057
1745869672.435242,1.507228,-0.030580,-0.053328,-4.872192,0.244343,-0.121213,-7.702728,0.848703,0.115043,-23.237915,3.175652,-2.035430,-23.330906,2.233054,3.041358,-2.333091,0.000000,0.000000,1690,2057,2057
1745869672.440239,1.420954,-0.027997,-0.050250,-4.808473,0.224002,-0.105840,-10.133282,2.867667,-0.615009,-30.616629,8.448642,-2.877230,-30.838547,4.106225,7.927558,-3.083855,0.000000,0.000000,1582,2057,2057
1745869672.445233,1.420954,-0.027997,-0.050250,-4.808473,0.224002,-0.105840,-10.430838,3.793412,-1.001347,-31.529349,10.801540,-3.522245,-31.813722,5.095259,10.158675,-3.181372,0.000000,0.000000,1568,2057,2057
1745869672.450232,1.379285,-0.026981,-0.048491,-4.449488,0.171504,-0.067119,-0.549158,2.629792,-0.175061,-1.642287,7.526835,-1.211369,-1.835483,2.621900,7.161258,-0.183548,0.000000,0.000000,1997,2057,2057
1745869672.455232,1.340602,-0.026051,-0.047373,-4.274031,0.128234,-0.070108,10.067390,0.511576,0.295854,30.475309,2.072690,0.238696,30.421307,0.240520,2.073183,3.042131,0.000000,0.000000,2487,2057,2057
1745869672.460231,1.340602,-0.026051,-0.047373,-4.274031,0.128234,-0.070108,15.548389,-0.890638,0.557429,47.059334,-1.463748,0.755358,47.091977,-1.069412,-1.253214,4.709198,0.000000,0.000000,2723,2057,2057
1745869672.465245,1.340602,-0.026051,-0.047373,-4.274031,0.128234,-0.070108,17.116160,-1.670830,0.654918,51.803267,-3.438028,0.906585,51.885098,-1.667116,-3.141553,5.188510,0.000000,0.000000,2791,2057,2057
1745869672.470235,1.275238,-0.024027,-0.045629,-4.298720,0.112593,-0.105318,15.400103,-2.339156,-0.225061,46.590397,-5.015052,-0.601331,46.709901,-0.885495,-4.974186,4.670990,0.000000,0.000000,2718,2057,2057
1745869672.475237,1.275238,-0.024027,-0.045629,-4.298720,0.112593,-0.105318,12.427320,-2.477075,-0.755897,37.582744,-5.433251,-1.690798,37.719488,0.034923,-5.691792,3.771949,0.000000,0.000000,2591,2057,2057
1745869672.480236,1.234262,-0.022488,-0.044303,-4.670000,0.232829,-0.104912,-0.066815,0.684061,-0.988724,-0.156187,3.127502,-2.880769,-0.201188,3.751929,2.001287,-0.020119,0.000000,0.000000,2021,2057,2057
1745869672.485240,1.234262,-0.022488,-0.044303,-4.670000,0.232829,-0.104912,-7.970973,2.602127,-1.014999,-24.061915,7.906575,-2.881610,-24.208370,5.330860,6.513139,-2.420837,0.000000,0.000000,1677,2057,2057
1745869672.490235,1.193987,-0.021097,-0.043518,-4.418067,0.129289,-0.108825,-5.817243,0.959599,-1.003053,-17.593853,3.243461,-2.190929,-17.640478,3.230671,2.210238,-1.764048,0.000000,0.000000,1771,2057,2057
1745869672.495238,1.152020,-0.019894,-0.042038,-4.711521,0.191176,-0.032312,-10.933184,1.318468,1.002697,-33.011297,4.598450,0.870782,-33.101930,1.074392,4.556084,-3.310193,0.000000,0.000000,1550,2057,2057
1745869672.500239,1.152020,-0.019894,-0.042038,-4.711521,0.191176,-0.032312,-12.827949,1.383764,2.148128,-38.714402,4.948224,3.029937,-38.828863,-0.755952,5.753875,-3.882886,0.000000,0.000000,1468,2057,2057
1745869672.505234,1.152020,-0.019894,-0.042038,-4.711521,0.191176,-0.032312,-12.454213,1.255613,2.608506,-37.572782,4.711610,3.899743,-37.689979,-1.646814,5.891435,-3.768998,0.000000,0.000000,1484,2057,2057
1745869672.510238,1.110803,-0.018812,-0.040772,-4.501280,0.172007,-0.036890,-5.537295,0.550591,2.468689,-16.660464,2.884372,4.024980,-16.742710,-2.326112,4.372189,-1.674271,0.000000,0.000000,1784,2057,2057
1745869672.515237,1.071184,-0.017805,-0.039595,-4.380701,0.154360,-0.046383,2.465639,-0.394662,1.845149,7.526988,0.437673,3.112110,7.493597,-2.522029,1.875439,0.749360,0.000000,0.000000,2163,2057,2057
1745869672.520238,1.071184,-0.017805,-0.039595,-4.380701,0.154360,-0.046383,7.226135,-0.944269,1.224671,21.912887,-0.993528,1.890301,21.912290,-2.135231,0.033534,2.191229,0.000000,0.000000,2367,2057,2057
1745869672.525238,1.071184,-0.017805,-0.039595,-4.380701,0.154360,-0.046383,9.351625,-1.176184,0.682218,28.330211,-1.650658,0.825056,28.348973,-1.515014,-1.053790,2.834897,0.000000,0.000000,2458,2057,2057
1745869672.530240,1.071184,-0.017805,-0.039595,-4.380701,0.154360,-0.046383,9.550456,-1.178785,0.255420,28.922359,-1.737804,-0.010958,28.949615,-0.822938,-1.530882,2.894962,0.000000,0.000000,2467,2057,2057
1745869672.535239,1.029891,-0.016488,-0.038722,-4.685221,0.162903,-0.087866,1.046039,-0.826710,-1.061913,3.179107,-0.919101,-2.483571,3.213186,1.655766,-2.066996,0.321319,0.000000,0.000000,2102,2057,2057
1745869672.540295,0.944537,-0.013203,-0.037376,-4.847696,0.195981,-0.083888,-8.548385,0.320330,-1.674468,-25.832749,1.880103,-3.673526,-25.824432,4.078347,-0.629869,-2.582443,0.000000,0.000000,1654,2057,2057
1745869672.545286,0.901688,-0.011875,-0.036351,-4.732156,0.195352,-0.040060,-10.631178,0.978599,-0.776256,-32.118847,3.491971,-1.900237,-32.137377,3.656521,1.560434,-3.213738,0.000000,0.000000,1564,2057,2057
1745869672.550295,0.901688,-0.011875,-0.036351,-4.732156,0.195352,-0.040060,-10.651350,1.276734,-0.110749,-32.170103,4.317449,-0.442064,-32.207063,3.024800,3.112513,-3.220706,0.000000,0.000000,1563,2057,2057
1745869672.555294,0.901688,-0.011875,-0.036351,-4.732156,0.195352,-0.040060,-9.357358,1.308161,0.322627,-28.249391,4.486016,0.490139,-28.294788,2.398163,3.823016,-2.829479,0.000000,0.000000,1619,2057,2057
1745869672.560292,0.859857,-0.010681,-0.035191,-4.656002,0.202426,-0.017309,-5.528149,1.341126,1.114449,-16.652447,4.735050,2.195890,-16.706078,1.425903,5.021186,-1.670608,0.000000,0.000000,1785,2057,2057
1745869672.565327,0.818806,-0.009489,-0.034057,-4.517567,0.167514,-0.007534,1.008341,0.335529,1.722701,3.108213,2.326670,3.527101,3.069228,-0.986617,4.108764,0.306923,0.000000,0.000000,2100,2057,2057
1745869672.570295,0.818806,-0.009489,-0.034057,-4.517567,0.167514,-0.007534,4.953626,-0.331560,1.890204,15.044816,0.893446,3.781839,15.014111,-2.151685,3.236007,1.501411,0.000000,0.000000,2269,2057,2057
1745869672.575252,0.779038,-0.008069,-0.033725,-4.436040,0.142846,-0.113012,8.832555,-1.312861,-0.794142,26.722506,-2.212923,-1.359796,26.742860,-0.619307,-2.522489,2.674286,0.000000,0.000000,2435,2057,2057
1745869672.580290,0.779038,-0.008069,-0.033725,-4.436040,0.142846,-0.113012,10.253060,-1.785005,-2.427991,31.004141,-3.610817,-5.032708,31.053510,0.966535,-6.118366,3.105351,0.000000,0.000000,2496,2057,2057
1745869672.585319,0.779038,-0.008069,-0.033725,-4.436040,0.142846,-0.113012,9.874578,-1.860665,-3.155203,29.852234,-3.940815,-6.646510,29.912740,1.865562,-7.498631,2.991274,0.000000,0.000000,2480,2057,2057
1745869672.590328,0.738511,-0.006591,-0.033766,-4.512315,0.145981,-0.107254,6.545495,-1.601589,-3.081536,19.787295,-3.330004,-6.523510,19.833863,1.929101,-7.065822,1.983386,0.000000,0.000000,2338,2057,2057
1745869672.595309,0.696420,-0.004933,-0.033737,-4.744314,0.161925,-0.111130,-2.009511,-0.853804,-2.753069,-6.084642,-1.554496,-5.637321,-6.058388,2.423680,-5.321871,-0.605839,0.000000,0.000000,1937,2057,2057
1745869672.600311,0.696420,-0.004933,-0.033737,-4.744314,0.161925,-0.111130,-7.205399,-0.273967,-2.208080,-21.800406,-0.210605,-4.307164,-21.783439,2.601375,-3.439353,-2.178344,0.000000,0.000000,1712,2057,2057
1745869672.605312,0.696420,-0.004933,-0.033737,-4.744314,0.161925,-0.111130,-9.608224,0.126318,-1.592762,-29.066005,0.771144,-2.842660,-29.057687,2.415074,-1.686079,-2.905769,0.000000,0.000000,1608,2057,2057
1745869672.610240,0.654432,-0.003184,-0.033301,-4.674426,0.211660,-0.077822,-8.257399,1.561541,-0.212614,-24.938314,4.425571,0.444205,-24.948013,3.240829,3.046328,-2.494801,0.000000,0.000000,1667,2057,2057
1745869672.615247,0.612120,-0.001734,-0.032566,-4.694233,0.193131,-0.023042,-6.872026,1.845574,2.048968,-20.738228,5.448232,5.466103,-20.751410,1.318160,7.604219,-2.075141,0.000000,0.000000,1727,2057,2057
1745869672.620240,0.612120,-0.001734,-0.032566,-4.694233,0.193131,-0.023042,-5.156967,1.798540,3.223569,-15.547440,5.603065,8.187026,-15.564637,-0.118573,9.920079,-1.556464,0.000000,0.000000,1801,2057,2057
1745869672.625245,0.612120,-0.001734,-0.032566,-4.694233,0.193131,-0.023042,-3.437476,1.548480,3.574036,-10.344823,5.166351,8.950741,-10.362668,-0.914826,10.294190,-1.036267,0.000000,0.000000,1875,2057,2057
1745869672.630244,0.531204,0.001015,-0.031534,-4.529539,0.189306,-0.069743,2.103539,1.107084,2.213350,6.382627,3.460439,6.289227,6.389909,-0.202365,7.175522,0.638991,0.000000,0.000000,2147,2057,2057
1745869672.635259,0.531204,0.001015,-0.031534,-4.529539,0.189306,-0.069743,5.361690,0.690973,1.077942,16.241076,2.408009,3.498476,16.245375,0.303949,4.236210,1.624537,0.000000,0.000000,2287,2057,2057
1745869672.640243,0.531204,0.001015,-0.031534,-4.529539,0.189306,-0.069743,6.750822,0.345063,0.232980,20.444751,1.552735,1.415774,20.446788,0.621573,2.007251,2.044679,0.000000,0.000000,2346,2057,2057
1745869672.645240,0.531204,0.001015,-0.031534,-4.529539,0.189306,-0.069743,6.808875,0.083346,-0.331889,20.621112,0.920388,0.018544,20.621602,0.784163,0.482232,2.062160,0.000000,0.000000,2349,2057,2057
1745869672.650239,0.531204,0.001015,-0.031534,-4.529539,0.189306,-0.069743,6.012106,-0.092530,-0.648836,18.211032,0.507866,-0.770122,18.210619,0.828004,-0.406727,1.821062,0.000000,0.000000,2315,2057,2057
1745869672.655281,0.491172,0.002493,-0.031952,-4.459352,0.122626,-0.126941,6.495198,-1.840396,-2.183735,19.629263,-3.976861,-4.571703,19.614537,-1.350432,-5.906983,1.961454,0.000000,0.000000,2334,2057,2057
1745869672.660254,0.491172,0.002493,-0.031952,-4.459352,0.122626,-0.126941,5.997819,-2.701364,-2.870082,18.126656,-5.794457,-6.386324,18.105804,-2.097269,-8.364374,1.810580,0.000000,0.000000,2313,2057,2057
1745869672.665247,0.364901,0.007333,-0.032934,-4.815034,0.189058,-0.058230,-3.752806,-1.295012,-1.276286,-11.334188,-2.109493,-2.277365,-11.355310,-1.157908,-2.880285,-1.135531,0.000000,0.000000,1861,2057,2057
1745869672.670271,0.364901,0.007333,-0.032934,-4.815034,0.189058,-0.058230,-9.497212,-0.240762,-0.105041,-28.722714,0.056512,0.841648,-28.716800,-0.247557,0.806422,-2.871680,0.000000,0.000000,1613,2057,2057
1745869672.675254,0.364901,0.007333,-0.032934,-4.815034,0.189058,-0.058230,-11.930517,0.449135,0.641494,-36.090596,1.470428,2.822145,-36.067414,0.366512,3.161149,-3.606741,0.000000,0.000000,1508,2057,2057
1745869672.680248,0.321460,0.009071,-0.032708,-4.807296,0.197284,-0.032004,-11.830574,1.033486,1.678817,-35.788396,2.787231,5.492435,-35.733137,0.909112,6.091968,-3.573314,0.000000,0.000000,1512,2057,2057
1745869672.685247,0.278633,0.010675,-0.032751,-4.746117,0.154078,-0.062193,-8.821731,0.218950,1.391067,-26.713167,0.696205,4.634893,-26.663552,-0.605434,4.647886,-2.666355,0.000000,0.000000,1642,2057,2057
1745869672.690248,0.278633,0.010675,-0.032751,-4.746117,0.154078,-0.062193,-5.836810,-0.323392,1.038551,-17.678716,-0.346864,3.642914,-17.642345,-1.335439,3.407208,-1.764235,0.000000,0.000000,1771,2057,2057
1745869672.695247,0.235802,0.012350,-0.033156,-4.781487,0.155492,-0.098898,-4.101061,-0.592020,-0.210730,-12.435167,-1.358776,0.608525,-12.431780,-1.463340,0.274266,-1.243178,0.000000,0.000000,1846,2057,2057
1745869672.700247,0.192171,0.013911,-0.034164,-4.891797,0.148021,-0.144159,-5.203188,-0.872431,-2.083890,-15.767245,-2.525203,-4.070416,-15.829539,-1.701307,-4.478211,-1.582954,0.000000,0.000000,1797,2057,2057
1745869672.705250,0.192171,0.013911,-0.034164,-4.891797,0.148021,-0.144159,-5.263101,-0.942998,-3.014142,-15.934071,-2.732692,-6.455784,-16.029490,-1.449394,-6.859528,-1.602949,0.000000,0.000000,1794,2057,2057
1745869672.710245,0.192171,0.013911,-0.034164,-4.891797,0.148021,-0.144159,-4.656449,-0.872080,-3.232377,-14.095535,-2.623213,-7.017491,-14.198334,-1.234649,-7.390036,-1.419833,0.000000,0.000000,1820,2057,2057
1745869672.715248,0.147593,0.015408,-0.035140,-4.952418,0.139882,-0.126927,-5.187919,-0.919886,-2.552408,-15.700141,-2.595934,-5.414787,-15.788551,-1.771422,-5.738351,-1.578855,0.000000,0.000000,1798,2057,2057
1745869672.720247,0.102073,0.017106,-0.035761,-5.082364,0.189421,-0.079729,-8.070693,0.376003,-0.654018,-24.437560,0.230024,-0.214813,-24.440815,0.250715,-0.190284,-2.444082,0.000000,0.000000,1674,2057,2057
1745869672.725249,0.102073,0.017106,-0.035761,-5.082364,0.189421,-0.079729,-8.906731,1.150250,0.627815,-26.991033,1.676132,3.143906,-26.934606,1.347056,3.298816,-2.693461,0.000000,0.000000,1638,2057,2057
1745869672.730246,0.055564,0.018948,-0.036257,-5.199406,0.216549,-0.069330,-11.210164,2.162897,1.615478,-33.982294,3.452476,5.922947,-33.866595,3.118214,6.106637,-3.386660,0.000000,0.000000,1539,2057,2057
1745869672.735271,0.055564,0.018948,-0.036257,-5.199406,0.216549,-0.069330,-11.295818,2.540837,2.044888,-34.250429,4.137982,7.044804,-34.112783,3.740360,7.265041,-3.411278,0.000000,0.000000,1536,2057,2057
1745869672.740253,0.008783,0.020798,-0.036882,-5.192397,0.190623,-0.081015,-9.792820,1.832868,1.777583,-29.708412,2.553784,6.076884,-29.581543,2.500314,6.100399,-2.958154,0.000000,0.000000,1600,2057,2057
1745869672.745250,0.008783,0.020798,-0.036882,-5.192397,0.190623,-0.081015,-7.643581,1.159553,1.390960,-23.198408,1.352064,5.023841,-23.093662,1.307889,5.036611,-2.309366,0.000000,0.000000,1693,2057,2057
1745869672.750245,0.008783,0.020798,-0.036882,-5.192397,0.190623,-0.081015,-5.349046,0.591784,0.976247,-16.248261,0.338290,3.895268,-16.167176,0.304066,3.898932,-1.616718,0.000000,0.000000,1792,2057,2057
1745869672.755252,-0.038263,0.022393,-0.037808,-5.252125,0.171143,-0.102008,-4.703941,-0.318561,0.078718,-14.284696,-1.621592,1.370064,-14.252644,-1.567994,1.431453,-1.425264,0.000000,0.000000,1820,2057,2057
1745869672.760250,-0.085028,0.023860,-0.039072,-5.182374,0.166421,-0.133829,-2.011689,-0.969756,-1.276787,-6.119354,-3.121391,-2.352658,-6.168970,-3.309916,-2.079664,-0.616897,0.000000,0.000000,1935,2057,2057
1745869672.765255,-0.132220,0.025190,-0.040430,-5.284637,0.175123,-0.134419,-2.567750,-1.049984,-1.993452,-7.783602,-3.360975,-4.212815,-7.877656,-3.887038,-3.734133,-0.787766,0.000000,0.000000,1911,2057,2057
1745869672.770262,-0.132220,0.025190,-0.040430,-5.284637,0.175123,-0.134419,-2.604058,-0.971786,-2.201827,-7.887581,-3.208347,-4.752753,-7.995627,-3.806925,-4.289656,-0.799563,0.000000,0.000000,1909,2057,2057
1745869672.775253,-0.180044,0.026674,-0.041793,-5.237534,0.163334,-0.114613,-1.156180,-1.091813,-1.579231,-3.509013,-3.318206,-3.308015,-3.579992,-3.856944,-2.661291,-0.357999,0.000000,0.000000,1972,2057,2057
1745869672.780256,-0.180044,0.026674,-0.041793,-5.237534,0.163334,-0.114613,-0.095979,-1.034373,-0.990929,-0.319701,-3.260064,-1.836465,-0.352331,-3.536228,-1.223427,-0.035233,0.000000,0.000000,2019,2057,2057
1745869672.785253,-0.228099,0.028143,-0.043149,-5.385784,0.185117,-0.107925,-3.044200,-0.338120,-0.334359,-9.262739,-2.203098,-0.082016,-9.250964,-2.164580,0.418452,-0.925096,0.000000,0.000000,1891,2057,2057
1745869672.790265,-0.228099,0.028143,-0.043149,-5.385784,0.185117,-0.107925,-4.541842,0.145265,0.123378,-13.806057,-1.368638,1.082608,-13.767658,-1.088382,1.364592,-1.376766,0.000000,0.000000,1827,2057,2057
1745869672.795251,-0.228099,0.028143,-0.043149,-5.385784,0.185117,-0.107925,-4.927186,0.431369,0.396038,-14.979718,-0.874381,1.760701,-14.925871,-0.453592,1.913574,-1.492587,0.000000,0.000000,1810,2057,2057
1745869672.800253,-0.276882,0.029661,-0.044517,-5.414232,0.208234,-0.106172,-5.267013,1.126932,0.563777,-16.023790,0.197948,2.081512,-15.965989,0.759405,1.948979,-1.596599,0.000000,0.000000,1795,2057,2057
1745869672.805258,-0.276882,0.029661,-0.044517,-5.414232,0.208234,-0.106172,-4.836000,1.428842,0.600766,-14.721072,0.750432,2.124992,-14.666511,1.302732,1.839729,-1.466651,0.000000,0.000000,1814,2057,2057
1745869672.810252,-0.375463,0.032250,-0.047783,-5.488306,0.186615,-0.135938,-5.784591,0.915230,-0.177967,-17.549026,-0.373003,-0.400050,-17.556620,-0.493718,-0.235523,-1.755662,0.000000,0.000000,1772,2057,2057
1745869672.815265,-0.375463,0.032250,-0.047783,-5.488306,0.186615,-0.135938,-5.677292,0.476775,-0.650665,-17.208241,-1.129000,-1.508580,-17.240163,-1.603553,-0.989996,-1.724016,0.000000,0.000000,1777,2057,2057
1745869672.820256,-0.425787,0.033347,-0.049636,-5.541547,0.187895,-0.142029,-6.215796,0.173818,-1.017214,-18.816579,-1.740279,-2.558625,-18.870334,-2.641704,-1.612272,-1.887033,0.000000,0.000000,1754,2057,2057
1745869672.825258,-0.425787,0.033347,-0.049636,-5.541547,0.187895,-0.142029,-5.797132,-0.039666,-1.125356,-17.546894,-2.130885,-2.803119,-17.602695,-3.098419,-1.673636,-1.760269,0.000000,0.000000,1772,2057,2057
1745869672.830254,-0.476040,0.034522,-0.051611,-5.620537,0.229673,-0.140940,-6.756438,0.853033,-1.029186,-20.469670,-0.734335,-2.730704,-20.541871,-1.904071,-2.091822,-2.054187,0.000000,0.000000,1730,2057,2057
1745869672.835267,-0.476040,0.034522,-0.051611,-5.620537,0.229673,-0.140940,-6.536378,1.315206,-0.841806,-19.810452,0.133751,-2.371197,-19.885356,-0.967753,-2.170145,-1.988536,0.000000,0.000000,1739,2057,2057
1745869672.840256,-0.525917,0.035626,-0.053426,-5.591864,0.226486,-0.118443,-4.896031,1.366680,-0.070907,-14.868889,0.293258,-0.651345,-14.894214,-0.073351,-0.710993,-1.489421,0.000000,0.000000,1811,2057,2057
1745869672.845256,-0.576627,0.036631,-0.055235,-5.688823,0.221827,-0.106703,-5.632354,1.118148,0.714540,-17.117156,-0.279473,1.125925,-17.076982,0.379570,1.096974,-1.707698,0.000000,0.000000,1779,2057,2057
1745869672.850270,-0.576627,0.036631,-0.055235,-5.688823,0.221827,-0.106703,-5.407472,0.823152,1.124947,-16.455310,-0.960292,2.141480,-16.370333,0.362515,2.320324,-1.637033,0.000000,0.000000,1789,2057,2057
1745869672.855257,-0.576627,0.036631,-0.055235,-5.688823,0.221827,-0.106703,-4.603666,0.536941,1.245005,-14.030654,-1.561616,2.448817,-13.924222,0.025981,2.906200,-1.392422,0.000000,0.000000,1824,2057,2057
1745869672.860256,-0.627213,0.037693,-0.057261,-5.469275,0.182352,-0.134753,1.847676,-0.677445,0.481929,5.543993,-3.580975,0.168667,5.628398,-2.800404,2.239796,0.562840,0.000000,0.000000,2136,2057,2057
1745869672.865272,-0.627213,0.037693,-0.057261,-5.469275,0.182352,-0.134753,5.714053,-1.364738,-0.061464,17.256325,-4.868226,-1.108073,17.330236,-4.591956,1.961341,1.733024,0.000000,0.000000,2302,2057,2057
1745869672.870259,-0.678337,0.038443,-0.059494,-5.649663,0.230849,-0.143176,3.034433,-0.444126,-0.601097,9.165871,-3.342241,-2.714007,9.165258,-4.305364,-0.015930,0.916526,0.000000,0.000000,2187,2057,2057
1745869672.875257,-0.728181,0.039007,-0.061528,-5.495668,0.159710,-0.148253,4.735167,-1.548105,-0.994512,14.376601,-4.884472,-3.543107,14.400257,-6.003686,0.606613,1.440026,0.000000,0.000000,2261,2057,2057
1745869672.880262,-0.728181,0.039007,-0.061528,-5.495668,0.159710,-0.148253,5.231726,-2.057439,-1.121737,15.882128,-5.943985,-3.735139,15.927708,-6.922292,1.168829,1.592771,0.000000,0.000000,2282,2057,2057
1745869672.885257,-0.728181,0.039007,-0.061528,-5.495668,0.159710,-0.148253,4.904265,-2.126874,-1.064626,14.889187,-6.106487,-3.577030,14.943594,-6.938358,1.395159,1.494359,0.000000,0.000000,2268,2057,2057
1745869672.890258,-0.778586,0.039546,-0.063922,-5.540416,0.217464,-0.149520,3.000311,-0.495565,-0.929206,9.118033,-3.091873,-3.785284,9.097323,-4.859431,-0.523840,0.909732,0.000000,0.000000,2186,2057,2057
1745869672.895260,-0.877515,0.039890,-0.068396,-5.457616,0.188558,-0.132081,3.457362,-0.111074,-0.302158,10.499295,-1.858217,-2.540821,10.491532,-3.141801,-0.194649,1.049153,0.000000,0.000000,2205,2057,2057
1745869672.900279,-0.877515,0.039890,-0.068396,-5.457616,0.188558,-0.132081,3.322014,0.146544,0.132867,10.070077,-1.373607,-1.673013,10.069572,-2.164627,-0.012659,1.006957,0.000000,0.000000,2199,2057,2057
1745869672.905261,-0.877515,0.039890,-0.068396,-5.457616,0.188558,-0.132081,2.830144,0.290093,0.389309,8.571127,-1.108083,-1.139839,8.576070,-1.584847,0.123954,0.857607,0.000000,0.000000,2178,2057,2057
1745869672.910259,-0.926995,0.039986,-0.070744,-5.469550,0.210417,-0.150549,1.880087,0.881193,0.052493,5.735132,0.288810,-2.297422,5.670720,-1.664168,-1.611290,0.567072,0.000000,0.000000,2137,2057,2057
1745869672.915258,-0.975068,0.039982,-0.072912,-5.319942,0.191104,-0.133901,4.713342,0.674289,0.240729,14.294298,0.152956,-1.828097,14.248199,-1.427364,-1.153296,1.424820,0.000000,0.000000,2258,2057,2057
1745869672.920265,-0.975068,0.039982,-0.072912,-5.319942,0.191104,-0.133901,5.930603,0.460462,0.330484,17.969507,-0.361434,-1.659490,17.944226,-1.576431,-0.632491,1.794423,0.000000,0.000000,2311,2057,2057
1745869672.925260,-1.023997,0.039914,-0.075275,-5.431300,0.217772,-0.134916,3.245705,0.921900,0.321710,9.862233,0.671145,-1.926067,9.799344,-1.296268,-1.576013,0.979934,0.000000,0.000000,2195,2057,2057
1745869672.930259,-1.023997,0.039914,-0.075275,-5.431300,0.217772,-0.134916,1.148458,1.101316,0.276797,3.524195,1.099345,-1.949506,3.446212,-1.093644,-1.954266,0.344621,0.000000,0.000000,2106,2057,2057
1745869672.935273,-1.023997,0.039914,-0.075275,-5.431300,0.217772,-0.134916,-0.323511,1.079905,0.214298,-0.923127,1.056855,-1.998214,-1.000671,-1.157343,-1.943288,-0.100067,0.000000,0.000000,2009,2057,2057
1745869672.940261,-1.072015,0.039597,-0.077415,-5.298411,0.175208,-0.152865,2.038838,-0.106100,-0.289885,6.266656,-1.081483,-2.764091,6.251898,-2.944665,-0.372789,0.625190,0.000000,0.000000,2145,2057,2057
1745869672.945262,-1.121196,0.039378,-0.079859,-5.460992,0.223370,-0.132753,-0.694640,0.334160,-0.081670,-2.011482,-0.302821,-2.589597,-2.045078,-2.463853,-0.853388,-0.204508,0.000000,0.000000,1994,2057,2057
1745869672.950261,-1.121196,0.039378,-0.079859,-5.460992,0.223370,-0.132753,-2.337645,0.571558,0.059967,-6.985271,0.246163,-2.277506,-7.033002,-1.944185,-1.212457,-0.703300,0.000000,0.000000,1923,2057,2057
1745869672.955265,-1.121196,0.039378,-0.079859,-5.460992,0.223370,-0.132753,-3.091538,0.651830,0.142308,-9.268413,0.425160,-2.095623,-9.319382,-1.702585,-1.294681,-0.931938,0.000000,0.000000,1890,2057,2057
1745869672.960264,-1.168868,0.038711,-0.082057,-5.285812,0.216442,-0.174086,1.102215,0.452918,-0.835578,3.502395,0.564839,-4.287804,3.417296,-3.725141,-2.198835,0.341730,0.000000,0.000000,2105,2057,2057
1745869672.965204,-1.217463,0.038341,-0.084360,-5.373655,0.215978,-0.123007,1.464048,0.262545,-0.109335,4.525976,-0.023991,-2.650364,4.491660,-2.494938,-0.895247,0.449166,0.000000,0.000000,2120,2057,2057
1745869672.970293,-1.217463,0.038341,-0.084360,-5.373655,0.215978,-0.123007,1.520562,0.105597,0.379500,4.673068,-0.487196,-1.711080,4.667890,-1.773960,-0.135080,0.466789,0.000000,0.000000,2123,2057,2057
1745869672.975269,-1.265203,0.037506,-0.086562,-5.294730,0.216347,-0.170079,3.291069,0.005068,-0.515029,10.116426,-0.166746,-3.648698,10.081201,-3.529815,-0.939385,1.008120,0.000000,0.000000,2199,2057,2057
1745869672.980269,-1.265203,0.037506,-0.086562,-5.294730,0.216347,-0.170079,4.017190,-0.059562,-1.021832,12.335685,-0.261834,-4.615123,12.292953,-4.480072,-1.139602,1.229295,0.000000,0.000000,2231,2057,2057
1745869672.985265,-1.361108,0.035815,-0.090949,-5.334031,0.222545,-0.152514,3.022095,0.058639,-0.786988,9.313652,0.305370,-4.040079,9.272818,-3.888020,-1.140375,0.927282,0.000000,0.000000,2188,2057,2057
1745869672.990263,-1.361108,0.035815,-0.090949,-5.334031,0.222545,-0.152514,2.022601,0.126263,-0.542080,6.280446,0.454171,-3.555836,6.238009,-3.383410,-1.185149,0.623801,0.000000,0.000000,2145,2057,2057
1745869672.995265,-1.361108,0.035815,-0.090949,-5.334031,0.222545,-0.152514,1.141996,0.153614,-0.320610,3.607748,0.502456,-3.115847,3.566900,-2.943008,-1.140761,0.356690,0.000000,0.000000,2107,2057,2057
1745869673.000278,-1.409254,0.034804,-0.092992,-5.222147,0.193019,-0.159844,3.191691,-0.573120,-0.320895,9.798809,-1.022038,-2.795158,9.818278,-2.923151,0.559496,0.981828,0.000000,0.000000,2196,2057,2057
1745869673.005271,-1.409254,0.034804,-0.092992,-5.222147,0.193019,-0.159844,4.090443,-0.960277,-0.281718,12.514424,-2.018093,-2.736016,12.568453,-3.024985,1.552697,1.256845,0.000000,0.000000,2235,2057,2057
1745869673.010267,-1.409254,0.034804,-0.092992,-5.222147,0.193019,-0.159844,4.159480,-1.088012,-0.222483,12.720466,-2.350263,-2.622925,12.786543,-2.966793,1.898941,1.278654,0.000000,0.000000,2238,2057,2057
1745869673.015264,-1.457424,0.033778,-0.095197,-5.426391,0.228028,-0.128659,-1.307355,-0.178455,0.605902,-3.847305,-0.125730,-1.234842,-3.847804,-1.241139,-0.014783,-0.384780,0.000000,0.000000,1969,2057,2057
1745869673.020267,-1.457424,0.033778,-0.095197,-5.426391,0.228028,-0.128659,-4.608816,0.419341,1.056213,-13.849586,1.390360,-0.316497,-13.897476,-0.157174,-1.418048,-1.389748,0.000000,0.000000,1825,2057,2057
1745869673.025268,-1.505175,0.032647,-0.097098,-5.229505,0.181787,-0.169969,-1.306242,-0.387289,0.199108,-3.824333,-0.129570,-1.428156,-3.823170,-1.433579,0.035659,-0.382317,0.000000,0.000000,1969,2057,2057
1745869673.030265,-1.505175,0.032647,-0.097098,-5.229505,0.181787,-0.169969,0.940827,-0.849617,-0.366933,2.994177,-1.306817,-2.518629,3.031370,-2.598902,1.139453,0.303137,0.000000,0.000000,2100,2057,2057
1745869673.035271,-1.554186,0.031516,-0.099340,-5.487568,0.239187,-0.132580,-4.080244,0.369429,0.236414,-12.201505,1.780106,-1.778912,-12.258548,-1.749100,-1.810305,-1.225855,0.000000,0.000000,1848,2057,2057
1745869673.040272,-1.554186,0.031516,-0.099340,-5.487568,0.239187,-0.132580,-6.751569,1.094194,0.588553,-20.293980,3.652869,-1.049836,-20.409674,-0.989019,-3.671625,-2.040967,0.000000,0.000000,1732,2057,2057
1745869673.045267,-1.603483,0.030213,-0.101301,-5.397333,0.210175,-0.136100,-5.403947,0.707984,0.652747,-16.237136,2.872881,-0.553253,-16.323369,-0.646844,-2.854569,-1.632337,0.000000,0.000000,1790,2057,2057
1745869673.050271,-1.603483,0.030213,-0.101301,-5.397333,0.210175,-0.136100,-3.887649,0.376393,0.613512,-11.649957,2.013980,-0.686192,-11.710114,-0.751643,-1.991388,-1.171011,0.000000,0.000000,1856,2057,2057
1745869673.055273,-1.653296,0.028779,-0.103222,-5.516907,0.225228,-0.140096,-5.383222,0.489617,0.415540,-16.152888,2.563657,-1.030805,-16.223993,-1.238559,-2.471017,-1.622399,0.000000,0.000000,1791,2057,2057
1745869673.060275,-1.653296,0.028779,-0.103222,-5.516907,0.225228,-0.140096,-5.669154,0.501202,0.239380,-17.011190,2.587319,-1.334972,-17.082252,-1.543641,-2.469532,-1.708225,0.000000,0.000000,1779,2057,2057
1745869673.065273,-1.702474,0.027410,-0.105041,-5.497283,0.237503,-0.127621,-4.674689,0.747742,0.404254,-14.009541,3.348868,-1.045939,-14.096796,-1.476583,-3.183743,-1.409680,0.000000,0.000000,1822,2057,2057
1745869673.070268,-1.752040,0.025987,-0.106846,-5.459234,0.183413,-0.130665,-2.542822,-0.511765,0.384532,-7.600279,0.121534,-0.569243,-7.600719,-0.581826,-0.016941,-0.760072,0.000000,0.000000,1915,2057,2057
1745869673.075233,-1.801159,0.024408,-0.108729,-5.477616,0.249654,-0.111942,-1.340144,0.369870,0.780945,-3.936892,2.688293,-0.316423,-3.999024,-0.921885,-2.545787,-0.399902,0.000000,0.000000,1966,2057,2057
1745869673.080270,-1.801159,0.024408,-0.108729,-5.477616,0.249654,-0.111942,-0.402247,0.891698,0.940260,-1.105659,4.031415,-0.002361,-1.201465,-0.922796,-3.925550,-0.120146,0.000000,0.000000,2006,2057,2057
1745869673.085277,-1.801159,0.024408,-0.108729,-5.477616,0.249654,-0.111942,0.235471,1.108688,0.923970,0.823425,4.581374,-0.030023,0.714702,-1.075300,-4.454822,0.071470,0.000000,0.000000,2067,2057,2057
1745869673.090271,-1.849327,0.023050,-0.110276,-5.232385,0.184002,-0.122192,6.609627,-0.496800,0.549665,20.068289,0.280266,-0.237619,20.063583,-0.305518,-0.204187,2.006358,0.000000,0.000000,2341,2057,2057
1745869673.095274,-1.849327,0.023050,-0.110276,-5.232385,0.184002,-0.122192,9.841875,-1.453936,0.245031,29.854804,-2.178253,-1.007176,29.909471,-0.369463,2.371850,2.990947,0.000000,0.000000,2480,2057,2057
1745869673.100272,-1.897057,0.021288,-0.111995,-5.302190,0.251157,-0.116462,8.967767,-0.235768,0.162962,27.259811,1.316503,-1.388422,27.242734,-1.737123,-0.802242,2.724273,0.000000,0.000000,2442,2057,2057
1745869673.105272,-1.943046,0.019744,-0.113283,-5.075743,0.183827,-0.130226,12.864287,-1.085418,-0.246138,39.003165,-1.171752,-1.586511,39.036114,-1.051672,1.668859,3.903611,0.000000,0.000000,2609,2057,2057
1745869673.110278,-1.943046,0.019744,-0.113283,-5.075743,0.183827,-0.130226,13.754303,-1.490401,-0.475042,41.701520,-2.212596,-2.102925,41.757324,-1.154151,2.826469,4.175732,0.000000,0.000000,2648,2057,2057
1745869673.115270,-1.943046,0.019744,-0.113283,-5.075743,0.183827,-0.130226,12.631121,-1.563196,-0.561172,38.306289,-2.404829,-2.249112,38.366678,-1.220408,3.058751,3.836668,0.000000,0.000000,2600,2057,2057
1745869673.120272,-1.989329,0.018026,-0.114646,-5.150460,0.209996,-0.113128,8.542019,-0.776685,-0.128062,25.939107,-0.209798,-1.336963,25.952359,-1.136298,0.735178,2.595236,0.000000,0.000000,2424,2057,2057
1745869673.125272,-2.082690,0.014422,-0.116931,-5.152821,0.194932,-0.129510,4.852451,-0.553402,-0.239943,14.758263,0.330151,-0.908220,14.760528,-0.953521,0.157058,1.476053,0.000000,0.000000,2266,2057,2057
1745869673.130277,-2.082690,0.014422,-0.116931,-5.152821,0.194932,-0.129510,1.921468,-0.344177,-0.281355,5.892283,0.826637,-0.897669,5.888231,-1.187515,-0.281002,0.588823,0.000000,0.000000,2140,2057,2057
1745869673.135274,-2.130475,0.012673,-0.118175,-5.272711,0.213904,-0.083012,-3.100434,0.294702,0.865650,-9.309075,2.669333,1.335014,-9.346726,-0.285861,-2.971077,-0.934673,0.000000,0.000000,1890,2057,2057
1745869673.140270,-2.130475,0.012673,-0.118175,-5.272711,0.213904,-0.083012,-5.896916,0.662667,1.485097,-17.778833,3.667077,2.698223,-17.836371,0.339641,-4.540464,-1.783637,0.000000,0.000000,1768,2057,2057
1745869673.145275,-2.130475,0.012673,-0.118175,-5.272711,0.213904,-0.083012,-6.946812,0.814690,1.695745,-20.958351,4.069946,3.168801,-21.023382,0.524532,-5.131750,-2.102338,0.000000,0.000000,1723,2057,2057
1745869673.150293,-2.130475,0.012673,-0.118175,-5.272711,0.213904,-0.083012,-6.757637,0.810824,1.620633,-20.384903,4.045310,3.014123,-20.448630,0.406534,-5.028743,-2.044863,0.000000,0.000000,1731,2057,2057
1745869673.155278,-2.177113,0.010991,-0.119035,-5.173425,0.167307,-0.107923,-3.385294,-0.429211,0.766355,-10.204919,0.587792,1.577697,-10.220111,0.961526,-1.382146,-1.022011,0.000000,0.000000,1877,2057,2057
1745869673.160277,-2.177113,0.010991,-0.119035,-5.173425,0.167307,-0.107923,-0.830734,-1.164142,0.130372,-2.467634,-1.258705,0.087628,-2.456814,0.789274,0.984469,-0.245681,0.000000,0.000000,1988,2057,2057
1745869673.165282,-2.225757,0.008967,-0.120259,-5.450537,0.234614,-0.101486,-5.906913,0.163727,-0.130564,-17.779979,2.368950,-0.279713,-17.795298,-1.664826,-1.708436,-1.779530,0.000000,0.000000,1769,2057,2057
1745869673.170280,-2.272712,0.007148,-0.120845,-5.164757,0.212025,-0.117755,-1.388765,0.428863,-0.677771,-4.134598,2.489881,-1.046409,-4.143359,-2.406716,-1.225673,-0.414336,0.000000,0.000000,1964,2057,2057
1745869673.175277,-2.320275,0.005278,-0.121748,-5.215797,0.170880,-0.087286,0.388876,-0.463433,-0.194837,1.215126,0.241768,-0.225028,1.215001,-0.329437,-0.023683,0.121500,0.000000,0.000000,2074,2057,2057
1745869673.180273,-2.320275,0.005278,-0.121748,-5.215797,0.170880,-0.087286,1.465587,-0.971082,0.134430,4.470735,-0.807860,0.363577,4.472549,0.816515,0.343704,0.447255,0.000000,0.000000,2120,2057,2057
1745869673.185292,-2.320275,0.005278,-0.121748,-5.215797,0.170880,-0.087286,1.969956,-1.174472,0.327219,5.995515,-1.214679,0.730212,5.997583,1.362056,0.391742,0.599758,0.000000,0.000000,2142,2057,2057
1745869673.190280,-2.320275,0.005278,-0.121748,-5.215797,0.170880,-0.087286,2.044883,-1.158059,0.408092,6.221675,-1.160124,0.907863,6.222894,1.454939,0.230777,0.622289,0.000000,0.000000,2145,2057,2057
1745869673.195283,-2.320275,0.005278,-0.121748,-5.215797,0.170880,-0.087286,1.842392,-1.006022,0.409536,5.608980,-0.823225,0.946610,5.608757,1.253788,-0.042249,0.560876,0.000000,0.000000,2136,2057,2057
1745869673.200279,-2.410692,0.001620,-0.122864,-5.004992,0.168783,-0.110979,6.649174,-0.838152,-0.219689,20.134960,-0.798939,0.026508,20.135792,0.612564,0.513587,2.013579,0.000000,0.000000,2342,2057,2057
1745869673.205361,-2.456189,-0.000336,-0.123285,-5.088146,0.190328,-0.094707,6.845196,-0.089228,-0.192153,20.738514,0.954423,0.251482,20.738782,-0.579695,-0.798824,2.073878,0.000000,0.000000,2350,2057,2057
1745869673.210278,-2.502173,-0.002255,-0.123256,-5.113669,0.184812,-0.137389,5.511305,0.244125,-1.180151,16.670598,1.125648,-1.486257,16.669423,-1.790162,0.520929,1.666942,0.000000,0.000000,2293,2057,2057
1745869673.215290,-2.502173,-0.002255,-0.123256,-5.113669,0.184812,-0.137389,3.980091,0.430995,-1.678861,12.036884,1.403623,-2.597415,12.034074,-2.676281,1.246695,1.203407,0.000000,0.000000,2227,2057,2057
1745869673.220279,-2.549391,-0.004216,-0.123441,-5.260608,0.184658,-0.098514,-1.062700,0.491945,-0.836476,-3.205660,1.761643,-0.864918,-3.204540,-1.944448,-0.265699,-0.320454,0.000000,0.000000,1978,2057,2057
1745869673.225281,-2.549391,-0.004216,-0.123441,-5.260608,0.184658,-0.098514,-4.132909,0.470480,-0.199635,-12.490902,1.851151,0.604119,-12.484431,-1.198712,-1.534552,-1.248443,0.000000,0.000000,1845,2057,2057
1745869673.230278,-2.597174,-0.006254,-0.123615,-5.249135,0.200896,-0.103581,-5.286229,0.796962,0.103227,-15.980891,2.505462,1.528910,-15.964595,-1.351390,-2.605555,-1.596460,0.000000,0.000000,1795,2057,2057
1745869673.235344,-2.597174,-0.006254,-0.123615,-5.249135,0.200896,-0.103581,-5.369888,0.907419,0.284605,-16.232640,2.762547,1.980798,-16.213094,-1.337265,-3.125273,-1.621309,0.000000,0.000000,1792,2057,2057
1745869673.240277,-2.645465,-0.008245,-0.123941,-5.389088,0.182691,-0.076636,-8.146494,0.423955,1.012198,-24.624100,1.825613,3.486470,-24.591652,0.054140,-3.935284,-2.459165,0.000000,0.000000,1672,2057,2057
1745869673.245283,-2.645465,-0.008245,-0.123941,-5.389088,0.182691,-0.076636,-8.952253,0.060723,1.359169,-27.058663,1.177844,4.244559,-27.023260,0.984678,-4.293630,-2.702326,0.000000,0.000000,1637,2057,2057
1745869673.250280,-2.645465,-0.008245,-0.123941,-5.389088,0.182691,-0.076636,-8.363463,-0.175959,1.411547,-25.277058,0.723303,4.331072,-25.242812,1.425598,-4.153335,-2.524281,0.000000,0.000000,1662,2057,2057
1745869673.255280,-2.645465,-0.008245,-0.123941,-5.389088,0.182691,-0.076636,-6.966808,-0.304238,1.271886,-21.053199,0.445549,3.983778,-21.022562,1.504544,-3.715681,-2.102256,0.000000,0.000000,1723,2057,2057
1745869673.260284,-2.691556,-0.010110,-0.123994,-5.144531,0.231112,-0.088488,0.768034,0.839164,0.736931,2.347646,2.621855,3.265643,2.388905,-0.940249,-4.081199,0.238890,0.000000,0.000000,2091,2057,2057
1745869673.265290,-2.737901,-0.011948,-0.124085,-5.048566,0.134876,-0.082683,7.919685,-0.901071,0.450506,23.953629,-1.439850,2.055624,23.969458,2.131593,-1.324885,2.396946,0.000000,0.000000,2396,2057,2057
1745869673.270284,-2.782277,-0.013949,-0.123858,-4.934679,0.235945,-0.107618,14.247746,0.584901,-0.395541,43.082034,1.467088,0.863573,43.100507,-1.069735,-1.324429,4.310051,0.000000,0.000000,2667,2057,2057
1745869673.275287,-2.782277,-0.013949,-0.123858,-4.934679,0.235945,-0.107618,16.514695,1.455238,-0.883418,49.932841,3.032830,-0.184876,49.945303,-2.904156,-0.893462,4.994530,0.000000,0.000000,2764,2057,2057
1745869673.280283,-2.825287,-0.015216,-0.123112,-4.717744,0.108849,-0.147052,21.234200,-1.284725,-2.048655,64.155002,-3.222412,-3.810485,64.084640,1.877273,4.624341,6.408464,0.000000,0.000000,2964,2057,2057
1745869673.285283,-2.868721,-0.017082,-0.122634,-4.843607,0.130412,-0.095386,18.539728,-2.334222,-1.269856,56.032697,-4.651680,-2.114661,55.976490,3.909674,3.290520,5.597649,0.000000,0.000000,2849,2057,2057
1745869673.290286,-2.868721,-0.017082,-0.122634,-4.843607,0.130412,-0.095386,14.562241,-2.712207,-0.621398,44.012795,-5.273363,-0.594252,43.978739,4.918104,1.993717,4.397874,0.000000,0.000000,2679,2057,2057
1745869673.295283,-2.912325,-0.018690,-0.121767,-4.809526,0.194319,-0.141607,11.100690,-1.054005,-1.267414,33.492065,-2.515013,-1.611478,33.452048,2.082972,2.141257,3.345205,0.000000,0.000000,2530,2057,2057
1745869673.300288,-2.912325,-0.018690,-0.121767,-4.809526,0.194319,-0.141607,7.546809,0.125943,-1.521471,22.737340,-0.391805,-2.212708,22.695398,-0.121316,2.244243,2.269540,0.000000,0.000000,2378,2057,2057
1745869673.305287,-2.912325,-0.018690,-0.121767,-4.809526,0.194319,-0.141607,4.377213,0.855660,-1.495377,13.150537,0.939101,-2.138013,13.115608,-1.400421,1.868970,1.311561,0.000000,0.000000,2242,2057,2057
1745869673.310283,-2.999946,-0.021919,-0.120722,-4.763898,0.157074,-0.097412,2.954983,0.300484,-0.214047,8.896742,0.058299,0.628730,8.910568,0.031045,-0.630815,0.891057,0.000000,0.000000,2183,2057,2057
1745869673.315324,-3.044536,-0.023588,-0.120091,-4.953662,0.195268,-0.093739,-3.004885,0.852372,0.721135,-9.114413,1.039537,3.133746,-9.038451,-0.730970,-3.220630,-0.903845,0.000000,0.000000,1894,2057,2057
1745869673.320283,-3.044536,-0.023588,-0.120091,-4.953662,0.195268,-0.093739,-6.333452,1.090278,1.212855,-19.169560,1.485871,4.327181,-19.064553,-1.059553,-4.452042,-1.906455,0.000000,0.000000,1751,2057,2057
1745869673.325286,-3.044536,-0.023588,-0.120091,-4.953662,0.195268,-0.093739,-7.694567,1.110038,1.380221,-23.282204,1.528168,4.724758,-23.167765,-1.063125,-4.851959,-2.316776,0.000000,0.000000,1692,2057,2057
1745869673.330282,-3.087508,-0.024902,-0.119381,-4.749363,0.136666,-0.092841,-2.610033,-0.448066,1.338797,-7.893602,-1.425349,4.252340,-7.789764,1.653138,-4.170363,-0.778976,0.000000,0.000000,1912,2057,2057
1745869673.335291,-3.087508,-0.024902,-0.119381,-4.749363,0.136666,-0.092841,0.934827,-1.381360,1.148384,2.822942,-3.094590,3.833162,2.914107,3.297278,-3.661404,0.291411,0.000000,0.000000,2098,2057,2057
1745869673.340300,-3.087508,-0.024902,-0.119381,-4.749363,0.136666,-0.092841,3.061250,-1.801642,0.886808,9.247387,-3.850608,3.204175,9.321891,4.018189,-2.992261,0.932189,0.000000,0.000000,2189,2057,2057
1745869673.345290,-3.130839,-0.026479,-0.118406,-4.797473,0.165039,-0.109492,2.848597,-1.151778,0.206366,8.568038,-2.941417,1.605013,8.609707,2.958505,-1.573843,0.860971,0.000000,0.000000,2179,2057,2057
1745869673.350286,3.109045,-0.027777,-0.117354,-4.774620,0.154043,-0.104376,2.925309,-0.868449,-0.124778,8.793804,-2.485898,0.628092,8.813494,2.464143,-0.708928,0.881349,0.000000,0.000000,2182,2057,2057
1745869673.355286,3.109045,-0.027777,-0.117354,-4.774620,0.154043,-0.104376,2.615834,-0.582691,-0.319249,7.851834,-1.973663,0.111475,7.856714,1.968990,-0.175710,0.785671,0.000000,0.000000,2168,2057,2057
1745869673.360283,3.066801,-0.029057,-0.116342,-4.654417,0.142567,-0.101709,5.043071,-0.611748,-0.337763,15.194987,-2.050028,-0.004387,15.199312,2.044625,-0.148870,1.519931,0.000000,0.000000,2272,2057,2057
1745869673.365296,3.023529,-0.030510,-0.115220,-4.802566,0.166971,-0.103149,2.325944,0.044277,-0.343418,6.963830,-1.030717,-0.051334,6.965980,1.029589,-0.070464,0.696598,0.000000,0.000000,2155,2057,2057
1745869673.370297,3.023529,-0.030510,-0.115220,-4.802566,0.166971,-0.103149,0.326862,0.452509,-0.304797,0.919043,-0.299398,-0.040117,0.918904,0.302039,0.004574,0.091890,0.000000,0.000000,2070,2057,2057
1745869673.375288,3.023529,-0.030510,-0.115220,-4.802566,0.166971,-0.103149,-0.974409,0.654736,-0.243152,-3.014452,0.060848,0.064588,-3.012713,-0.068032,-0.056998,-0.301271,0.000000,0.000000,1981,2057,2057
1745869673.380287,2.981287,-0.031507,-0.114130,-4.688793,0.156326,-0.110731,1.106498,0.442160,-0.360087,3.274338,-0.396179,-0.349233,3.265465,0.446843,0.281657,0.326547,0.000000,0.000000,2103,2057,2057
1745869673.385302,2.938268,-0.032857,-0.112936,-4.799184,0.159861,-0.106417,-0.421845,0.339816,-0.284011,-1.347139,-0.649393,-0.266049,-1.351394,0.689739,0.129508,-0.135139,0.000000,0.000000,2004,2057,2057
1745869673.390293,2.938268,-0.032857,-0.112936,-4.799184,0.159861,-0.106417,-1.330850,0.233802,-0.201354,-4.092975,-0.848151,-0.078312,-4.089867,0.846493,-0.094617,-0.408987,0.000000,0.000000,1965,2057,2057
1745869673.395288,2.938268,-0.032857,-0.112936,-4.799184,0.159861,-0.106417,-1.744196,0.138070,-0.124385,-5.340092,-1.028297,0.111932,-5.329663,0.984513,-0.317438,-0.532966,0.000000,0.000000,1947,2057,2057
1745869673.400290,2.852752,-0.034934,-0.110226,-4.750570,0.149776,-0.112083,-0.601164,-0.186605,-0.199258,-1.884321,-1.720622,-0.299723,-1.877234,1.734718,-0.202920,-0.187723,0.000000,0.000000,1997,2057,2057
1745869673.405290,2.809902,-0.036004,-0.108887,-4.721796,0.158578,-0.104474,0.900304,-0.153390,-0.035754,2.658864,-1.702841,0.126107,2.683132,1.568959,-0.674186,0.268313,0.000000,0.000000,2095,2057,2057
1745869673.410288,2.809902,-0.036004,-0.108887,-4.721796,0.158578,-0.104474,1.739215,-0.113610,0.071984,5.199872,-1.645117,0.423902,5.233605,1.417407,-0.937122,0.523360,0.000000,0.000000,2131,2057,2057
1745869673.415324,2.809902,-0.036004,-0.108887,-4.721796,0.158578,-0.104474,2.059491,-0.074242,0.131784,6.170672,-1.580506,0.580960,6.208995,1.305173,-1.064662,0.620899,0.000000,0.000000,2145,2057,2057
1745869673.420297,2.809902,-0.036004,-0.108887,-4.721796,0.158578,-0.104474,2.006246,-0.040607,0.152861,6.010447,-1.520507,0.626908,6.049632,1.233482,-1.088583,0.604963,0.000000,0.000000,2142,2057,2057
1745869673.425293,2.767660,-0.036946,-0.107456,-4.708120,0.168795,-0.119314,2.062851,0.235848,-0.215601,6.155911,-1.127644,-0.485961,6.154415,1.227233,0.040503,0.615441,0.000000,0.000000,2144,2057,2057
1745869673.430290,2.767660,-0.036946,-0.107456,-4.708120,0.168795,-0.119314,1.846328,0.381974,-0.422439,5.492323,-0.819221,-1.030536,5.467925,1.139044,0.660530,0.546793,0.000000,0.000000,2134,2057,2057
1745869673.435293,2.725253,-0.037814,-0.106001,-4.698231,0.161046,-0.115826,1.725439,0.237769,-0.416174,5.132635,-1.044078,-1.124747,5.109692,1.409753,0.606859,0.510969,0.000000,0.000000,2129,2057,2057
1745869673.440294,2.684289,-0.038412,-0.104583,-4.453078,0.120462,-0.119133,7.444856,-0.877024,-0.442230,22.452877,-2.939111,-0.965728,22.469449,3.063504,-0.431530,2.246945,0.000000,0.000000,2375,2057,2057
1745869673.445293,2.642741,-0.039357,-0.102982,-4.615173,0.162032,-0.098665,6.178107,-0.456071,0.096880,18.622058,-2.410256,0.334571,18.679033,1.956459,-1.448028,1.867903,0.000000,0.000000,2321,2057,2057
1745869673.450296,2.642741,-0.039357,-0.102982,-4.615173,0.162032,-0.098665,4.619107,-0.133724,0.426247,13.922130,-1.834363,0.995511,13.991110,1.134544,-1.753140,1.399111,0.000000,0.000000,2255,2057,2057
1745869673.455293,2.601593,-0.039645,-0.101323,-4.536973,0.145662,-0.156800,4.983320,-0.314549,-0.841269,14.979250,-2.106334,-2.485129,14.937657,3.084314,1.049401,1.493766,0.000000,0.000000,2268,2057,2057
1745869673.460302,2.601593,-0.039645,-0.101323,-4.536973,0.145662,-0.156800,4.603202,-0.390659,-1.541988,13.798470,-2.117222,-4.151823,13.700396,3.950560,2.474461,1.370040,0.000000,0.000000,2251,2057,2057
1745869673.465297,2.601593,-0.039645,-0.101323,-4.536973,0.145662,-0.156800,3.799223,-0.390741,-1.794654,11.356182,-2.064545,-4.788445,11.235375,4.232688,3.048032,1.123537,0.000000,0.000000,2216,2057,2057
1745869673.470336,2.560815,-0.040062,-0.099644,-4.548005,0.135994,-0.139242,2.545065,-0.581323,-1.301029,7.593506,-2.379076,-3.596964,7.525290,3.962554,1.703222,0.752529,0.000000,0.000000,2163,2057,2057
1745869673.475294,2.519263,-0.040435,-0.097842,-4.596590,0.141955,-0.142269,0.275015,-0.483570,-0.909035,0.746777,-2.293668,-2.898386,0.705593,3.553213,1.018791,0.070559,0.000000,0.000000,2067,2057,2057
1745869673.480302,2.519263,-0.040435,-0.097842,-4.596590,0.141955,-0.142269,-1.213516,-0.362075,-0.547170,-3.737198,-2.116565,-2.156268,-3.758163,2.976710,0.518633,-0.375816,0.000000,0.000000,1970,2057,2057
1745869673.485292,2.519263,-0.040435,-0.097842,-4.596590,0.141955,-0.142269,-2.002317,-0.241230,-0.252290,-6.108714,-1.928721,-1.536404,-6.113733,2.462745,0.124157,-0.611373,0.000000,0.000000,1936,2057,2057
1745869673.490296,2.436447,-0.041287,-0.094472,-4.646753,0.172644,-0.101008,-3.488227,0.617553,0.977600,-10.564662,-0.410685,1.064538,-10.520178,-0.377230,-1.077766,-1.052018,0.000000,0.000000,1873,2057,2057
1745869673.495302,2.436447,-0.041287,-0.094472,-4.646753,0.172644,-0.101008,-3.999798,1.084872,1.635424,-12.081193,0.435248,2.415609,-12.016855,-1.897112,-1.558753,-1.201686,0.000000,0.000000,1852,2057,2057
1745869673.500293,2.436447,-0.041287,-0.094472,-4.646753,0.172644,-0.101008,-3.832635,1.246666,1.849916,-11.566015,0.729894,2.870151,-11.495267,-2.416099,-1.714054,-1.149527,0.000000,0.000000,1859,2057,2057
1745869673.505296,2.396317,-0.041528,-0.092949,-4.364293,0.135430,-0.115281,3.666762,0.284463,1.409737,11.118218,-0.879379,2.306943,11.213444,-0.918252,-2.293725,1.121344,0.000000,0.000000,2216,2057,2057
1745869673.510303,2.396317,-0.041528,-0.092949,-4.364293,0.135430,-0.115281,7.962333,-0.359328,0.958175,24.085214,-2.178799,1.660453,24.197315,0.475126,-2.700202,2.419732,0.000000,0.000000,2399,2057,2057
1745869673.515308,2.355985,-0.041998,-0.091258,-4.433927,0.129947,-0.095396,7.991768,-0.856541,1.042811,24.181108,-3.192392,1.997843,24.335342,0.843904,-3.673467,2.433534,0.000000,0.000000,2401,2057,2057
1745869673.520296,2.318161,-0.041872,-0.089681,-4.198282,0.134904,-0.133083,12.792501,-0.943909,0.047387,38.657177,-3.173690,-0.190153,38.749291,2.296657,-2.200527,3.874929,0.000000,0.000000,2605,2057,2057
1745869673.525298,2.318161,-0.041872,-0.089681,-4.198282,0.134904,-0.133083,14.276049,-0.883959,-0.590349,43.110326,-2.901868,-1.504382,43.156661,3.075861,-1.106899,4.315666,0.000000,0.000000,2668,2057,2057
1745869673.530300,2.279305,-0.041921,-0.087878,-4.266622,0.125267,-0.131983,11.789052,-0.973865,-0.894240,35.582903,-2.935106,-2.274012,35.614321,3.636612,-0.749678,3.561432,0.000000,0.000000,2561,2057,2057
1745869673.535303,2.279305,-0.041921,-0.087878,-4.266622,0.125267,-0.131983,8.770477,-0.911339,-0.976837,26.452727,-2.765497,-2.614824,26.469441,3.785037,-0.398813,2.646944,0.000000,0.000000,2431,2057,2057
1745869673.540299,2.279305,-0.041921,-0.087878,-4.266622,0.125267,-0.131983,5.789746,-0.760227,-0.909362,17.444173,-2.430576,-2.654799,17.449129,3.597458,-0.118237,1.744913,0.000000,0.000000,2304,2057,2057
1745869673.545298,2.198804,-0.041293,-0.084221,-4.081817,0.127544,-0.126100,7.721272,-0.515743,-0.611236,23.302831,-1.815413,-1.944889,23.316314,2.640420,-0.326623,2.331631,0.000000,0.000000,2387,2057,2057
1745869673.550299,2.162054,-0.041216,-0.082394,-4.211715,0.241753,-0.112921,4.814493,2.500773,-0.024773,14.473732,4.423535,-1.941237,14.277652,-0.854011,4.758695,1.427765,0.000000,0.000000,2259,2057,2057
1745869673.555303,2.162054,-0.041216,-0.082394,-4.211715,0.241753,-0.112921,2.384537,4.103153,0.349414,7.140973,8.099247,-1.638784,6.825994,-3.153982,7.644281,0.682599,0.000000,0.000000,2153,2057,2057
1745869673.560297,2.125999,-0.040724,-0.081216,-3.871702,0.054075,-0.158574,8.879789,0.019055,-0.574455,26.839822,0.040705,-1.773771,26.800314,1.485883,0.970378,2.680031,0.000000,0.000000,2436,2057,2057
1745869673.565303,2.089442,-0.040223,-0.079372,-4.101952,0.113357,-0.136889,6.264101,-1.119477,-0.558142,18.919425,-2.987736,-1.828144,18.987382,3.068761,-1.689972,1.898738,0.000000,0.000000,2326,2057,2057
1745869673.570384,2.089442,-0.040223,-0.079372,-4.101952,0.113357,-0.136889,3.804902,-1.710599,-0.478118,11.490079,-4.409361,-1.675340,11.610774,3.640757,-3.001447,1.161077,0.000000,0.000000,2221,2057,2057
1745869673.575296,2.089442,-0.040223,-0.079372,-4.101952,0.113357,-0.136889,1.845089,-1.860633,-0.371014,5.570618,-4.783321,-1.530520,5.707273,3.700355,-3.398337,0.570727,0.000000,0.000000,2138,2057,2057
1745869673.580301,2.050815,-0.039706,-0.077538,-4.165726,0.137142,-0.150897,-1.212524,-1.150594,-0.600348,-3.682188,-3.087146,-2.482873,-3.618955,3.627905,-1.592933,-0.361896,0.000000,0.000000,1972,2057,2057
1745869673.585300,2.012252,-0.038596,-0.075967,-4.371154,0.118888,-0.185079,-8.027674,-1.008216,-1.508974,-24.307067,-2.313538,-4.731330,-24.304354,5.266214,-0.070303,-2.430435,0.000000,0.000000,1676,2057,2057
1745869673.590306,2.012252,-0.038596,-0.075967,-4.371154,0.118888,-0.185079,-11.359139,-0.794430,-1.899349,-34.398858,-1.714928,-5.681484,-34.432721,5.869517,0.877584,-3.443272,0.000000,0.000000,1531,2057,2057
1745869673.595302,1.970528,-0.038186,-0.073952,-4.655897,0.169280,-0.119358,-19.040681,0.671529,-0.304019,-57.595612,1.233969,-3.263361,-57.687558,2.525870,2.408452,-5.768756,0.000000,0.000000,1198,2057,2057
1745869673.600298,1.970528,-0.038186,-0.073952,-4.655897,0.169280,-0.119358,-21.571530,1.516829,0.742446,-65.199872,3.153697,-1.527753,-65.333574,0.179984,3.502188,-6.533357,0.000000,0.000000,1089,2057,2057
1745869673.605305,1.970528,-0.038186,-0.073952,-4.655897,0.169280,-0.119358,-20.532245,1.866912,1.315007,-62.031182,3.921424,-0.444747,-62.175800,-1.116421,3.788124,-6.217580,0.000000,0.000000,1134,2057,2057
1745869673.610298,1.930607,-0.037560,-0.072353,-4.417259,0.142633,-0.116899,-11.523344,1.206951,1.575012,-34.769701,2.537533,0.830571,-34.847961,-1.670842,2.084067,-3.484796,0.000000,0.000000,1525,2057,2057
1745869673.615328,1.930607,-0.037560,-0.072353,-4.417259,0.142633,-0.116899,-4.361713,0.637668,1.546945,-13.116228,1.110911,1.198740,-13.139440,-1.513126,0.618136,-1.313944,0.000000,0.000000,1836,2057,2057
1745869673.620304,1.888857,-0.037378,-0.070325,-4.638285,0.208517,-0.096915,-4.745313,1.810521,1.826967,-14.289183,3.769185,1.082243,-14.410407,-2.206682,3.243957,-1.441041,0.000000,0.000000,1817,2057,2057
1745869673.625309,1.848920,-0.036553,-0.068913,-4.389916,0.142705,-0.125180,1.680055,0.723137,1.089333,5.140119,1.693427,0.586357,5.086459,-1.028758,1.468348,0.508646,0.000000,0.000000,2129,2057,2057
1745869673.630302,1.848920,-0.036553,-0.068913,-4.389916,0.142705,-0.125180,5.527882,-0.051414,0.490584,16.748267,-0.197925,-0.247737,16.752739,0.292558,-0.122384,1.675274,0.000000,0.000000,2294,2057,2057
1745869673.635307,1.848920,-0.036553,-0.068913,-4.389916,0.142705,-0.125180,7.291092,-0.536295,0.050822,22.060132,-1.373156,-0.919259,22.099188,1.260937,-1.068718,2.209919,0.000000,0.000000,2370,2057,2057
1745869673.640298,1.848920,-0.036553,-0.068913,-4.389916,0.142705,-0.125180,7.510780,-0.776476,-0.232762,22.711731,-1.946402,-1.403136,22.766086,1.883605,-1.487366,2.276609,0.000000,0.000000,2379,2057,2057
1745869673.645300,1.848920,-0.036553,-0.068913,-4.389916,0.142705,-0.125180,6.731209,-0.833811,-0.384146,20.347719,-2.071926,-1.711146,20.403396,2.214241,-1.523526,2.040340,0.000000,0.000000,2346,2057,2057
1745869673.650301,1.848920,-0.036553,-0.068913,-4.389916,0.142705,-0.125180,5.413179,-0.767854,-0.432775,16.360129,-1.897394,-1.869257,16.408081,2.318358,-1.312151,1.640808,0.000000,0.000000,2289,2057,2057
1745869673.655301,1.768480,-0.034926,-0.065070,-4.304809,0.202663,-0.138599,6.001654,0.836917,-0.739254,18.140990,2.306334,-2.940356,18.041799,2.430128,2.840632,1.804180,0.000000,0.000000,2312,2057,2057
1745869673.660317,1.768480,-0.034926,-0.065070,-4.304809,0.202663,-0.138599,5.637545,1.752176,-0.842854,17.034538,4.656107,-3.224895,16.852892,2.247632,5.201963,1.685289,0.000000,0.000000,2295,2057,2057
1745869673.665325,1.768480,-0.034926,-0.065070,-4.304809,0.202663,-0.138599,4.714000,2.113940,-0.804478,14.243271,5.578660,-3.227828,14.029999,2.069320,6.107677,1.403000,0.000000,0.000000,2255,2057,2057
1745869673.670341,1.768480,-0.034926,-0.065070,-4.304809,0.202663,-0.138599,3.548901,2.082749,-0.681141,10.725727,5.489193,-3.052698,10.516722,1.915172,5.985483,1.051672,0.000000,0.000000,2206,2057,2057
1745869673.675312,1.691921,-0.033186,-0.062144,-4.350775,0.191246,-0.120170,1.266651,1.530726,-0.071905,3.850318,4.240720,-1.777964,3.703431,1.252537,4.426916,0.370343,0.000000,0.000000,2109,2057,2057
1745869673.680305,1.652405,-0.031989,-0.060703,-4.305660,0.136285,-0.163029,0.762966,-0.351549,-0.723707,2.320619,-0.180961,-2.439172,2.320028,2.445806,0.018488,0.232003,0.000000,0.000000,2090,2057,2057
1745869673.685305,1.611494,-0.030724,-0.059057,-4.689501,0.216192,-0.135039,-9.054924,0.456341,-0.362480,-27.353053,1.836864,-2.861511,-27.413038,2.784406,1.952690,-2.741304,0.000000,0.000000,1631,2057,2057
1745869673.690310,1.611494,-0.030724,-0.059057,-4.689501,0.216192,-0.135039,-14.158798,0.911735,-0.089393,-42.777210,3.009575,-2.581812,-42.872857,2.457225,3.113598,-4.287286,0.000000,0.000000,1410,2057,2057
1745869673.695306,1.569627,-0.029598,-0.057465,-4.541884,0.159173,-0.141541,-12.032160,-0.308354,-0.065244,-36.349678,0.004638,-1.832775,-36.349752,1.832779,0.002496,-3.634975,0.000000,0.000000,1503,2057,2057
1745869673.700312,1.569627,-0.029598,-0.057465,-4.541884,0.159173,-0.141541,-9.209325,-1.044090,-0.041938,-27.812087,-1.898674,-1.685123,-27.755815,1.682903,-1.901476,-2.775581,0.000000,0.000000,1626,2057,2057
1745869673.705307,1.526338,-0.028507,-0.055740,-4.998476,0.259986,-0.104636,-17.475281,1.087118,0.881128,-52.776068,3.666043,-1.244679,-52.878922,1.406382,3.608569,-5.287892,0.000000,0.000000,1267,2057,2057
1745869673.710311,1.526338,-0.028507,-0.055740,-4.998476,0.259986,-0.104636,-20.575664,2.305241,1.358463,-62.134788,6.824150,-0.481286,-62.328573,0.784101,6.798779,-6.232857,0.000000,0.000000,1132,2057,2057
1745869673.715306,1.481820,-0.027405,-0.054090,-4.796409,0.153567,-0.122453,-15.066960,0.187281,1.057251,-45.497533,1.451827,0.257806,-45.537802,-0.127779,1.469544,-4.553780,0.000000,0.000000,1372,2057,2057
1745869673.720314,1.437712,-0.026320,-0.052199,-4.889779,0.237527,-0.081327,-12.015934,0.880633,1.745770,-36.245387,3.345804,0.961470,-36.336048,-0.509008,3.444990,-3.633605,0.000000,0.000000,1504,2057,2057
1745869673.725309,1.437712,-0.026320,-0.052199,-4.889779,0.237527,-0.081327,-8.619123,1.209841,1.965869,-25.964299,4.208683,1.489399,-26.079319,-0.917773,4.370611,-2.607932,0.000000,0.000000,1650,2057,2057
1745869673.730309,1.437712,-0.026320,-0.052199,-4.889779,0.237527,-0.081327,-5.413099,1.270239,1.864638,-16.271145,4.360737,1.417699,-16.389883,-0.826531,4.511856,-1.638988,0.000000,0.000000,1789,2057,2057
1745869673.735317,1.356253,-0.024307,-0.049035,-4.236655,0.163724,-0.072988,13.308947,-0.658376,1.776349,40.334319,-0.677158,2.639120,40.336745,-2.722782,-0.099790,4.033674,0.000000,0.000000,2628,2057,2057
1745869673.740309,1.317927,-0.023039,-0.047639,-4.344106,0.213345,-0.093778,20.846918,-0.579194,0.994594,63.137959,-0.164888,1.189562,63.134780,-1.192984,0.138000,6.313478,0.000000,0.000000,2950,2057,2057
1745869673.745315,1.317927,-0.023039,-0.047639,-4.344106,0.213345,-0.093778,23.078339,-0.458026,0.376687,69.869532,0.077671,0.134525,69.867024,-0.110815,0.108885,6.986702,0.000000,0.000000,3046,2057,2057
1745869673.750310,1.281935,-0.021833,-0.047590,-3.777262,-0.062963,-0.124745,35.533435,-7.088747,-0.817302,107.427326,-17.690850,-0.651777,107.801672,-4.414666,-17.147648,10.780167,0.000000,0.000000,3583,2057,2057
1745869673.755311,1.281935,-0.021833,-0.047590,-3.777262,-0.062963,-0.124745,39.073427,-10.421299,-1.473601,118.112807,-26.171745,-2.178479,118.674166,-5.367096,-25.714109,11.867417,0.000000,0.000000,3737,2057,2057
1745869673.760309,1.242066,-0.020236,-0.046491,-4.543662,0.198683,-0.108231,17.755771,-4.843398,-1.303502,53.727448,-10.924167,-3.527309,53.959753,-0.188347,-11.480323,5.395975,0.000000,0.000000,2821,2057,2057
1745869673.765314,1.202034,-0.018670,-0.045924,-4.458587,0.114317,-0.144220,4.163801,-2.785624,-1.918463,12.570505,-6.111691,-4.000989,12.703882,1.528992,-7.144274,1.270388,0.000000,0.000000,2237,2057,2057
1745869673.770308,1.202034,-0.018670,-0.045924,-4.458587,0.114317,-0.144220,-4.924825,-1.145665,-2.071624,-14.923110,-2.075404,-4.251700,-14.858345,3.217774,-3.469061,-1.485835,0.000000,0.000000,1811,2057,2057
1745869673.775319,1.202034,-0.018670,-0.045924,-4.458587,0.114317,-0.144220,-10.089700,0.035787,-1.914767,-30.541179,0.874752,-3.895941,-30.530192,3.949348,-0.588491,-3.053019,0.000000,0.000000,1587,2057,2057
1745869673.780312,1.158578,-0.017257,-0.044172,-4.936335,0.255821,-0.029233,-23.791352,4.236672,1.231454,-71.874785,12.220370,1.043834,-72.075249,3.939605,11.616658,-7.207525,0.000000,0.000000,992,2057,2057
1745869673.785312,1.116756,-0.016324,-0.042810,-4.490173,0.125796,-0.034683,-18.634728,3.195543,2.941943,-56.289969,9.099686,5.392068,-56.462080,-0.854631,10.544094,-5.646208,0.000000,0.000000,1216,2057,2057
1745869673.790317,1.116756,-0.016324,-0.042810,-4.490173,0.125796,-0.034683,-13.086243,2.144803,3.663692,-39.492665,6.680037,6.714723,-39.638747,-3.104537,8.949502,-3.963875,0.000000,0.000000,1456,2057,2057
1745869673.795314,1.116756,-0.016324,-0.042810,-4.490173,0.125796,-0.034683,-7.979389,1.218548,3.670498,-24.045482,4.435150,6.665318,-24.158276,-4.044745,6.910121,-2.415828,0.000000,0.000000,1678,2057,2057
1745869673.800314,1.075532,-0.015564,-0.041165,-4.667832,0.233317,0.032885,-8.122463,3.117330,4.880856,-24.439752,9.826030,8.586470,-24.637845,-2.884788,12.727748,-2.463784,0.000000,0.000000,1671,2057,2057
1745869673.805314,1.075532,-0.015564,-0.041165,-4.667832,0.233317,0.032885,-7.217937,3.936425,5.048488,-21.699264,11.828901,9.087982,-21.928498,-2.374147,14.728553,-2.192850,0.000000,0.000000,1710,2057,2057
1745869673.810316,1.075532,-0.015564,-0.041165,-4.667832,0.233317,0.032885,-5.761103,3.972293,4.535885,-17.302001,11.820112,8.115357,-17.523918,-1.522566,14.258510,-1.752392,0.000000,0.000000,1773,2057,2057
1745869673.815314,1.034375,-0.014484,-0.040260,-4.626077,0.162712,-0.082218,-3.112015,1.779102,0.837210,-9.358995,5.617342,1.704994,-9.441555,1.405302,5.700305,-0.944155,0.000000,0.000000,1889,2057,2057
1745869673.820336,1.034375,-0.014484,-0.040260,-4.626077,0.162712,-0.082218,-1.045681,0.166440,-1.616400,-3.153461,1.299636,-3.469730,-3.143956,3.646579,-0.656228,-0.314396,0.000000,0.000000,1979,2057,2057
1745869673.825314,0.948157,-0.010999,-0.039042,-4.808110,0.159900,-0.120043,-4.064465,-0.932022,-3.876973,-12.316580,-1.733183,-7.996220,-12.249804,5.484908,-6.071548,-1.224980,0.000000,0.000000,1848,2057,2057
1745869673.830317,0.904656,-0.009446,-0.038051,-4.839802,0.206811,-0.049259,-6.267505,-0.367716,-3.107975,-18.935555,0.039243,-6.975942,-18.895126,5.508825,-4.280162,-1.889513,0.000000,0.000000,1753,2057,2057
1745869673.835319,0.904656,-0.009446,-0.038051,-4.839802,0.206811,-0.049259,-6.891783,0.034131,-2.240719,-20.814012,1.145417,-5.081627,-20.792856,4.703057,-2.239780,-2.079286,0.000000,0.000000,1726,2057,2057
1745869673.840315,0.863351,-0.008257,-0.036978,-4.489344,0.161849,-0.020672,2.138099,-0.816980,-0.718523,6.496806,-0.855660,-1.957268,6.512678,0.931484,-1.922405,0.651268,0.000000,0.000000,2149,2057,2057
1745869673.845316,0.822301,-0.007072,-0.035805,-4.578336,0.212717,0.006872,5.413525,-0.009395,1.008302,16.448913,1.766466,1.726902,16.431448,-0.063180,2.469596,1.643145,0.000000,0.000000,2289,2057,2057
1745869673.850318,0.822301,-0.007072,-0.035805,-4.578336,0.212717,0.006872,6.822094,0.502667,1.977162,20.718620,3.120051,3.942978,20.683476,-0.765764,4.969571,2.068348,0.000000,0.000000,2350,2057,2057
1745869673.855261,0.822301,-0.007072,-0.035805,-4.578336,0.212717,0.006872,6.875696,0.761702,2.342972,20.884001,3.776198,4.790587,20.841377,-0.940286,6.027195,2.084138,0.000000,0.000000,2352,2057,2057
1745869673.860315,0.783239,-0.005877,-0.035233,-4.298945,0.123502,-0.072954,12.988695,-1.372858,0.316768,39.310032,-2.185126,0.792910,39.315790,-2.107910,-0.979913,3.931579,0.000000,0.000000,2613,2057,2057
1745869673.865328,0.783239,-0.005877,-0.035233,-4.298945,0.123502,-0.072954,15.194372,-2.535677,-0.988138,45.973216,-5.017104,-2.309812,46.003638,-1.925528,-5.176855,4.600364,0.000000,0.000000,2708,2057,2057
1745869673.870317,0.742635,-0.004219,-0.035201,-4.597580,0.158480,-0.117941,7.418343,-2.101145,-2.787671,22.440063,-4.254742,-5.918464,22.470595,0.867829,-7.237323,2.247059,0.000000,0.000000,2375,2057,2057
1745869673.875324,0.742635,-0.004219,-0.035201,-4.597580,0.158480,-0.117941,1.570967,-1.567933,-3.589492,4.746328,-3.292515,-7.606171,4.779359,2.717972,-7.829956,0.477936,0.000000,0.000000,2124,2057,2057
1745869673.880318,0.701591,-0.002636,-0.035384,-4.571035,0.126026,-0.135800,-1.658806,-1.833752,-4.092297,-5.043318,-4.275149,-8.701190,-5.018524,2.350609,-9.405470,-0.501852,0.000000,0.000000,1952,2057,2057
1745869673.885321,0.658772,-0.000966,-0.035150,-4.771140,0.176615,-0.059419,-8.408861,-0.537649,-2.037669,-25.409234,-0.497591,-4.308426,-25.405649,2.243919,-3.711465,-2.540565,0.000000,0.000000,1660,2057,2057
1745869673.890318,0.658772,-0.000966,-0.035150,-4.771140,0.176615,-0.059419,-11.642587,0.346960,-0.490130,-35.190643,1.684410,-0.579001,-35.191196,1.686372,0.573263,-3.519120,0.000000,0.000000,1520,2057,2057
1745869673.895318,0.658772,-0.000966,-0.035150,-4.771140,0.176615,-0.059419,-12.263550,0.864260,0.549151,-37.068146,2.990137,1.910225,-37.071373,1.195098,3.340903,-3.707137,0.000000,0.000000,1493,2057,2057
1745869673.900313,0.658772,-0.000966,-0.035150,-4.771140,0.176615,-0.059419,-11.155324,1.085483,1.138876,-33.714778,3.580691,3.308250,-33.719422,0.806279,4.807889,-3.371942,0.000000,0.000000,1541,2057,2057
1745869673.905321,0.616083,0.000677,-0.034343,-4.664765,0.210683,-0.025827,-6.475144,1.928633,2.197499,-19.533893,5.765582,5.862774,-19.528399,1.317810,8.116493,-1.952840,0.000000,0.000000,1744,2057,2057
1745869673.910322,0.616083,0.000677,-0.034343,-4.664765,0.210683,-0.025827,-2.725669,2.224309,2.596224,-8.190849,6.457294,6.847352,-8.184540,1.313419,9.319756,-0.818454,0.000000,0.000000,1907,2057,2057
1745869673.915316,0.534709,0.003345,-0.033043,-4.540835,0.164822,-0.047792,3.009015,1.016433,1.992738,9.117117,3.203509,5.541685,9.138525,-0.067636,6.400674,0.913852,0.000000,0.000000,2186,2057,2057
1745869673.920320,0.493907,0.004929,-0.033380,-4.576221,0.131145,-0.132159,5.408142,-0.699293,-0.702145,16.336010,-1.432045,-0.719151,16.329542,-0.919970,-1.312108,1.632954,0.000000,0.000000,2288,2057,2057
1745869673.925327,0.493907,0.004929,-0.033380,-4.576221,0.131145,-0.132159,6.262594,-1.699316,-2.321520,18.930558,-3.701790,-4.811837,18.901024,-0.978235,-5.991741,1.890102,0.000000,0.000000,2324,2057,2057
1745869673.930319,0.452170,0.006462,-0.034011,-4.617476,0.112870,-0.133512,5.024904,-2.568284,-3.090645,15.191066,-5.664067,-6.899118,15.134974,-2.080480,-8.680681,1.513497,0.000000,0.000000,2271,2057,2057
1745869673.935341,0.452170,0.006462,-0.034011,-4.617476,0.112870,-0.133512,3.619422,-2.806173,-3.200781,10.939992,-6.143564,-7.199276,10.880802,-2.380644,-9.160185,1.088080,0.000000,0.000000,2211,2057,2057
1745869673.940324,0.409338,0.008085,-0.034429,-4.739404,0.123572,-0.091783,-0.681320,-2.349820,-1.858551,-2.059224,-4.723374,-4.007290,-2.104147,-2.738239,-5.556321,-0.210415,0.000000,0.000000,1994,2057,2057
1745869673.945323,0.365848,0.009901,-0.034330,-4.860710,0.195038,-0.057304,-6.303531,-0.022123,0.066107,-19.060073,0.537537,1.319280,-19.045971,0.030002,1.424340,-1.904597,0.000000,0.000000,1751,2057,2057
1745869673.950322,0.365848,0.009901,-0.034330,-4.860710,0.195038,-0.057304,-9.087215,1.452711,1.275238,-27.495649,3.502144,4.579498,-27.440903,1.632097,5.529563,-2.744090,0.000000,0.000000,1631,2057,2057
1745869673.955324,0.365848,0.009901,-0.034330,-4.860710,0.195038,-0.057304,-9.735458,2.208014,1.884146,-29.463946,5.018427,6.214780,-29.388709,2.463025,7.599163,-2.938871,0.000000,0.000000,1603,2057,2057
1745869673.960322,0.322240,0.011637,-0.034094,-4.798358,0.183187,-0.041839,-7.425487,2.124725,2.417037,-22.485592,4.789357,7.451255,-22.385687,2.183084,8.585061,-2.238569,0.000000,0.000000,1703,2057,2057
1745869673.965328,0.279700,0.013125,-0.034057,-4.674968,0.122957,-0.047074,-2.025731,0.334274,2.329872,-6.167191,1.013996,6.723555,-6.078695,-0.881563,6.742778,-0.607870,0.000000,0.000000,1937,2057,2057
1745869673.970321,0.279700,0.013125,-0.034057,-4.674968,0.122957,-0.047074,1.628569,-0.836091,1.989523,4.893224,-1.186113,5.668325,4.960435,-2.704858,5.121039,0.496044,0.000000,0.000000,2127,2057,2057
1745869673.975353,0.279700,0.013125,-0.034057,-4.674968,0.122957,-0.047074,3.757788,-1.479297,1.527599,11.341553,-2.428550,4.392062,11.388161,-3.546678,3.551242,1.138816,0.000000,0.000000,2218,2057,2057
1745869673.980324,0.236339,0.014834,-0.034565,-4.889451,0.180551,-0.113766,-0.599841,-0.296065,-0.572138,-1.847364,-0.895309,-0.115985,-1.852147,-0.843263,-0.322429,-0.185215,0.000000,0.000000,1997,2057,2057
1745869673.985322,0.236339,0.014834,-0.034565,-4.889451,0.180551,-0.113766,-3.304099,0.494098,-1.840727,-10.007427,0.417050,-3.216514,-10.052368,1.158587,-3.029783,-1.005237,0.000000,0.000000,1880,2057,2057
1745869673.990360,0.236339,0.014834,-0.034565,-4.889451,0.180551,-0.113766,-4.620745,0.936963,-2.422505,-13.981016,1.165903,-4.628800,-14.043725,2.217303,-4.227602,-1.404372,0.000000,0.000000,1823,2057,2057
1745869673.995328,0.191974,0.016323,-0.035573,-4.863473,0.112537,-0.154337,-4.240564,-0.558276,-3.474932,-12.820251,-2.251195,-7.776241,-12.951873,-0.726158,-8.063983,-1.295187,0.000000,0.000000,1838,2057,2057
1745869674.000324,0.191974,0.016323,-0.035573,-4.863473,0.112537,-0.154337,-3.482364,-1.443787,-3.723335,-10.521725,-3.876478,-8.501424,-10.670030,-2.183222,-9.086079,-1.067003,0.000000,0.000000,1871,2057,2057
1745869674.005325,0.101201,0.019557,-0.037202,-5.044922,0.153463,-0.083217,-7.021966,-0.824946,-1.682168,-21.237331,-2.051967,-3.147123,-21.302628,-1.723519,-3.338967,-2.130263,0.000000,0.000000,1719,2057,2057
1745869674.010324,0.055129,0.021423,-0.037628,-5.183293,0.227002,-0.058690,-11.789930,1.469067,0.415545,-35.704699,2.289065,2.897948,-35.639999,2.125907,3.020368,-3.564000,0.000000,0.000000,1514,2057,2057
1745869674.015329,0.055129,0.021423,-0.037628,-5.183293,0.227002,-0.058690,-13.363158,2.741374,1.692739,-40.493841,4.592361,6.270295,-40.354277,4.239884,6.515308,-4.035428,0.000000,0.000000,1446,2057,2057
1745869674.020327,0.007780,0.023385,-0.038141,-5.195684,0.197941,-0.070868,-13.022165,2.497039,1.993435,-39.481393,3.827692,6.793970,-39.321794,3.774721,6.825409,-3.932179,0.000000,0.000000,1461,2057,2057
1745869674.025325,-0.038914,0.024995,-0.038945,-5.175667,0.175320,-0.101776,-10.722426,1.482847,1.182788,-32.519423,1.584124,4.385424,-32.411411,1.753535,4.321825,-3.241141,0.000000,0.000000,1560,2057,2057
1745869674.030335,-0.038914,0.024995,-0.038945,-5.175667,0.175320,-0.101776,-7.948223,0.657703,0.523548,-24.110457,0.124314,2.617523,-24.045189,0.226052,2.611521,-2.404519,0.000000,0.000000,1680,2057,2057
1745869674.035324,-0.038914,0.024995,-0.038945,-5.175667,0.175320,-0.101776,-5.228967,0.057911,0.044586,-15.872608,-0.936691,1.313710,-15.838879,-0.884873,1.349578,-1.583888,0.000000,0.000000,1797,2057,2057
1745869674.040327,-0.085012,0.026395,-0.040298,-5.114111,0.163116,-0.140713,-1.353995,-0.629134,-1.219513,-4.128971,-2.552713,-2.273052,-4.183043,-2.736498,-2.048808,-0.418304,0.000000,0.000000,1964,2057,2057
1745869674.045326,-0.131589,0.027745,-0.041648,-5.218261,0.171834,-0.144298,-1.290999,-0.772559,-1.956523,-3.919012,-2.925340,-4.217359,-4.024387,-3.453406,-3.798529,-0.402439,0.000000,0.000000,1966,2057,2057
1745869674.050347,-0.131589,0.027745,-0.041648,-5.218261,0.171834,-0.144298,-1.092197,-0.768669,-2.184161,-3.310766,-2.904973,-4.809693,-3.432511,-3.510935,-4.388642,-0.343251,0.000000,0.000000,1975,2057,2057
1745869674.055327,-0.179383,0.029141,-0.043169,-5.316018,0.183650,-0.135446,-3.219419,-0.383707,-1.843098,-9.753320,-2.283690,-3.902714,-9.853378,-2.943377,-3.434088,-0.985338,0.000000,0.000000,1883,2057,2057
1745869674.060326,-0.179383,0.029141,-0.043169,-5.316018,0.183650,-0.135446,-4.179162,-0.092157,-1.401450,-12.669931,-1.792289,-2.763023,-12.739856,-2.256515,-2.399922,-1.273986,0.000000,0.000000,1841,2057,2057
1745869674.065377,-0.179383,0.029141,-0.043169,-5.316018,0.183650,-0.135446,-4.275702,0.105645,-0.945695,-12.976414,-1.470724,-1.607599,-13.014873,-1.733957,-1.319954,-1.301487,0.000000,0.000000,1837,2057,2057
1745869674.070327,-0.227565,0.030708,-0.044517,-5.357336,0.189152,-0.102079,-4.813511,0.348239,0.260731,-14.631343,-0.966760,1.478997,-14.580383,-0.608165,1.659756,-1.458038,0.000000,0.000000,1815,2057,2057
1745869674.075334,-0.227565,0.030708,-0.044517,-5.357336,0.189152,-0.102079,-4.574429,0.461788,1.004065,-13.933470,-0.833011,3.353091,-13.827354,-0.055058,3.456206,-1.382735,0.000000,0.000000,1826,2057,2057
1745869674.080332,-0.276774,0.032210,-0.045857,-5.439629,0.208910,-0.100784,-5.877845,0.960628,1.381619,-17.899045,-0.172459,4.238380,-17.766159,0.992257,4.126341,-1.776616,0.000000,0.000000,1769,2057,2057
1745869674.085377,-0.276774,0.032210,-0.045857,-5.439629,0.208910,-0.100784,-5.984123,1.160524,1.452055,-18.222680,0.187353,4.396570,-18.088059,1.381601,4.180219,-1.808806,0.000000,0.000000,1765,2057,2057
1745869674.090338,-0.325797,0.033736,-0.047296,-5.454935,0.198174,-0.107491,-5.688187,0.881085,1.154557,-17.312648,-0.402256,3.370793,-17.200526,0.697775,3.324114,-1.720053,0.000000,0.000000,1778,2057,2057
1745869674.095331,-0.375218,0.034926,-0.049029,-5.488674,0.172713,-0.147428,-5.634207,-0.027176,-0.152600,-17.085897,-2.168858,-0.311664,-17.068257,-2.132183,0.505160,-1.706826,0.000000,0.000000,1779,2057,2057
1745869674.100334,-0.375218,0.034926,-0.049029,-5.488674,0.172713,-0.147428,-4.910381,-0.599743,-0.962739,-14.866480,-3.125140,-2.261147,-14.899972,-3.736371,-0.959131,-1.489997,0.000000,0.000000,1810,2057,2057
1745869674.105340,-0.375218,0.034926,-0.049029,-5.488674,0.172713,-0.147428,-3.849874,-0.888438,-1.357215,-11.644671,-3.608043,-3.236637,-11.703693,-4.543171,-1.690228,-1.170369,0.000000,0.000000,1856,2057,2057
1745869674.110331,-0.375218,0.034926,-0.049029,-5.488674,0.172713,-0.147428,-2.709926,-0.961676,-1.439750,-8.194431,-3.731469,-3.474762,-8.259614,-4.745278,-1.866662,-0.825961,0.000000,0.000000,1905,2057,2057
1745869674.115333,-0.425300,0.035928,-0.050875,-5.569078,0.188811,-0.143865,-3.625943,-0.495996,-1.228666,-10.973371,-3.015897,-3.059344,-11.028812,-4.009493,-1.543457,-1.102881,0.000000,0.000000,1866,2057,2057
1745869674.120343,-0.425300,0.035928,-0.050875,-5.569078,0.188811,-0.143865,-3.761135,-0.140009,-0.944037,-11.392895,-2.381173,-2.416642,-11.436706,-3.166138,-1.219685,-1.143671,0.000000,0.000000,1860,2057,2057
1745869674.125379,-0.475992,0.037030,-0.052955,-5.651678,0.213819,-0.148955,-5.420164,0.720491,-0.772127,-16.421811,-0.994490,-2.233577,-16.478478,-1.907412,-1.530644,-1.647848,0.000000,0.000000,1788,2057,2057
1745869674.130333,-0.475992,0.037030,-0.052955,-5.651678,0.213819,-0.148955,-5.786997,1.166364,-0.571061,-17.538335,-0.162229,-1.813852,-17.595309,-0.975339,-1.538940,-1.759531,0.000000,0.000000,1772,2057,2057
1745869674.135333,-0.526347,0.038084,-0.054819,-5.541025,0.200751,-0.111783,-2.608920,0.990284,0.537640,-7.960654,-0.314731,0.783107,-7.928830,0.121284,0.835832,-0.792883,0.000000,0.000000,1910,2057,2057
1745869674.140351,-0.526347,0.038084,-0.054819,-5.541025,0.200751,-0.111783,-0.270750,0.756784,1.175375,-0.919227,-0.897211,2.248332,-0.827980,0.353741,2.396493,-0.082798,0.000000,0.000000,2012,2057,2057
1745869674.145334,-0.626778,0.040356,-0.058586,-5.553918,0.217657,-0.121445,0.914484,0.930410,1.195520,2.668963,-0.689516,1.634478,2.738746,0.400229,1.729634,0.273875,0.000000,0.000000,2096,2057,2057
1745869674.150332,-0.626778,0.040356,-0.058586,-5.553918,0.217657,-0.121445,1.555556,0.927125,1.062414,4.613418,-0.665544,1.297530,4.671614,0.222012,1.442439,0.467161,0.000000,0.000000,2123,2057,2057
1745869674.155344,-0.676329,0.041248,-0.060593,-5.461913,0.214568,-0.119150,4.031069,0.735379,0.903916,12.114994,-0.887693,0.647391,12.158763,-0.287067,1.061425,1.215876,0.000000,0.000000,2229,2057,2057
1745869674.160332,-0.676329,0.041248,-0.060593,-5.461913,0.214568,-0.119150,5.093882,0.524722,0.693520,15.337646,-1.279556,0.164575,15.375998,-0.894882,0.930057,1.537600,0.000000,0.000000,2274,2057,2057
1745869674.165409,-0.725669,0.041675,-0.062793,-5.467199,0.199044,-0.167121,5.015215,-0.062293,-0.721423,15.208751,-2.153605,-3.485812,15.159614,-3.924326,-1.179397,1.515961,0.000000,0.000000,2271,2057,2057
1745869674.170335,-0.775781,0.041982,-0.065067,-5.499905,0.210108,-0.168719,3.563163,-0.145751,-1.534897,10.869667,-2.155302,-5.365939,10.772157,-5.296242,-2.323352,1.077216,0.000000,0.000000,2209,2057,2057
1745869674.175343,-0.775781,0.041982,-0.065067,-5.499905,0.210108,-0.168719,2.193329,-0.182105,-1.875435,6.745131,-2.162174,-6.036642,6.627710,-5.770823,-2.797755,0.662771,0.000000,0.000000,2151,2057,2057
1745869674.180336,-0.825316,0.042083,-0.067604,-5.553657,0.229371,-0.190286,-0.253759,0.288581,-2.387874,-0.602210,-1.104504,-7.469986,-0.781402,-6.237876,-4.259300,-0.078140,0.000000,0.000000,2012,2057,2057
1745869674.185337,-0.874460,0.042331,-0.069559,-5.384775,0.173541,-0.115862,2.364445,-0.816414,-0.596898,7.203975,-3.237238,-2.745794,7.234574,-4.182966,0.723065,0.723457,0.000000,0.000000,2159,2057,2057
1745869674.190338,-0.874460,0.042331,-0.069559,-5.384775,0.173541,-0.115862,3.730980,-1.415393,0.609258,11.271808,-4.853640,-0.130939,11.425971,-3.213635,3.642977,1.142597,0.000000,0.000000,2219,2057,2057
1745869674.195332,-0.874460,0.042331,-0.069559,-5.384775,0.173541,-0.115862,4.137155,-1.620349,1.296235,12.464093,-5.468184,1.346888,12.678375,-2.474026,5.063621,1.267837,0.000000,0.000000,2236,2057,2057
1745869674.200331,-0.874460,0.042331,-0.069559,-5.384775,0.173541,-0.115862,3.888416,-1.551989,1.572868,11.698284,-5.376532,1.929258,11.925409,-1.968447,5.367116,1.192541,0.000000,0.000000,2226,2057,2057
1745869674.205355,-0.874460,0.042331,-0.069559,-5.384775,0.173541,-0.115862,3.251778,-1.317543,1.555176,9.775342,-4.845673,1.871872,9.983658,-1.671973,4.922636,0.998366,0.000000,0.000000,2198,2057,2057
1745869674.210345,-0.874460,0.042331,-0.069559,-5.384775,0.173541,-0.115862,2.453096,-1.008675,1.353037,7.372151,-4.106229,1.416070,7.544055,-1.547376,4.062210,0.754406,0.000000,0.000000,2164,2057,2057
1745869674.215346,-0.874460,0.042331,-0.069559,-5.384775,0.173541,-0.115862,1.646389,-0.689365,1.059325,4.949393,-3.322800,0.764698,5.078144,-1.544607,3.042454,0.507814,0.000000,0.000000,2129,2057,2057
1745869674.220340,-0.972458,0.042954,-0.074101,-5.265007,0.180154,-0.133598,3.865833,-0.241615,0.310315,11.727454,-1.908642,-1.387258,11.761651,-2.221335,0.796392,1.176165,0.000000,0.000000,2223,2057,2057
1745869674.225339,-1.020455,0.042992,-0.076278,-5.219940,0.201339,-0.123008,5.903476,0.590686,0.057172,17.902310,0.094648,-2.275354,17.847650,-1.889889,-1.271809,1.784765,0.000000,0.000000,2309,2057,2057
1745869674.230339,-1.067633,0.042581,-0.078444,-5.298816,0.188765,-0.172310,4.536928,0.736720,-1.317722,13.895257,1.080989,-5.304772,13.745920,-4.126055,-3.508149,1.374592,0.000000,0.000000,2251,2057,2057
1745869674.235342,-1.067633,0.042581,-0.078444,-5.298816,0.188765,-0.172310,3.115737,0.738864,-2.026571,9.636062,1.217957,-6.627535,9.454437,-5.218832,-4.266664,0.945444,0.000000,0.000000,2191,2057,2057
1745869674.240340,-1.165795,0.041256,-0.083364,-5.566899,0.275415,-0.198400,-4.728219,2.771524,-2.864805,-13.971796,6.248715,-8.979320,-14.354925,-5.790788,-9.289143,-1.435493,0.000000,0.000000,1818,2057,2057
1745869674.245340,-1.214709,0.040712,-0.085344,-5.370975,0.173285,-0.140355,-4.313992,1.216383,-1.622344,-12.854512,2.878995,-5.109525,-13.036986,-3.785351,-4.483333,-1.303699,0.000000,0.000000,1837,2057,2057
1745869674.250336,-1.214709,0.040712,-0.085344,-5.370975,0.173285,-0.140355,-3.524147,0.084816,-0.638657,-10.519159,-0.083606,-3.130913,-10.560427,-2.963650,-1.013945,-1.056043,0.000000,0.000000,1873,2057,2057
1745869674.255342,-1.214709,0.040712,-0.085344,-5.370975,0.173285,-0.140355,-2.591663,-0.642854,0.063138,-7.737345,-1.998131,-1.749950,-7.685908,-2.336739,1.263783,-0.768591,0.000000,0.000000,1914,2057,2057
1745869674.260341,-1.264750,0.040344,-0.087932,-5.597227,0.263250,-0.120029,-7.227573,1.180344,0.996504,-21.785376,2.041757,-0.776354,-21.873406,-0.125115,-2.182566,-2.187341,0.000000,0.000000,1711,2057,2057
1745869674.265343,-1.264750,0.040344,-0.087932,-5.597227,0.263250,-0.120029,-9.275556,2.189415,1.465028,-27.998914,4.514549,0.065246,-28.171887,1.422408,-4.288599,-2.817189,0.000000,0.000000,1621,2057,2057
1745869674.270340,-1.312946,0.039694,-0.090011,-5.332748,0.202152,-0.141053,-2.956931,1.062721,1.066828,-8.869186,2.449097,-0.298667,-8.966261,0.335733,-2.446218,-0.896626,0.000000,0.000000,1895,2057,2057
1745869674.275342,-1.362008,0.038963,-0.092350,-5.470286,0.238232,-0.128433,-1.965187,1.103487,0.993330,-5.857057,2.606207,-0.790545,-5.962835,-0.233176,-2.715528,-0.596283,0.000000,0.000000,1938,2057,2057
1745869674.280339,-1.409464,0.037855,-0.094436,-5.199344,0.208355,-0.178890,5.535964,0.262585,-0.410143,16.919479,1.202876,-3.316274,16.854339,-3.079988,-1.721192,1.685434,0.000000,0.000000,2295,2057,2057
1745869674.285339,-1.409464,0.037855,-0.094436,-5.199344,0.208355,-0.178890,9.606918,-0.301903,-1.248416,29.267829,-0.181977,-4.983068,29.244317,-4.947590,-0.621276,2.924432,0.000000,0.000000,2471,2057,2057
1745869674.290354,-1.409464,0.037855,-0.094436,-5.199344,0.208355,-0.178890,11.009077,-0.622909,-1.626811,33.525171,-0.977409,-5.709745,33.526972,-5.792603,0.047577,3.352697,0.000000,0.000000,2531,2057,2057
1745869674.295341,-1.457663,0.036707,-0.096556,-5.312383,0.206850,-0.155931,7.778285,-0.785049,-1.104095,23.714869,-1.387420,-4.493567,23.746865,-4.621469,0.871849,2.374686,0.000000,0.000000,2393,2057,2057
1745869674.300342,-1.505027,0.035487,-0.098641,-5.297039,0.230287,-0.148703,5.152846,-0.217739,-0.460248,15.756149,0.146344,-3.352081,15.743143,-3.335215,-0.366565,1.574314,0.000000,0.000000,2280,2057,2057
1745869674.305347,-1.505027,0.035487,-0.098641,-5.297039,0.230287,-0.148703,2.858816,0.168107,0.003793,8.798752,1.128914,-2.431182,8.753087,-2.351731,-1.287067,0.875309,0.000000,0.000000,2181,2057,2057
1745869674.310362,-1.505027,0.035487,-0.098641,-5.297039,0.230287,-0.148703,1.054025,0.391847,0.297276,3.328350,1.697838,-1.832167,3.263928,-1.716619,-1.815725,0.326393,0.000000,0.000000,2103,2057,2057
1745869674.315349,-1.505027,0.035487,-0.098641,-5.297039,0.230287,-0.148703,-0.208986,0.484391,0.445225,-0.497313,1.932247,-1.513637,-0.569295,-1.383373,-2.028826,-0.056930,0.000000,0.000000,2015,2057,2057
1745869674.320349,-1.552788,0.034209,-0.100410,-5.267140,0.174148,-0.162724,-0.252683,-0.891398,0.141242,-0.644207,-1.304130,-1.402146,-0.600448,-1.425402,1.279418,-0.060045,0.000000,0.000000,2015,2057,2057
1745869674.325340,-1.552788,0.034209,-0.100410,-5.267140,0.174148,-0.162724,-0.249378,-1.651129,-0.067976,-0.625027,-3.268083,-1.768661,-0.514293,-1.827223,3.237599,-0.051429,0.000000,0.000000,2016,2057,2057
1745869674.330343,-1.602489,0.033097,-0.102646,-5.584076,0.241400,-0.108545,-7.986764,-0.282330,1.135846,-24.060732,0.178786,0.031065,-24.066681,0.025384,-0.179779,-2.406668,0.000000,0.000000,1679,2057,2057
1745869674.335346,-1.701498,0.030467,-0.106564,-5.620072,0.243284,-0.084975,-12.781678,0.663927,2.335466,-38.617151,3.010798,2.553770,-38.718271,2.139592,-3.319491,-3.871827,0.000000,0.000000,1470,2057,2057
1745869674.340360,-1.701498,0.030467,-0.106564,-5.620072,0.243284,-0.084975,-14.249821,1.182099,2.808770,-43.075812,4.373202,3.490982,-43.221822,2.891248,-4.793105,-4.322182,0.000000,0.000000,1405,2057,2057
1745869674.345346,-1.701498,0.030467,-0.106564,-5.620072,0.243284,-0.084975,-13.426482,1.362804,2.762020,-40.584263,4.834866,3.385597,-40.743804,2.726593,-5.237303,-4.074380,0.000000,0.000000,1441,2057,2057
1745869674.350345,-1.750221,0.028961,-0.108212,-5.327456,0.197882,-0.153930,-4.096067,0.198927,0.705883,-12.289177,2.116862,0.096957,-12.350019,-0.282382,-2.101063,-1.235002,0.000000,0.000000,1847,2057,2057
1745869674.355344,-1.750221,0.028961,-0.108212,-5.327456,0.197882,-0.153930,2.307401,-0.561633,-0.681149,7.128362,0.051982,-2.706793,7.140875,-2.672617,0.432097,0.714087,0.000000,0.000000,2158,2057,2057
1745869674.360344,-1.799074,0.027461,-0.110067,-5.394594,0.214371,-0.102893,4.431074,-0.570044,-0.224821,13.524117,-0.036167,-2.142405,13.538402,-2.078642,0.520251,1.353840,0.000000,0.000000,2248,2057,2057
1745869674.365349,-1.799074,0.027461,-0.110067,-5.394594,0.214371,-0.102893,5.232130,-0.505480,0.091605,15.935757,0.158620,-1.586510,15.941375,-1.581248,0.204599,1.594138,0.000000,0.000000,2282,2057,2057
1745869674.370347,-1.846466,0.025808,-0.111647,-5.304005,0.246884,-0.131751,7.315583,0.393592,-0.426581,22.287102,2.769581,-2.482763,22.235752,-3.142879,-1.989885,2.223575,0.000000,0.000000,2372,2057,2057
1745869674.375346,-1.893561,0.024246,-0.113150,-5.105995,0.193146,-0.125614,12.588668,-0.402207,-0.551859,38.190048,0.463899,-2.361611,38.197545,-2.386806,0.309225,3.819754,0.000000,0.000000,2597,2057,2057
1745869674.380350,-1.893561,0.024246,-0.113150,-5.105995,0.193146,-0.125614,14.383822,-0.856709,-0.563524,43.620688,-0.679398,-2.499657,43.655540,-2.155082,1.437603,4.365554,0.000000,0.000000,2675,2057,2057
1745869674.385347,-1.939845,0.022565,-0.114668,-5.188799,0.249770,-0.103527,11.727799,0.347603,0.038915,35.604325,2.728513,-1.493550,35.559050,-2.377243,-2.006549,3.555905,0.000000,0.000000,2560,2057,2057
1745869674.390345,-1.939845,0.022565,-0.114668,-5.188799,0.249770,-0.103527,8.611653,1.067264,0.415431,26.167218,4.576920,-0.585563,26.075642,-2.197164,-4.058564,2.607564,0.000000,0.000000,2426,2057,2057
1745869674.395347,-1.985970,0.021003,-0.115771,-5.024904,0.148819,-0.119192,9.600930,-1.081974,0.218956,29.091313,-1.304085,-0.333512,29.119205,0.220822,1.328113,2.911920,0.000000,0.000000,2469,2057,2057
1745869674.400354,-1.985970,0.021003,-0.115771,-5.024904,0.148819,-0.119192,9.049142,-2.309946,0.067693,27.428118,-4.344440,-0.813471,27.518515,1.007960,4.304426,2.751851,0.000000,0.000000,2446,2057,2057
1745869674.405349,-2.031970,0.019340,-0.117019,-5.227176,0.198862,-0.084090,2.640627,-1.576339,0.823257,8.053383,-2.061939,0.507788,8.084729,1.372302,1.620867,0.808473,0.000000,0.000000,2171,2057,2057
1745869674.410354,-2.031970,0.019340,-0.117019,-5.227176,0.198862,-0.084090,-1.744449,-0.918297,1.201276,-5.220956,-0.389689,1.465560,-5.226820,1.485865,-0.303251,-0.522682,0.000000,0.000000,1949,2057,2057
1745869674.415349,-2.031970,0.019340,-0.117019,-5.227176,0.198862,-0.084090,-4.298302,-0.390527,1.292726,-12.949025,0.911877,1.799401,-12.980309,1.205635,-1.617649,-1.298031,0.000000,0.000000,1838,2057,2057
1745869674.420350,-2.079565,0.017440,-0.118143,-5.165196,0.165577,-0.119240,-3.871322,-0.824046,0.330994,-11.660721,-0.428289,0.424079,-11.657800,0.578988,0.167499,-1.165780,0.000000,0.000000,1857,2057,2057
1745869674.425362,-2.079565,0.017440,-0.118143,-5.165196,0.165577,-0.119240,-3.125160,-0.997582,-0.319202,-9.389408,-0.970294,-0.908831,-9.366907,-0.321090,1.290291,-0.936691,0.000000,0.000000,1890,2057,2057
1745869674.430352,-2.174837,0.013873,-0.120204,-5.153491,0.176097,-0.108310,-1.986581,-0.727272,-0.421859,-5.948638,-0.294087,-0.969051,-5.937644,-0.630542,0.792519,-0.593764,0.000000,0.000000,1939,2057,2057
1745869674.435352,-2.174837,0.013873,-0.120204,-5.153491,0.176097,-0.108310,-1.021637,-0.466937,-0.435399,-3.029695,0.307612,-0.957870,-3.025659,-0.963087,0.290893,-0.302566,0.000000,0.000000,1980,2057,2057
1745869674.440351,-2.224060,0.011930,-0.121553,-5.463393,0.230820,-0.089308,-7.877561,1.095381,0.074820,-23.744148,4.521355,0.308091,-23.789219,-2.503338,-3.777949,-2.378922,0.000000,0.000000,1683,2057,2057
1745869674.445350,-2.270332,0.010054,-0.122172,-5.244270,0.270740,-0.125226,-5.881676,2.927562,-0.491521,-17.681948,8.678608,-0.163996,-17.747648,-5.713309,-6.535102,-1.774765,0.000000,0.000000,1770,2057,2057
1745869674.450354,-2.270332,0.010054,-0.122172,-5.244270,0.270740,-0.125226,-3.897316,3.728455,-0.789759,-11.676055,10.414369,-0.640437,-11.752023,-7.195444,-7.556494,-1.175202,0.000000,0.000000,1855,2057,2057
1745869674.455351,-2.270332,0.010054,-0.122172,-5.244270,0.270740,-0.125226,-2.166677,3.777433,-0.881342,-6.439451,10.502523,-0.844212,-6.514778,-7.408120,-7.492737,-0.651478,0.000000,0.000000,1930,2057,2057
1745869674.460350,-2.317570,0.008351,-0.122944,-5.114481,0.094794,-0.119423,2.372900,-0.963637,-0.689278,7.180704,-1.659383,-0.997437,7.196532,0.395174,1.895394,0.719653,0.000000,0.000000,2159,2057,2057
1745869674.465353,-2.317570,0.008351,-0.122944,-5.114481,0.094794,-0.119423,4.956292,-3.847322,-0.483195,14.996555,-8.002813,-1.230609,15.052582,4.532984,6.709293,1.505258,0.000000,0.000000,2270,2057,2057
1745869674.470353,-2.362907,0.006222,-0.123626,-5.105976,0.297927,-0.107635,6.189292,-0.221660,-0.005010,18.842971,1.726402,0.257472,18.834286,-1.048084,-1.395833,1.883429,0.000000,0.000000,2323,2057,2057
1745869674.475352,-2.408937,0.004568,-0.123806,-5.004293,0.112974,-0.132659,8.702372,-2.432011,-0.314938,26.318052,-4.727328,-0.357990,26.333711,3.274860,3.428020,2.633371,0.000000,0.000000,2430,2057,2057
1745869674.480363,-2.408937,0.004568,-0.123806,-5.004293,0.112974,-0.132659,9.227150,-3.534631,-0.472744,27.907084,-7.124579,-0.960999,27.932114,4.653658,5.479711,2.793211,0.000000,0.000000,2452,2057,2057
1745869674.485356,-2.454535,0.002449,-0.124344,-5.086666,0.215919,-0.096833,6.411257,-1.277128,0.362305,19.439019,-1.228087,1.227396,19.438602,1.727947,-0.169986,1.943860,0.000000,0.000000,2332,2057,2057
1745869674.490357,-2.454535,0.002449,-0.124344,-5.086666,0.215919,-0.096833,3.841603,0.310317,0.847365,11.663088,2.222723,2.686103,11.654552,-0.014719,-3.486474,1.165455,0.000000,0.000000,2222,2057,2057
1745869674.495355,-2.500761,0.000627,-0.124490,-5.131787,0.187412,-0.117163,0.642244,0.577394,0.552247,1.954745,2.298452,2.399284,1.952676,-0.407995,-3.297422,0.195268,0.000000,0.000000,2084,2057,2057
1745869674.500370,-2.500761,0.000627,-0.124490,-5.131787,0.187412,-0.117163,-1.467306,0.676010,0.297117,-4.427173,2.447361,1.835366,-4.429015,-0.864506,-2.934412,-0.442901,0.000000,0.000000,1960,2057,2057
1745869674.505355,-2.547212,-0.001390,-0.124817,-5.229889,0.183346,-0.101355,-5.009023,0.555814,0.486610,-15.141304,2.147899,2.247597,-15.137044,-0.520880,-3.064941,-1.513704,0.000000,0.000000,1807,2057,2057
1745869674.510354,-2.547212,-0.001390,-0.124817,-5.229889,0.183346,-0.101355,-6.646254,0.411623,0.547512,-20.094373,1.867431,2.356845,-20.090205,-0.227334,-2.998392,-2.009021,0.000000,0.000000,1736,2057,2057
1745869674.515368,-2.547212,-0.001390,-0.124817,-5.229889,0.183346,-0.101355,-6.868791,0.269566,0.518906,-20.767668,1.572476,2.259757,-20.763842,-0.037335,-2.752781,-2.076384,0.000000,0.000000,1727,2057,2057
1745869674.520356,-2.640699,-0.005208,-0.125153,-5.179429,0.163098,-0.097734,-4.933420,-0.347645,0.525842,-14.926058,-0.054089,2.266519,-14.915840,1.135848,-1.962138,-1.491584,0.000000,0.000000,1810,2057,2057
1745869674.525354,-2.687259,-0.007284,-0.125129,-5.174523,0.231129,-0.097709,-2.983039,0.969320,0.466607,-9.009971,2.787657,2.657039,-8.983670,-1.338782,-3.610988,-0.898367,0.000000,0.000000,1895,2057,2057
1745869674.530360,-2.687259,-0.007284,-0.125129,-5.174523,0.231129,-0.097709,-1.381410,1.685025,0.371867,-4.165086,4.157328,2.567991,-4.134990,-2.608585,-4.132087,-0.413499,0.000000,0.000000,1964,2057,2057
1745869674.535357,-2.687259,-0.007284,-0.125129,-5.174523,0.231129,-0.097709,-0.201427,1.930109,0.266503,-0.596083,4.613554,2.365275,-0.565855,-3.107493,-4.150157,-0.056586,0.000000,0.000000,2016,2057,2057
1745869674.540355,-2.733412,-0.008976,-0.124838,-5.081103,0.123291,-0.117214,2.857974,-0.792132,-0.310482,8.615773,-1.651371,0.292061,8.612295,1.631632,0.387444,0.861229,0.000000,0.000000,2179,2057,2057
1745869674.545300,-2.733412,-0.008976,-0.124838,-5.081103,0.123291,-0.117214,4.426321,-2.399662,-0.633935,13.356322,-4.771850,-0.754560,13.333102,4.080301,2.586811,1.333310,0.000000,0.000000,2246,2057,2057
1745869674.550362,-2.779420,-0.011163,-0.124717,-5.142113,0.247378,-0.094351,3.390163,-0.072930,-0.199448,10.253092,0.435177,1.107878,10.266379,-0.014418,-1.190269,1.026638,0.000000,0.000000,2202,2057,2057
1745869674.555365,-2.779420,-0.011163,-0.124717,-5.142113,0.247378,-0.094351,2.324726,1.383772,0.095636,7.034482,3.221376,2.048102,7.068604,-2.286747,-3.056785,0.706860,0.000000,0.000000,2157,2057,2057
1745869674.560356,-2.823652,-0.012623,-0.124258,-4.861385,0.163600,-0.112633,8.233355,0.084467,-0.177045,24.874057,0.041937,0.943430,24.885535,0.255092,-0.909328,2.488553,0.000000,0.000000,2409,2057,2057
1745869674.565359,-2.875165,-0.014753,-0.123905,-4.847882,0.132429,-0.100082,11.305969,-1.514358,-0.020717,34.173136,-3.041184,1.008352,34.175675,3.199370,-0.172089,3.417567,0.000000,0.000000,2541,2057,2057
1745869674.570365,-2.875165,-0.014753,-0.123905,-4.847882,0.132429,-0.100082,11.862923,-2.340276,0.080751,35.859127,-4.546631,1.178774,35.858244,4.696570,0.059892,3.585824,0.000000,0.000000,2564,2057,2057
1745869674.575358,-2.918565,-0.016470,-0.123337,-4.799897,0.185033,-0.105024,11.935114,-1.287403,0.013917,36.067227,-2.571850,1.438186,36.080959,2.826253,-0.833828,3.608096,0.000000,0.000000,2568,2057,2057
1745869674.580359,-2.962215,-0.017965,-0.122560,-4.854025,0.158905,-0.127602,9.194520,-1.102803,-0.583330,27.750670,-2.656936,-0.170401,27.739140,2.583902,0.641814,2.773914,0.000000,0.000000,2449,2057,2057
1745869674.585362,-2.962215,-0.017965,-0.122560,-4.854025,0.158905,-0.127602,6.332657,-0.850759,-0.889825,19.087681,-2.227499,-0.992214,19.062999,2.014730,1.373940,1.906300,0.000000,0.000000,2327,2057,2057
1745869674.590360,-3.005684,-0.019618,-0.121789,-4.809724,0.151303,-0.104567,4.834181,-0.773487,-0.410265,14.574083,-1.971478,0.078205,14.570362,1.963894,0.189670,1.457036,0.000000,0.000000,2263,2057,2057
1745869674.595357,-3.005684,-0.019618,-0.121789,-4.809724,0.151303,-0.104567,3.294761,-0.629955,-0.056720,9.925173,-1.692507,0.963680,9.939407,1.807470,-0.725614,0.993941,0.000000,0.000000,2197,2057,2057
1745869674.600366,-3.005684,-0.019618,-0.121789,-4.809724,0.151303,-0.104567,1.914582,-0.461688,0.174412,5.755320,-1.376569,1.539090,5.781580,1.572408,-1.338643,0.578158,0.000000,0.000000,2139,2057,2057
1745869674.605360,-3.092755,-0.022753,-0.120408,-4.823202,0.173425,-0.082146,0.480184,0.242296,0.847389,1.434902,-0.112116,3.298698,1.509757,0.273019,-3.290143,0.150976,0.000000,0.000000,2078,2057,2057
1745869674.610456,-3.092755,-0.022753,-0.120408,-4.823202,0.173425,-0.082146,-0.505920,0.666653,1.176260,-1.539547,0.652194,4.134372,-1.444848,-0.449583,-4.162359,-0.144485,0.000000,0.000000,2003,2057,2057
1745869674.615308,-3.135472,-0.024212,-0.119585,-4.737763,0.152145,-0.101545,0.997113,0.333646,0.769157,2.990234,-0.227705,2.916620,3.060828,0.245552,-2.916026,0.306083,0.000000,0.000000,2100,2057,2057
1745869674.620433,-3.135472,-0.024212,-0.119585,-4.737763,0.152145,-0.101545,1.891574,0.067909,0.400277,5.685903,-0.702533,1.984667,5.733859,0.714668,-1.980911,0.573386,0.000000,0.000000,2138,2057,2057
1745869674.625417,3.104929,-0.025672,-0.118606,-4.747241,0.173871,-0.112821,1.968304,0.428134,-0.149990,5.887592,-0.257470,0.609147,5.903465,0.234969,-0.618379,0.590347,0.000000,0.000000,2140,2057,2057
1745869674.630428,3.104929,-0.025672,-0.118606,-4.747241,0.173871,-0.112821,1.776254,0.605053,-0.481928,5.297350,0.063285,-0.257842,5.290674,-0.053791,0.260074,0.529067,0.000000,0.000000,2132,2057,2057
1745869674.635423,3.062932,-0.026888,-0.117594,-4.617398,0.151727,-0.108884,4.615618,0.100273,-0.535599,13.891047,-0.837162,-0.533476,13.878513,0.876493,0.466211,1.387851,0.000000,0.000000,2253,2057,2057
1745869674.640424,3.062932,-0.026888,-0.117594,-4.617398,0.151727,-0.108884,5.849157,-0.231744,-0.504034,17.622979,-1.432047,-0.404016,17.615173,1.459367,0.290343,1.761517,0.000000,0.000000,2306,2057,2057
1745869674.645402,3.062932,-0.026888,-0.117594,-4.617398,0.151727,-0.108884,5.912240,-0.412504,-0.422675,17.816244,-1.757926,-0.185699,17.814980,1.767082,0.047006,1.781498,0.000000,0.000000,2309,2057,2057
1745869674.650399,3.062932,-0.026888,-0.117594,-4.617398,0.151727,-0.108884,5.231766,-0.477176,-0.319422,15.761199,-1.876832,0.063215,15.766860,1.866061,-0.210575,1.576686,0.000000,0.000000,2280,2057,2057
1745869674.655439,3.021247,-0.028191,-0.116468,-4.606374,0.149536,-0.119494,4.424230,-0.513675,-0.476124,13.308572,-2.084990,-0.465790,13.302591,2.125831,0.212190,1.330259,0.000000,0.000000,2245,2057,2057
1745869674.660431,3.021247,-0.028191,-0.116468,-4.606374,0.149536,-0.119494,3.374475,-0.473150,-0.515303,10.132405,-2.009594,-0.601397,10.122372,2.067260,0.355925,1.012237,0.000000,0.000000,2200,2057,2057
1745869674.665412,2.938845,-0.030291,-0.114115,-4.564831,0.119132,-0.102531,3.314342,-1.132060,-0.063184,9.982467,-3.140893,0.338592,10.011680,3.008379,-0.964555,1.001168,0.000000,0.000000,2198,2057,2057
1745869674.670470,2.897494,-0.031329,-0.112757,-4.614742,0.140529,-0.128891,1.629618,-0.885765,-0.417910,4.857539,-2.983888,-0.702703,4.858770,3.065262,-0.039300,0.485877,0.000000,0.000000,2126,2057,2057
1745869674.675438,2.897494,-0.031329,-0.112757,-4.614742,0.140529,-0.128891,0.386757,-0.624337,-0.585895,1.092683,-2.486312,-1.200266,1.075015,2.702689,0.564064,0.107501,0.000000,0.000000,2072,2057,2057
1745869674.680402,2.897494,-0.031329,-0.112757,-4.614742,0.140529,-0.128891,-0.447175,-0.383313,-0.621496,-1.430865,-2.040567,-1.345088,-1.456314,2.305159,0.812443,-0.145631,0.000000,0.000000,2003,2057,2057
1745869674.685366,2.855581,-0.032204,-0.111488,-4.545599,0.078464,-0.108597,0.759599,-1.693810,-0.075393,2.273793,-4.167553,-0.055369,2.309960,4.013874,-1.123248,0.230996,0.000000,0.000000,2089,2057,2057
1745869674.690369,2.855581,-0.032204,-0.111488,-4.545599,0.078464,-0.108597,1.438592,-2.325414,0.282882,4.340934,-5.378577,0.950340,4.419190,4.891963,-2.430444,0.441919,0.000000,0.000000,2119,2057,2057
1745869674.695365,2.814248,-0.033336,-0.110024,-4.727872,0.233900,-0.109878,-2.770947,1.365710,0.443102,-8.477413,0.707703,1.282489,-8.444504,-1.082483,-0.987389,-0.844450,0.000000,0.000000,1903,2057,2057
1745869674.700364,2.772762,-0.033935,-0.108879,-4.501506,0.095524,-0.126811,0.447748,0.145933,0.075557,1.326444,-0.974644,-0.106277,1.335008,0.947414,-0.252399,0.133501,0.000000,0.000000,2076,2057,2057
1745869674.705362,2.731322,-0.035030,-0.107256,-4.670153,0.190169,-0.105272,-1.701828,1.674709,0.361372,-5.218026,1.505350,0.584587,-5.220281,-1.613593,0.064386,-0.522028,0.000000,0.000000,1949,2057,2057
1745869674.710371,2.731322,-0.035030,-0.107256,-4.670153,0.190169,-0.105272,-2.855322,2.438107,0.498172,-8.702424,2.943915,0.749553,-8.719485,-2.998573,0.487152,-0.871949,0.000000,0.000000,1899,2057,2057
1745869674.715366,2.731322,-0.035030,-0.107256,-4.670153,0.190169,-0.105272,-3.232569,2.620541,0.523353,-9.842609,3.289164,0.766500,-9.863951,-3.321930,0.609390,-0.986395,0.000000,0.000000,1882,2057,2057
1745869674.720366,2.731322,-0.035030,-0.107256,-4.670153,0.190169,-0.105272,-3.075826,2.415341,0.475246,-9.370067,2.904691,0.688239,-9.388550,-2.938148,0.527757,-0.938855,0.000000,0.000000,1889,2057,2057
1745869674.725368,2.689824,-0.035585,-0.105860,-4.513105,0.127544,-0.124971,1.249326,0.454650,-0.096233,3.728320,-0.492539,-0.641543,3.715427,0.723196,0.362389,0.371543,0.000000,0.000000,2109,2057,2057
1745869674.730371,2.689824,-0.035585,-0.105860,-4.513105,0.127544,-0.124971,3.832054,-0.841351,-0.445928,11.527273,-2.945869,-1.159069,11.535933,3.156329,-0.243409,1.153593,0.000000,0.000000,2220,2057,2057
1745869674.735368,2.647518,-0.036344,-0.104165,-4.719999,0.116168,-0.124319,-0.072304,-1.835466,-0.596197,-0.275511,-4.861387,-1.618872,-0.243511,5.047700,-0.880668,-0.024351,0.000000,0.000000,2020,2057,2057
1745869674.740368,2.605789,-0.036924,-0.102427,-4.629884,0.181661,-0.146966,-0.326891,-0.635522,-1.173115,-1.112609,-2.878839,-3.326385,-1.163975,4.173622,1.391429,-0.116397,0.000000,0.000000,2007,2057,2057
1745869674.745381,2.605789,-0.036924,-0.102427,-4.629884,0.181661,-0.146966,-0.448227,0.203653,-1.394975,-1.491175,-1.162219,-4.025898,-1.597135,3.054695,2.870310,-0.159713,0.000000,0.000000,2001,2057,2057
1745869674.750386,2.605789,-0.036924,-0.102427,-4.629884,0.181661,-0.146966,-0.469649,0.707885,-1.363406,-1.556020,-0.163659,-4.051897,-1.681639,2.209348,3.402825,-0.168164,0.000000,0.000000,2000,2057,2057
1745869674.755373,2.562862,-0.037523,-0.100818,-4.750465,0.162848,-0.112459,-3.372383,0.479315,-0.333524,-10.274668,-0.543264,-1.615905,-10.314296,1.338635,1.056367,-1.031430,0.000000,0.000000,1876,2057,2057
1745869674.760370,2.521298,-0.037964,-0.099068,-4.609423,0.158995,-0.134326,-1.348345,0.181419,-0.174873,-4.139875,-1.170729,-1.343561,-4.155552,1.733609,0.413047,-0.415555,0.000000,0.000000,1964,2057,2057
1745869674.765369,2.478579,-0.038623,-0.097373,-4.697305,0.193610,-0.109814,-2.055142,0.818603,0.547394,-6.270609,-0.144035,0.189007,-6.261427,-0.002813,-0.237794,-0.626143,0.000000,0.000000,1934,2057,2057
1745869674.770388,2.478579,-0.038623,-0.097373,-4.697305,0.193610,-0.109814,-2.251324,1.122603,0.938770,-6.847194,0.405328,1.007016,-6.826165,-0.939269,-0.544599,-0.682617,0.000000,0.000000,1926,2057,2057
1745869674.775376,2.478579,-0.038623,-0.097373,-4.697305,0.193610,-0.109814,-2.098314,1.175696,1.069244,-6.378872,0.487022,1.300123,-6.350859,-1.184061,-0.725461,-0.635086,0.000000,0.000000,1933,2057,2057
1745869674.780371,2.437887,-0.038998,-0.095791,-4.505506,0.142247,-0.119619,2.949912,-0.191455,0.781428,8.915063,-1.896468,1.018263,8.993235,0.787096,-2.005004,0.899323,0.000000,0.000000,2184,2057,2057
1745869674.785373,2.437887,-0.038998,-0.095791,-4.505506,0.142247,-0.119619,5.786887,-1.034136,0.503407,17.482874,-3.630172,0.710053,17.595647,2.308384,-2.892474,1.759565,0.000000,0.000000,2306,2057,2057
1745869674.790372,2.351877,-0.039488,-0.092229,-4.243595,0.121292,-0.122319,13.285296,-1.953197,0.199936,40.161938,-5.351364,0.490250,40.325719,3.419460,-4.148682,4.032572,0.000000,0.000000,2628,2057,2057
1745869674.795373,2.312957,-0.039586,-0.090384,-4.310473,0.159763,-0.127141,14.765238,-1.352892,-0.134807,44.603600,-4.231354,-0.480600,44.714249,3.214104,-2.795910,4.471425,0.000000,0.000000,2690,2057,2057
1745869674.800376,2.312957,-0.039586,-0.090384,-4.310473,0.159763,-0.127141,13.891187,-0.807171,-0.330081,41.949925,-2.972575,-1.065101,42.008183,2.794101,-1.472087,4.200818,0.000000,0.000000,2651,2057,2057
1745869674.805371,2.312957,-0.039586,-0.090384,-4.310473,0.159763,-0.127141,11.638495,-0.363881,-0.412916,35.133625,-1.962046,-1.449557,35.152094,2.394450,-0.466683,3.515209,0.000000,0.000000,2554,2057,2057
1745869674.810380,2.275399,-0.039227,-0.088854,-4.127864,0.094621,-0.152525,13.264216,-1.636836,-1.037907,40.066068,-4.172576,-2.418713,40.129345,4.545450,-1.613523,4.012935,0.000000,0.000000,2625,2057,2057
1745869674.815373,2.237018,-0.039216,-0.086947,-4.285744,0.177509,-0.120612,8.800227,-0.210311,-0.523692,26.543248,-1.570735,-1.951425,26.544379,2.504883,-0.028854,2.654438,0.000000,0.000000,2433,2057,2057
1745869674.820370,2.237018,-0.039216,-0.086947,-4.285744,0.177509,-0.120612,4.896782,0.718957,-0.133961,14.756701,0.475280,-1.525701,14.705044,0.905715,1.317575,1.470504,0.000000,0.000000,2265,2057,2057
1745869674.825380,2.237018,-0.039216,-0.086947,-4.285744,0.177509,-0.120612,1.820958,1.220023,0.129601,5.467861,1.569835,-1.230291,5.389604,-0.002981,1.996024,0.538960,0.000000,0.000000,2133,2057,2057
1745869674.830372,2.200115,-0.038880,-0.085373,-3.984246,0.105046,-0.154522,7.035456,-0.386390,-0.549756,21.256658,-1.359425,-1.967934,21.254351,2.391084,0.059361,2.125435,0.000000,0.000000,2358,2057,2057
1745869674.835377,2.200115,-0.038880,-0.085373,-3.984246,0.105046,-0.154522,9.483042,-1.358484,-0.913550,28.642833,-3.533347,-2.393045,28.699156,4.014314,-1.449020,2.869916,0.000000,0.000000,2463,2057,2057
1745869674.840375,2.162832,-0.039015,-0.083511,-4.306243,0.249247,-0.092889,1.980263,1.725716,0.478127,5.918589,2.412559,-0.841880,5.822106,-0.647734,2.473652,0.582211,0.000000,0.000000,2139,2057,2057
1745869674.845376,2.126399,-0.038567,-0.082354,-3.900640,0.056321,-0.152260,6.927761,-1.260995,-0.154367,20.962831,-3.086481,-0.768031,21.048381,2.280485,-2.218770,2.104838,0.000000,0.000000,2355,2057,2057
1745869674.850374,2.089543,-0.038141,-0.080477,-4.144136,0.113123,-0.119172,3.243162,-1.603151,0.275089,9.821798,-4.332443,-0.154171,9.962457,2.281880,-3.688718,0.996246,0.000000,0.000000,2198,2057,2057
1745869674.855372,2.089543,-0.038141,-0.080477,-4.144136,0.113123,-0.119172,0.515316,-1.623396,0.513101,1.585238,-4.419978,0.193646,1.735378,2.023221,-3.937362,0.173538,0.000000,0.000000,2081,2057,2057
1745869674.860371,2.089543,-0.038141,-0.080477,-4.144136,0.113123,-0.119172,-1.274047,-1.437454,0.600903,-3.821371,-3.987818,0.247484,-3.684533,1.762204,-3.588496,-0.368453,0.000000,0.000000,1971,2057,2057
1745869674.865376,2.089543,-0.038141,-0.080477,-4.144136,0.113123,-0.119172,-2.250911,-1.143465,0.582826,-6.776602,-3.278884,0.108460,-6.665889,1.531454,-2.903403,-0.666589,0.000000,0.000000,1928,2057,2057
1745869674.870375,2.012270,-0.036524,-0.077036,-4.365740,0.119921,-0.193350,-8.019897,-0.651119,-1.317001,-24.266644,-1.459138,-4.448597,-24.287893,4.645528,0.581908,-2.428789,0.000000,0.000000,1676,2057,2057
1745869674.875378,1.971307,-0.036056,-0.075065,-4.571390,0.142865,-0.116023,-15.730699,0.302835,-0.462707,-47.589174,0.480026,-3.095849,-47.648659,2.663694,1.650146,-4.764866,0.000000,0.000000,1342,2057,2057
1745869674.880381,1.971307,-0.036056,-0.075065,-4.571390,0.142865,-0.116023,-18.677366,0.868931,0.134259,-56.473475,1.784602,-2.182937,-56.563455,1.314388,2.496096,-5.656345,0.000000,0.000000,1214,2057,2057
1745869674.885393,1.971307,-0.036056,-0.075065,-4.571390,0.142865,-0.116023,-18.249269,1.120775,0.495919,-55.163351,2.345647,-1.515807,-55.262585,0.481308,2.752802,-5.526259,0.000000,0.000000,1233,2057,2057
1745869674.890382,1.931539,-0.035448,-0.073427,-4.419143,0.133299,-0.095439,-12.021589,0.908009,1.165940,-36.306697,1.817998,0.267469,-36.363671,-0.891952,1.607584,-3.636367,0.000000,0.000000,1503,2057,2057
1745869674.895381,1.931539,-0.035448,-0.073427,-4.419143,0.133299,-0.095439,-6.603093,0.662115,1.448352,-19.909525,1.153656,1.075887,-19.934337,-1.413843,0.700085,-1.993434,0.000000,0.000000,1738,2057,2057
1745869674.900377,1.890002,-0.035287,-0.071369,-4.574716,0.167345,-0.080392,-6.177730,1.259165,1.818063,-18.620639,2.508228,1.466914,-18.688461,-2.179926,1.922386,-1.868846,0.000000,0.000000,1756,2057,2057
1745869674.905379,1.850077,-0.034571,-0.069710,-4.497124,0.208237,-0.120257,-3.249969,2.485383,0.852490,-9.792071,5.896543,-0.758999,-9.995339,-0.895874,5.880819,-0.999534,0.000000,0.000000,1881,2057,2057
1745869674.910377,1.850077,-0.034571,-0.069710,-4.497124,0.208237,-0.120257,-1.002105,2.955687,0.138013,-3.026608,7.168088,-2.035770,-3.284321,-0.019091,7.455997,-0.328432,0.000000,0.000000,1977,2057,2057
1745869674.915387,1.850077,-0.034571,-0.069710,-4.497124,0.208237,-0.120257,0.546461,2.891354,-0.332049,1.635670,7.060105,-2.827607,1.373997,0.771832,7.570547,0.137400,0.000000,0.000000,2076,2057,2057
1745869674.920380,1.808801,-0.033810,-0.067855,-4.469225,0.144920,-0.152878,2.137469,0.947303,-1.385546,6.434022,2.783567,-4.053087,6.310208,3.282568,3.662764,0.631021,0.000000,0.000000,2146,2057,2057
1745869674.925381,1.769072,-0.032916,-0.066057,-4.423477,0.200309,-0.124105,4.005414,0.956481,-1.178691,12.080456,2.589741,-3.841228,11.971936,3.255845,3.297431,1.197194,0.000000,0.000000,2226,2057,2057
1745869674.930383,1.769072,-0.032916,-0.066057,-4.423477,0.200309,-0.124105,4.696123,0.845047,-0.903358,14.180670,2.279896,-3.303219,14.085642,2.789409,2.887457,1.408564,0.000000,0.000000,2256,2057,2057
1745869674.935381,1.731530,-0.031908,-0.064769,-4.127060,0.115668,-0.130569,11.816606,-1.401777,-0.777017,35.727207,-3.176043,-1.883117,35.817656,2.367145,-2.835170,3.581766,0.000000,0.000000,2564,2057,2057
1745869674.940393,1.692317,-0.031105,-0.063046,-4.310297,0.130146,-0.104894,10.383120,-2.299458,0.029039,31.416496,-5.612323,-0.536560,31.587813,1.212941,-5.508556,3.158781,0.000000,0.000000,2504,2057,2057
1745869674.945378,1.692317,-0.031105,-0.063046,-4.310297,0.130146,-0.104894,8.210801,-2.582170,0.532143,24.867117,-6.367443,0.296430,25.064899,0.477631,-6.359496,2.506490,0.000000,0.000000,2412,2057,2057
1745869674.950376,1.692317,-0.031105,-0.063046,-4.310297,0.130146,-0.104894,5.829440,-2.446376,0.786529,17.675589,-6.030600,0.651693,17.864307,0.084155,-6.068061,1.786431,0.000000,0.000000,2310,2057,2057
1745869674.955384,1.692317,-0.031105,-0.063046,-4.310297,0.130146,-0.104894,3.604974,-2.060276,0.851328,10.950950,-5.038536,0.659052,11.109055,-0.043409,-5.083730,1.110905,0.000000,0.000000,2214,2057,2057
1745869674.960379,1.612745,-0.028694,-0.060040,-4.571432,0.183687,-0.159832,-4.631414,-0.253750,-0.556899,-13.971014,0.143951,-2.718120,-13.978414,2.709692,0.257918,-1.397841,0.000000,0.000000,1824,2057,2057
1745869674.965379,1.571497,-0.027530,-0.058521,-4.643239,0.188832,-0.133430,-11.039396,1.047312,-0.733726,-33.367401,3.480444,-3.233873,-33.463303,3.231435,3.484028,-3.346330,0.000000,0.000000,1545,2057,2057
1745869674.970401,1.571497,-0.027530,-0.058521,-4.643239,0.188832,-0.133430,-13.752870,1.745160,-0.755812,-41.574578,5.285788,-3.368684,-41.720195,3.364982,5.290150,-4.172019,0.000000,0.000000,1427,2057,2057
1745869674.975385,1.571497,-0.027530,-0.058521,-4.643239,0.188832,-0.133430,-13.766363,1.968407,-0.676945,-41.612589,5.863410,-3.228794,-41.774109,3.224688,5.867892,-4.177411,0.000000,0.000000,1426,2057,2057
1745869674.980390,1.528240,-0.026395,-0.056853,-4.844541,0.195565,-0.124806,-17.028622,2.034890,-0.332594,-51.467660,6.136534,-2.705357,-51.626489,2.963977,6.017980,-5.162649,0.000000,0.000000,1285,2057,2057
1745869674.985388,1.528240,-0.026395,-0.056853,-4.844541,0.195565,-0.124806,-17.001630,1.827453,-0.074353,-51.377469,5.604849,-2.247546,-51.522787,2.483960,5.506075,-5.152279,0.000000,0.000000,1286,2057,2057
1745869674.990385,1.484225,-0.025363,-0.055182,-4.804604,0.171510,-0.109382,-13.926288,0.883748,0.475634,-42.069880,3.173117,-0.854312,-42.148202,1.125471,3.088360,-4.214820,0.000000,0.000000,1421,2057,2057
1745869674.995384,1.441106,-0.024225,-0.053354,-4.797921,0.211469,-0.101709,-10.111531,1.157000,0.953537,-30.507532,4.043852,-0.077374,-30.604447,0.599702,4.001059,-3.060445,0.000000,0.000000,1586,2057,2057
1745869675.000381,1.441106,-0.024225,-0.053354,-4.797921,0.211469,-0.101709,-6.461233,1.188171,1.139038,-19.461182,4.137456,0.369363,-19.561746,0.168823,4.151697,-1.956175,0.000000,0.000000,1744,2057,2057
1745869675.005389,1.441106,-0.024225,-0.053354,-4.797921,0.211469,-0.101709,-3.354900,1.062216,1.116938,-10.066575,3.814282,0.417533,-10.159525,0.079262,3.837374,-1.015953,0.000000,0.000000,1878,2057,2057
1745869675.010385,1.398946,-0.023097,-0.051745,-4.559913,0.196268,-0.102707,4.841265,0.480478,0.941642,14.717734,2.350685,0.615638,14.661799,-0.204589,2.421983,1.466180,0.000000,0.000000,2264,2057,2057
1745869675.015391,1.398946,-0.023097,-0.051745,-4.559913,0.196268,-0.102707,9.444438,0.052777,0.715117,28.633780,1.241002,0.308186,28.604316,-0.091428,1.275764,2.860432,0.000000,0.000000,2462,2057,2057
1745869675.020391,1.359216,-0.021906,-0.050356,-4.390691,0.177089,-0.112316,15.338544,-0.693643,0.248970,46.448238,-0.656772,-0.154967,46.463020,0.013586,-0.674832,4.646302,0.000000,0.000000,2714,2057,2057
1745869675.025390,1.320162,-0.020536,-0.049143,-4.322963,0.162891,-0.116917,18.847092,-1.428622,-0.189084,57.046942,-2.536327,-0.766662,57.101312,0.113652,-2.647785,5.710131,0.000000,0.000000,2865,2057,2057
1745869675.030387,1.320162,-0.020536,-0.049143,-4.322963,0.162891,-0.116917,18.757802,-1.718348,-0.442849,56.770012,-3.299159,-1.265296,56.842101,0.407510,-3.510635,5.684210,0.000000,0.000000,2861,2057,2057
1745869675.035387,1.281652,-0.019138,-0.048273,-4.285487,0.140464,-0.129045,17.323049,-2.240867,-0.846438,52.415256,-4.650553,-1.890814,52.510895,0.486303,-4.997547,5.251089,0.000000,0.000000,2800,2057,2057
1745869675.040399,1.281652,-0.019138,-0.048273,-4.285487,0.140464,-0.129045,14.286036,-2.296985,-0.998388,43.224978,-4.814162,-2.251247,43.325585,0.785123,-5.257183,4.332559,0.000000,0.000000,2670,2057,2057
1745869675.045391,1.281652,-0.019138,-0.048273,-4.285487,0.140464,-0.129045,10.623490,-2.050702,-0.971611,32.147157,-4.193835,-2.259052,32.236426,0.969479,-4.664723,3.223643,0.000000,0.000000,2513,2057,2057
1745869675.050387,1.202147,-0.016615,-0.046146,-4.411664,0.174519,-0.079892,3.916423,-0.810427,0.367355,11.896528,-0.807762,-0.067955,11.909456,-0.227692,-0.778088,1.190946,0.000000,0.000000,2225,2057,2057
1745869675.055390,1.160237,-0.015298,-0.044568,-4.642674,0.204138,-0.067405,-6.475243,0.800645,1.476758,-19.504695,3.574734,1.928825,-19.566618,-0.341780,4.047976,-1.956662,0.000000,0.000000,1744,2057,2057
1745869675.060391,1.160237,-0.015298,-0.044568,-4.642674,0.204138,-0.067405,-12.251538,1.721092,1.997123,-36.967337,5.917300,2.966386,-37.068456,-0.358149,6.610284,-3.706846,0.000000,0.000000,1493,2057,2057
1745869675.065386,1.160237,-0.015298,-0.044568,-4.642674,0.204138,-0.067405,-14.399382,2.091646,2.081257,-43.462636,6.839845,3.147887,-43.577805,-0.156358,7.528710,-4.357780,0.000000,0.000000,1400,2057,2057
1745869675.070389,1.119894,-0.014145,-0.043679,-4.533608,0.167502,-0.069082,-11.324077,1.172292,1.838668,-34.183419,4.339835,3.008435,-34.257219,-0.816553,5.217618,-3.425722,0.000000,0.000000,1533,2057,2057
1745869675.075389,1.078151,-0.012829,-0.042454,-4.513025,0.139813,-0.079070,-7.488053,-0.230857,1.215227,-22.604210,0.708302,1.963421,-22.624130,-1.394944,1.552818,-2.262413,0.000000,0.000000,1700,2057,2057
1745869675.080394,1.078151,-0.012829,-0.042454,-4.513025,0.139813,-0.079070,-4.141691,-1.090743,0.671582,-12.490495,-1.460076,0.786646,-12.478764,-1.383657,-0.914476,-1.247876,0.000000,0.000000,1845,2057,2057
1745869675.085411,1.078151,-0.012829,-0.042454,-4.513025,0.139813,-0.079070,-1.511010,-1.501610,0.244362,-4.539489,-2.526585,-0.088174,-4.510394,-1.117280,-2.268026,-0.451039,0.000000,0.000000,1959,2057,2057
1745869675.090396,1.037731,-0.011569,-0.041710,-4.625123,0.174727,-0.077713,-2.412879,-0.722601,-0.020589,-7.255207,-0.428187,-0.575569,-7.247556,0.278116,-0.661312,-0.724756,0.000000,0.000000,1920,2057,2057
1745869675.095391,1.037731,-0.011569,-0.041710,-4.625123,0.174727,-0.077713,-2.690676,-0.140195,-0.186174,-8.097304,0.924244,-0.793768,-8.101846,1.153314,0.392661,-0.810185,0.000000,0.000000,1908,2057,2057
1745869675.100390,0.994488,-0.009993,-0.041002,-4.697271,0.117856,-0.116589,-4.304833,-1.147384,-1.220616,-13.023294,-1.977446,-2.494676,-12.993140,1.014162,-3.017629,-1.299314,0.000000,0.000000,1838,2057,2057
1745869675.105396,0.994488,-0.009993,-0.041002,-4.697271,0.117856,-0.116589,-4.799263,-1.644599,-1.726112,-14.525613,-3.249794,-3.625538,-14.478640,1.269023,-4.700795,-1.447864,0.000000,0.000000,1816,2057,2057
1745869675.110391,0.951305,-0.008523,-0.040078,-4.854475,0.181080,-0.068400,-8.370809,-0.209256,-0.654007,-25.283106,0.761983,-1.703688,-25.279963,1.829522,-0.368823,-2.527996,0.000000,0.000000,1662,2057,2057
1745869675.115394,0.951305,-0.008523,-0.040078,-4.854475,0.181080,-0.068400,-9.609212,0.726001,0.105511,-29.021039,3.088931,0.044153,-29.042694,1.757550,2.540656,-2.904269,0.000000,0.000000,1608,2057,2057
1745869675.120392,0.907807,-0.007012,-0.038946,-4.755023,0.193915,-0.048735,-6.778764,1.542164,1.053941,-20.443516,5.189643,2.191090,-20.481653,1.467177,5.438944,-2.048165,0.000000,0.000000,1731,2057,2057
1745869675.125392,0.866420,-0.005857,-0.037850,-4.478668,0.139750,-0.028278,2.613988,0.542778,2.026413,7.949990,2.651555,4.271705,7.921954,-1.538067,4.786789,0.792195,0.000000,0.000000,2169,2057,2057
1745869675.130394,0.866420,-0.005857,-0.037850,-4.478668,0.139750,-0.028278,8.236459,-0.156061,2.393344,24.961671,1.165484,4.932177,24.937762,-3.003675,4.082061,2.493776,0.000000,0.000000,2410,2057,2057
1745869675.135389,0.866420,-0.005857,-0.037850,-4.478668,0.139750,-0.028278,10.778576,-0.578255,2.332051,32.651622,0.203880,4.725278,32.632791,-3.468710,3.215310,3.263279,0.000000,0.000000,2519,2057,2057
1745869675.140393,0.826059,-0.004531,-0.036674,-4.501684,0.191650,-0.016888,10.505656,0.497593,2.286861,31.848345,2.978717,4.811873,31.823645,-1.519096,5.451590,3.182365,0.000000,0.000000,2507,2057,2057
1745869675.145393,0.788572,-0.003581,-0.036612,-3.955492,-0.006843,-0.098581,22.426292,-3.746659,-0.023438,67.831057,-8.363229,-0.174610,67.852739,-5.771036,-6.055551,6.785274,0.000000,0.000000,3017,2057,2057
1745869675.150397,0.788572,-0.003581,-0.036612,-3.955492,-0.006843,-0.098581,27.222643,-5.973837,-1.482880,82.334586,-13.561849,-3.845644,82.378737,-6.831289,-12.330781,8.237874,0.000000,0.000000,3223,2057,2057
1745869675.155399,0.788572,-0.003581,-0.036612,-3.955492,-0.006843,-0.098581,26.916525,-6.649267,-2.223682,81.405152,-15.206779,-5.617114,81.457952,-6.734144,-14.746260,8.145795,0.000000,0.000000,3210,2057,2057
1745869675.160393,0.748389,-0.001774,-0.036342,-4.643108,0.172116,-0.099417,6.600117,-1.882102,-2.439699,19.987887,-3.557094,-5.265708,19.999028,0.976511,-6.279104,1.999903,0.000000,0.000000,2340,2057,2057
1745869675.165392,0.748389,-0.001774,-0.036342,-4.643108,0.172116,-0.099417,-7.074990,1.367498,-2.278031,-21.382588,3.476154,-4.199402,-21.381325,5.404799,-0.711883,-2.138132,0.000000,0.000000,1718,2057,2057
1745869675.170391,0.708018,-0.000234,-0.037056,-4.480970,0.078381,-0.187039,-10.886474,0.959461,-4.042977,-32.985116,1.190065,-7.581050,-32.983952,5.834217,-4.985025,-3.298395,0.000000,0.000000,1552,2057,2057
1745869675.175393,0.663897,0.001675,-0.036587,-4.930260,0.189893,-0.055019,-22.976907,3.316673,-1.429193,-69.468392,7.838769,-2.035777,-69.462988,7.428217,3.226809,-6.946299,0.000000,0.000000,1030,2057,2057
1745869675.180400,0.663897,0.001675,-0.036587,-4.930260,0.189893,-0.055019,-27.811137,4.401892,0.400810,-84.097392,10.506859,2.390119,-84.083397,6.802401,8.356691,-8.408340,0.000000,0.000000,820,2057,2057
1745869675.185393,0.663897,0.001675,-0.036587,-4.930260,0.189893,-0.055019,-27.452098,4.546847,1.505416,-83.013501,11.052596,4.942454,-82.995577,5.659497,10.703184,-8.299558,0.000000,0.000000,836,2057,2057
1745869675.190395,0.580049,0.004518,-0.034638,-4.626745,0.185699,0.041874,-16.424358,3.979421,4.396687,-49.655765,10.371445,11.177405,-49.587847,2.549103,15.033561,-4.958785,0.000000,0.000000,1314,2057,2057
1745869675.195400,0.539873,0.005817,-0.034019,-4.426597,0.140606,-0.051367,-2.526333,2.026662,3.399959,-7.653771,5.333855,9.067417,-7.592574,-0.085656,10.519718,-0.759257,0.000000,0.000000,1915,2057,2057
1745869675.200394,0.539873,0.005817,-0.034019,-4.426597,0.140606,-0.051367,6.554375,0.546027,2.354500,19.825647,2.168626,6.225870,19.863199,-1.340075,6.455231,1.986320,0.000000,0.000000,2338,2057,2057
1745869675.205400,0.539873,0.005817,-0.034019,-4.426597,0.140606,-0.051367,11.509394,-0.459711,1.403159,34.822847,-0.029250,3.730998,34.841377,-1.942924,3.185372,3.484138,0.000000,0.000000,2550,2057,2057
1745869675.210395,0.498694,0.007353,-0.034319,-4.666144,0.129490,-0.126419,7.362146,-1.310135,-1.206250,22.256894,-2.699774,-2.098735,22.233846,-1.367183,-3.134455,2.223385,0.000000,0.000000,2372,2057,2057
1745869675.215394,0.498694,0.007353,-0.034319,-4.666144,0.129490,-0.126419,3.835567,-1.688238,-2.710711,11.601008,-3.728424,-5.757634,11.550714,-0.520579,-6.839811,1.155071,0.000000,0.000000,2220,2057,2057
1745869675.220392,0.498694,0.007353,-0.034319,-4.666144,0.129490,-0.126419,1.135323,-1.720690,-3.330416,3.437327,-3.909220,-7.230647,3.376885,0.025155,-8.219932,0.337689,0.000000,0.000000,2105,2057,2057
1745869675.225405,0.498694,0.007353,-0.034319,-4.666144,0.129490,-0.126419,-0.717048,-1.530009,-3.314632,-2.166813,-3.530554,-7.140573,-2.225342,0.314622,-7.959713,-0.222534,0.000000,0.000000,1992,2057,2057
1745869675.230398,0.371466,0.012368,-0.035717,-4.702043,0.167114,-0.080409,-2.672896,-0.302055,-1.772784,-8.069178,-0.566485,-3.349174,-8.110319,0.687841,-3.326626,-0.811032,0.000000,0.000000,1908,2057,2057
1745869675.235400,0.371466,0.012368,-0.035717,-4.702043,0.167114,-0.080409,-3.586232,0.513696,-0.577979,-10.849417,1.157775,-0.245201,-10.847045,1.167814,0.191788,-1.084704,0.000000,0.000000,1868,2057,2057
1745869675.240449,0.327502,0.014278,-0.035330,-4.865716,0.222350,-0.030095,-7.774627,2.337318,1.500907,-23.515128,5.351146,5.332145,-23.418460,3.351488,6.770776,-2.341846,0.000000,0.000000,1689,2057,2057
1745869675.245402,0.327502,0.014278,-0.035330,-4.865716,0.222350,-0.030095,-9.410611,3.177992,2.601817,-28.482402,7.072690,8.232682,-28.338613,4.048489,10.071266,-2.833861,0.000000,0.000000,1618,2057,2057
1745869675.250397,0.327502,0.014278,-0.035330,-4.865716,0.222350,-0.030095,-9.317552,3.331112,2.991418,-28.207251,7.412198,9.228344,-28.048440,4.049668,11.123328,-2.804844,0.000000,0.000000,1622,2057,2057
1745869675.255399,0.285813,0.015651,-0.035215,-4.552016,0.118537,-0.039471,-0.428968,0.475813,2.642236,-1.346017,1.364170,7.428652,-1.228436,-0.785589,7.512823,-0.122844,0.000000,0.000000,2006,2057,2057
1745869675.260403,0.242160,0.017398,-0.035519,-4.868085,0.194591,-0.103050,-2.502897,0.475907,0.538390,-7.617197,0.784171,2.854868,-7.565700,0.076692,2.960062,-0.756570,0.000000,0.000000,1915,2057,2057
1745869675.265403,0.242160,0.017398,-0.035519,-4.868085,0.194591,-0.103050,-3.506547,0.417615,-0.857055,-10.626145,0.530075,-0.679045,-10.635404,0.677444,-0.532200,-1.063540,0.000000,0.000000,1871,2057,2057
1745869675.270401,0.198788,0.018600,-0.036546,-4.867393,0.102000,-0.141274,-3.694613,-1.937824,-2.570216,-11.168528,-4.592990,-5.666360,-11.288732,-3.383539,-6.462918,-1.128873,0.000000,0.000000,1862,2057,2057
1745869675.275400,0.152884,0.020564,-0.037586,-5.126176,0.196765,-0.144407,-9.700791,-0.869681,-3.416438,-29.339971,-2.603110,-7.067987,-29.491795,-1.496368,-7.383532,-2.949179,0.000000,0.000000,1602,2057,2057
1745869675.280403,0.152884,0.020564,-0.037586,-5.126176,0.196765,-0.144407,-12.313594,-0.086991,-3.533353,-37.241074,-1.200697,-7.254983,-37.392307,-0.081836,-7.354769,-3.739231,0.000000,0.000000,1489,2057,2057
1745869675.285402,0.107156,0.022202,-0.038300,-5.114652,0.183344,-0.074914,-12.173202,0.089465,-1.472025,-36.817252,-0.276279,-2.225852,-36.867051,-0.036637,-2.243187,-3.686705,0.000000,0.000000,1496,2057,2057
1745869675.290469,0.060910,0.023961,-0.038811,-5.206408,0.208478,-0.064865,-12.850419,0.815469,0.281669,-38.909809,1.066865,2.496140,-38.848543,0.912941,2.557187,-3.884854,0.000000,0.000000,1468,2057,2057
1745869675.295402,0.060910,0.023961,-0.038811,-5.206408,0.208478,-0.064865,-11.691451,1.160442,1.321731,-35.431831,1.711747,5.164205,-35.305801,1.394216,5.260336,-3.530580,0.000000,0.000000,1518,2057,2057
1745869675.300400,0.060910,0.023961,-0.038811,-5.206408,0.208478,-0.064865,-9.532500,1.242421,1.831893,-28.915154,1.871999,6.428452,-28.758648,1.477213,6.532359,-2.875865,0.000000,0.000000,1612,2057,2057
1745869675.305404,0.013411,0.025890,-0.039360,-5.229825,0.215405,-0.065414,-7.570986,1.311933,1.917108,-22.994666,1.787952,6.602190,-22.823094,1.699254,6.627794,-2.282309,0.000000,0.000000,1697,2057,2057
1745869675.310421,0.013411,0.025890,-0.039360,-5.229825,0.215405,-0.065414,-5.396056,1.194601,1.735279,-16.411209,1.577516,6.068780,-16.253521,1.495990,6.091431,-1.625352,0.000000,0.000000,1791,2057,2057
1745869675.315401,-0.033562,0.027648,-0.040179,-5.216381,0.196359,-0.104457,-3.043795,0.510032,0.456122,-9.283815,-0.165905,2.474068,-9.215278,-0.082792,2.479190,-0.921528,0.000000,0.000000,1892,2057,2057
1745869675.320404,-0.033562,0.027648,-0.040179,-5.216381,0.196359,-0.104457,-1.175298,0.012125,-0.413588,-3.606185,-1.040741,0.174042,-3.600409,-1.034315,0.208947,-0.360041,0.000000,0.000000,1972,2057,2057
1745869675.325407,-0.080974,0.029214,-0.041435,-5.210808,0.184724,-0.138528,0.287114,-0.589448,-1.748113,0.845724,-2.490721,-3.523121,0.748995,-2.767529,-3.311528,0.074899,0.000000,0.000000,2067,2057,2057
1745869675.330404,-0.080974,0.029214,-0.041435,-5.210808,0.184724,-0.138528,1.175626,-0.897203,-2.376874,3.553035,-3.017906,-5.164867,3.409733,-3.425779,-4.905933,0.340973,0.000000,0.000000,2105,2057,2057
1745869675.335402,-0.080974,0.029214,-0.041435,-5.210808,0.184724,-0.138528,1.593960,-0.982135,-2.483841,4.821644,-3.165706,-5.451595,4.670341,-3.596287,-5.179884,0.467034,0.000000,0.000000,2123,2057,2057
1745869675.340404,-0.127765,0.030646,-0.042817,-5.267430,0.188937,-0.147415,0.275730,-0.812335,-2.465113,0.832169,-3.039951,-5.457742,0.678099,-3.710588,-5.028273,0.067810,0.000000,0.000000,2066,2057,2057
1745869675.345417,-0.175798,0.031966,-0.044253,-5.316792,0.170971,-0.117562,-1.805838,-1.046197,-1.417204,-5.474137,-3.312685,-2.811937,-5.544141,-3.753419,-2.190347,-0.554414,0.000000,0.000000,1944,2057,2057
1745869675.350410,-0.175798,0.031966,-0.044253,-5.316792,0.170971,-0.117562,-2.894802,-1.065113,-0.583685,-8.796843,-3.412383,-0.635033,-8.797753,-3.470852,-0.028454,-0.879775,0.000000,0.000000,1898,2057,2057
1745869675.355404,-0.224041,0.033433,-0.045604,-5.380963,0.185543,-0.106883,-4.800396,-0.590371,0.276393,-14.592619,-2.708009,1.599710,-14.520331,-2.284919,2.162581,-1.452033,0.000000,0.000000,1816,2057,2057
1745869675.360413,-0.224041,0.033433,-0.045604,-5.380963,0.185543,-0.106883,-5.421646,-0.216659,0.788470,-16.489838,-2.077801,2.891415,-16.380111,-1.383481,3.282614,-1.638011,0.000000,0.000000,1789,2057,2057
1745869675.365403,-0.224041,0.033433,-0.045604,-5.380963,0.185543,-0.106883,-5.148778,0.045190,1.014334,-15.672704,-1.622382,3.431427,-15.548751,-0.819468,3.708186,-1.554875,0.000000,0.000000,1801,2057,2057
1745869675.370406,-0.323187,0.036474,-0.048417,-5.464708,0.192219,-0.111566,-6.398717,0.369487,0.918782,-19.451411,-1.328417,2.856415,-19.337183,-0.352472,3.132509,-1.933718,0.000000,0.000000,1747,2057,2057
1745869675.375407,-0.372844,0.037680,-0.050148,-5.536998,0.183111,-0.143713,-8.175996,0.305987,-0.042106,-24.779661,-1.611024,0.113331,-24.753560,-1.459056,0.692876,-2.475356,0.000000,0.000000,1669,2057,2057
1745869675.380407,-0.423047,0.038745,-0.052034,-5.568881,0.184963,-0.137225,-9.078773,0.273732,-0.485424,-27.482967,-1.605337,-1.078574,-27.495544,-1.906613,-0.324676,-2.749554,0.000000,0.000000,1630,2057,2057
1745869675.385409,-0.423047,0.038745,-0.052034,-5.568881,0.184963,-0.137225,-8.537720,0.219776,-0.706525,-25.837489,-1.670075,-1.635429,-25.868718,-2.194255,-0.806224,-2.586872,0.000000,0.000000,1653,2057,2057
1745869675.390407,-0.423047,0.038745,-0.052034,-5.568881,0.184963,-0.137225,-7.149948,0.158760,-0.759684,-21.639206,-1.774668,-1.816167,-21.675159,-2.363828,-0.928181,-2.167516,0.000000,0.000000,1713,2057,2057
1745869675.395408,-0.474065,0.039832,-0.054086,-5.677209,0.217664,-0.150921,-8.050376,0.902009,-1.035918,-24.359403,-0.653546,-2.766374,-24.445603,-1.844340,-2.164668,-2.444560,0.000000,0.000000,1674,2057,2057
1745869675.400412,-0.474065,0.039832,-0.054086,-5.677209,0.217664,-0.150921,-7.633054,1.261775,-1.083707,-23.094458,0.058127,-2.967032,-23.200720,-1.302752,-2.668480,-2.320072,0.000000,0.000000,1692,2057,2057
1745869675.405408,-0.474065,0.039832,-0.054086,-5.677209,0.217664,-0.150921,-6.434547,1.334313,-0.981118,-19.475180,0.184096,-2.786206,-19.577322,-1.108127,-2.565019,-1.957732,0.000000,0.000000,1743,2057,2057
1745869675.410407,-0.524327,0.040805,-0.055983,-5.545457,0.188353,-0.120622,-1.660646,0.498899,-0.053837,-5.058428,-1.134820,-0.658045,-5.058490,-1.311807,-0.001520,-0.505849,0.000000,0.000000,1951,2057,2057
1745869675.415410,-0.575439,0.042070,-0.057837,-5.600494,0.214350,-0.089259,0.215299,0.546253,1.308477,0.536571,-1.353158,2.540340,0.657284,0.247225,2.870159,0.065728,0.000000,0.000000,2066,2057,2057
1745869675.420404,-0.575439,0.042070,-0.057837,-5.600494,0.214350,-0.089259,1.373292,0.509271,2.008357,4.003529,-1.568775,4.136835,4.185563,0.935150,4.328174,0.418556,0.000000,0.000000,2116,2057,2057
1745869675.425413,-0.575439,0.042070,-0.057837,-5.600494,0.214350,-0.089259,1.939793,0.423376,2.206302,5.706363,-1.781449,4.592394,5.909357,1.004643,4.826545,0.590936,0.000000,0.000000,2140,2057,2057
1745869675.430409,-0.683407,0.044197,-0.062142,-5.491261,0.226718,-0.124115,4.733149,0.620098,1.207294,14.215339,-1.317456,1.225670,14.294163,-0.247653,1.784051,1.429416,0.000000,0.000000,2259,2057,2057
1745869675.435410,-0.732331,0.044597,-0.064339,-5.418313,0.190093,-0.171322,7.710186,-0.228663,-0.729882,23.367952,-2.398809,-3.658285,23.318126,-4.229744,-1.117623,2.331813,0.000000,0.000000,2387,2057,2057
1745869675.440412,-0.732331,0.044597,-0.064339,-5.418313,0.190093,-0.171322,8.648608,-0.737608,-1.865984,26.262469,-3.229859,-6.125082,26.155579,-6.497040,-2.397607,2.615558,0.000000,0.000000,2427,2057,2057
1745869675.445411,-0.732331,0.044597,-0.064339,-5.418313,0.190093,-0.171322,8.181969,-0.968909,-2.355422,24.876630,-3.616988,-7.139381,24.747631,-7.463081,-2.893514,2.474763,0.000000,0.000000,2407,2057,2057
1745869675.450407,-0.781078,0.044674,-0.066607,-5.363863,0.176488,-0.176645,8.218589,-1.329592,-2.506836,25.017583,-4.161341,-7.456292,24.911843,-8.204765,-2.367711,2.491184,0.000000,0.000000,2409,2057,2057
1745869675.455415,-0.781078,0.044674,-0.066607,-5.363863,0.176488,-0.176645,7.234198,-1.395343,-2.295526,22.030371,-4.356473,-6.926568,21.947590,-7.970390,-1.853629,2.194759,0.000000,0.000000,2367,2057,2057
1745869675.460411,-0.829212,0.044904,-0.068860,-5.376343,0.192022,-0.149499,5.421371,-0.885530,-1.216478,16.485049,-3.500100,-4.477533,16.465125,-5.665897,-0.443855,1.646513,0.000000,0.000000,2290,2057,2057
1745869675.465413,-0.877413,0.045091,-0.071157,-5.315806,0.202213,-0.149854,5.092732,-0.204316,-0.392534,15.459089,-2.120170,-2.968785,15.447047,-3.638349,-0.267153,1.544705,0.000000,0.000000,2275,2057,2057
1745869675.470411,-0.925986,0.045337,-0.073320,-5.392017,0.211988,-0.123770,2.394630,0.490597,0.815046,7.232259,-0.775454,-0.428069,7.248703,-0.808203,0.362837,0.724870,0.000000,0.000000,2159,2057,2057
1745869675.475422,-0.925986,0.045337,-0.073320,-5.392017,0.211988,-0.123770,0.389461,0.871127,1.480909,1.135832,-0.053776,0.980335,1.164514,0.751176,0.632856,0.116451,0.000000,0.000000,2073,2057,2057
1745869675.480413,-0.925986,0.045337,-0.073320,-5.392017,0.211988,-0.123770,-0.920103,1.003840,1.718455,-2.835314,0.194511,1.516035,-2.801027,1.328546,0.756530,-0.280103,0.000000,0.000000,1984,2057,2057
1745869675.485412,-0.974371,0.045417,-0.075543,-5.407241,0.227766,-0.142476,-2.010931,1.351785,1.200791,-6.080564,1.194108,0.048748,-6.124220,0.711048,-0.961555,-0.612422,0.000000,0.000000,1936,2057,2057
1745869675.490414,-1.022715,0.045456,-0.077693,-5.319700,0.196848,-0.122353,-0.309360,0.648602,1.219252,-0.939292,-0.006232,0.355589,-0.930622,0.300258,0.190796,-0.093062,0.000000,0.000000,2010,2057,2057
1745869675.495414,-1.022715,0.045456,-0.077693,-5.319700,0.196848,-0.122353,0.804203,0.124604,1.081517,2.432679,-1.216352,0.123626,2.482834,-0.528264,1.103743,0.248283,0.000000,0.000000,2092,2057,2057
1745869675.500419,-1.070290,0.045207,-0.079995,-5.276606,0.194553,-0.154983,2.467819,-0.278817,0.061266,7.552900,-1.700090,-2.200535,7.572605,-2.746438,0.436030,0.757261,0.000000,0.000000,2164,2057,2057
1745869675.505410,-1.070290,0.045207,-0.079995,-5.276606,0.194553,-0.154983,3.214245,-0.498947,-0.589256,9.844753,-2.102209,-3.481002,9.852620,-4.062808,0.174100,0.985262,0.000000,0.000000,2196,2057,2057
1745869675.510409,-1.070290,0.045207,-0.079995,-5.276606,0.194553,-0.154983,3.294609,-0.577528,-0.929685,10.106395,-2.225645,-4.140811,10.104838,-4.700918,-0.034441,1.010484,0.000000,0.000000,2200,2057,2057
1745869675.515415,-1.070290,0.045207,-0.079995,-5.276606,0.194553,-0.154983,2.941520,-0.556490,-1.031338,9.044805,-2.156762,-4.325336,9.036509,-4.829754,-0.183575,0.903651,0.000000,0.000000,2185,2057,2057
1745869675.520413,-1.165644,0.044225,-0.084590,-5.305235,0.216655,-0.157076,1.656738,0.066373,-1.020291,5.185477,-0.439965,-4.528770,5.124375,-4.335548,-1.382059,0.512438,0.000000,0.000000,2129,2057,2057
1745869675.525416,-1.213151,0.043445,-0.086716,-5.282630,0.180501,-0.163309,1.194475,-0.433697,-1.041078,3.791949,-1.244024,-4.199248,3.778703,-4.369030,-0.305009,0.377870,0.000000,0.000000,2110,2057,2057
1745869675.530417,-1.213151,0.043445,-0.086716,-5.282630,0.180501,-0.163309,0.755803,-0.696665,-0.926588,2.459026,-1.916792,-3.920638,2.477415,-4.343565,0.423409,0.247742,0.000000,0.000000,2092,2057,2057
1745869675.535414,-1.213151,0.043445,-0.086716,-5.282630,0.180501,-0.163309,0.386084,-0.777518,-0.740791,1.331089,-2.146665,-3.538735,1.364651,-4.066299,0.772759,0.136465,0.000000,0.000000,2076,2057,2057
1745869675.540420,-1.263051,0.043044,-0.089131,-5.531930,0.251721,-0.118295,-6.010603,1.013474,0.571897,-18.084728,1.730440,-1.445396,-18.174615,-0.853320,-2.088903,-1.817462,0.000000,0.000000,1764,2057,2057
1745869675.545418,-1.263051,0.043044,-0.089131,-5.531930,0.251721,-0.118295,-9.311817,2.019849,1.330465,-28.103336,4.154431,0.009904,-28.273736,1.267862,-3.959919,-2.827374,0.000000,0.000000,1619,2057,2057
1745869675.550418,-1.311018,0.042127,-0.091274,-5.391809,0.215897,-0.148058,-6.827593,1.531648,0.918373,-20.549316,3.613519,-0.583334,-20.702837,0.364430,-3.645347,-2.070284,0.000000,0.000000,1727,2057,2057
1745869675.555416,-1.360924,0.041580,-0.093613,-5.395760,0.189024,-0.117078,-4.517228,0.377127,1.304085,-13.616353,0.828656,0.494182,-13.645788,0.655976,-0.708130,-1.364579,0.000000,0.000000,1828,2057,2057
1745869675.560424,-1.409278,0.040542,-0.095837,-5.419677,0.253262,-0.151996,-3.086018,1.175428,0.531832,-9.186542,3.192804,-1.701093,-9.325465,-1.165494,-3.427628,-0.932546,0.000000,0.000000,1890,2057,2057
1745869675.565421,-1.409278,0.040542,-0.095837,-5.419677,0.253262,-0.151996,-1.804688,1.534941,-0.020586,-5.284034,4.157065,-2.789896,-5.468665,-2.085056,-4.555364,-0.546866,0.000000,0.000000,1945,2057,2057
1745869675.570422,-1.409278,0.040542,-0.095837,-5.419677,0.253262,-0.151996,-0.772395,1.574574,-0.367824,-2.145271,4.285000,-3.472413,-2.339477,-2.738116,-4.791588,-0.233948,0.000000,0.000000,1990,2057,2057
1745869675.575421,-1.457608,0.039655,-0.097981,-5.268248,0.208751,-0.138340,3.683909,0.316444,-0.207766,11.285474,1.284037,-2.734191,11.222603,-2.571668,-1.585884,1.122260,0.000000,0.000000,2216,2057,2057
1745869675.580419,-1.505117,0.038267,-0.099967,-5.267541,0.200755,-0.164605,6.068303,-0.713687,-0.724274,18.533504,-0.993781,-3.602578,18.562418,-3.660034,0.755747,1.856242,0.000000,0.000000,2320,2057,2057
1745869675.585415,-1.505117,0.038267,-0.099967,-5.267541,0.200755,-0.164605,6.833909,-1.277874,-0.962329,20.859748,-2.444437,-4.048067,20.942961,-4.199772,2.175076,2.094296,0.000000,0.000000,2353,2057,2057
1745869675.590430,-1.505117,0.038267,-0.099967,-5.267541,0.200755,-0.164605,6.481130,-1.479332,-0.995380,19.794692,-2.964157,-4.083830,19.897671,-4.269569,2.691706,1.989767,0.000000,0.000000,2338,2057,2057
1745869675.595423,-1.551481,0.036927,-0.101653,-5.183106,0.186664,-0.174279,7.529750,-1.769248,-1.130710,22.964411,-3.514266,-4.122058,23.091277,-4.189164,3.436339,2.309128,0.000000,0.000000,2384,2057,2057
1745869675.600423,-1.551481,0.036927,-0.101653,-5.183106,0.186664,-0.174279,7.273215,-1.736549,-1.078160,22.186281,-3.430134,-4.016580,22.310115,-4.082081,3.354204,2.231011,0.000000,0.000000,2373,2057,2057
1745869675.605418,-1.601757,0.035551,-0.104014,-5.681007,0.265894,-0.148575,-5.967774,0.436195,-0.283752,-17.842615,2.325396,-2.826112,-17.922168,-2.896743,-2.238211,-1.792217,0.000000,0.000000,1767,2057,2057
1745869675.610425,-1.601757,0.035551,-0.104014,-5.681007,0.265894,-0.148575,-13.631969,1.760392,0.254732,-41.041926,5.761252,-1.501144,-41.245078,-1.678770,-5.715633,-4.124508,0.000000,0.000000,1433,2057,2057
1745869675.615422,-1.702505,0.032792,-0.107827,-5.650865,0.237636,-0.095062,-16.058154,1.688180,1.873387,-48.504939,5.688514,2.025339,-48.698651,1.260734,-5.908406,-4.869865,0.000000,0.000000,1327,2057,2057
1745869675.620426,-1.702505,0.032792,-0.107827,-5.650865,0.237636,-0.095062,-15.628042,1.435580,2.669539,-47.237187,5.084420,3.423595,-47.417278,2.726214,-5.492951,-4.741728,0.000000,0.000000,1345,2057,2057
1745869675.625421,-1.702505,0.032792,-0.107827,-5.650865,0.237636,-0.095062,-13.442734,1.100380,2.844978,-40.635864,4.229872,3.628410,-40.789048,3.041482,-4.672262,-4.078905,0.000000,0.000000,1440,2057,2057
1745869675.630421,-1.752207,0.031359,-0.109869,-5.589643,0.307685,-0.132189,-8.913252,2.469674,1.698318,-26.812930,8.326906,1.121694,-27.076205,-0.399027,-8.396764,-2.707621,0.000000,0.000000,1636,2057,2057
1745869675.635421,-1.801934,0.030144,-0.111652,-5.450412,0.206970,-0.121416,-1.545432,0.565589,1.029009,-4.594253,3.087985,0.597839,-4.689018,-0.125471,-3.144249,-0.468902,0.000000,0.000000,1957,2057,2057
1745869675.640435,-1.801934,0.030144,-0.111652,-5.450412,0.206970,-0.121416,3.317879,-0.711668,0.478046,10.136046,-0.224822,-0.721389,10.147628,-0.650702,0.384277,1.014763,0.000000,0.000000,2200,2057,2057
1745869675.645421,-1.801934,0.030144,-0.111652,-5.450412,0.206970,-0.121416,5.966396,-1.426814,0.073395,18.162047,-2.089245,-1.632751,18.234646,-1.110716,2.408817,1.823465,0.000000,0.000000,2315,2057,2057
1745869675.650421,-1.801934,0.030144,-0.111652,-5.450412,0.206970,-0.121416,6.919724,-1.706733,-0.192581,21.055601,-2.829699,-2.182711,21.153733,-1.476423,3.255953,2.115373,0.000000,0.000000,2356,2057,2057
1745869675.655418,-1.801934,0.030144,-0.111652,-5.450412,0.206970,-0.121416,6.674981,-1.674671,-0.337095,20.320909,-2.762272,-2.433996,20.418797,-1.736472,3.247881,2.041880,0.000000,0.000000,2346,2057,2057
1745869675.660423,-1.850386,0.028510,-0.113383,-5.370296,0.236121,-0.118205,7.666717,-0.734224,-0.308620,23.336069,-0.158150,-2.410534,23.359374,-2.273287,0.817556,2.335937,0.000000,0.000000,2387,2057,2057
1745869675.665429,-1.850386,0.028510,-0.113383,-5.370296,0.236121,-0.118205,7.352620,-0.049340,-0.252722,22.383091,1.579004,-2.214226,22.357236,-2.563989,-0.907016,2.235724,0.000000,0.000000,2373,2057,2057
1745869675.670442,-1.850386,0.028510,-0.113383,-5.370296,0.236121,-0.118205,6.249652,0.390289,-0.186259,19.044316,2.699123,-1.999463,18.986068,-2.666675,-2.043368,1.898607,0.000000,0.000000,2326,2057,2057
1745869675.675426,-1.943566,0.025010,-0.116332,-5.142619,0.197930,-0.131573,10.351381,-0.313912,-0.448142,31.421277,0.819404,-1.958648,31.420032,-2.122557,-0.049811,3.142003,0.000000,0.000000,2502,2057,2057
1745869675.680424,-1.988746,0.023263,-0.117479,-5.027006,0.208736,-0.135284,14.524973,-0.458252,-0.650668,44.054103,0.498700,-2.362333,44.065808,-2.361407,0.503203,4.406581,0.000000,0.000000,2681,2057,2057
1745869675.685426,-2.034684,0.021562,-0.118610,-5.072097,0.165422,-0.126026,14.282469,-1.555125,-0.472258,43.277891,-2.406610,-1.825795,43.341923,-0.556061,2.969881,4.334192,0.000000,0.000000,2670,2057,2057
1745869675.690432,-2.034684,0.021562,-0.118610,-5.072097,0.165422,-0.126026,12.376602,-2.058505,-0.301402,37.509400,-3.593561,-1.533871,37.593507,0.236088,3.900997,3.759351,0.000000,0.000000,2589,2057,2057
1745869675.695444,-2.034684,0.021562,-0.118610,-5.072097,0.165422,-0.126026,9.648814,-2.124063,-0.156207,29.254734,-3.721704,-1.190698,29.338001,0.600329,3.862044,2.933800,0.000000,0.000000,2472,2057,2057
1745869675.700427,-2.081694,0.019647,-0.119842,-5.300171,0.232535,-0.100629,1.184688,-0.266481,0.574293,3.678154,1.435065,0.379540,3.649910,-0.370615,-1.437673,0.364991,0.000000,0.000000,2108,2057,2057
1745869675.705430,-2.129538,0.017870,-0.120807,-5.190728,0.155440,-0.120827,-1.658231,-0.942764,0.473474,-4.981155,-0.740575,0.861594,-4.978095,1.123158,0.171230,-0.497810,0.000000,0.000000,1952,2057,2057
1745869675.710428,-2.129538,0.017870,-0.120807,-5.190728,0.155440,-0.120827,-3.251417,-1.254581,0.351762,-9.797305,-1.498896,0.588392,-9.780165,1.293505,0.959183,-0.978016,0.000000,0.000000,1884,2057,2057
1745869675.715426,-2.177345,0.015948,-0.122070,-5.439877,0.243578,-0.091593,-9.963683,0.860514,0.947717,-30.053547,4.321843,1.884667,-30.127316,-0.915122,-4.625829,-3.012732,0.000000,0.000000,1593,2057,2057
1745869675.720438,-2.177345,0.015948,-0.122070,-5.439877,0.243578,-0.091593,-12.997387,2.096197,1.209325,-39.237458,7.254929,2.740367,-39.357442,-1.884025,-7.523859,-3.935744,0.000000,0.000000,1460,2057,2057
1745869675.725428,-2.225829,0.014155,-0.122944,-5.237693,0.153361,-0.108602,-8.369951,0.410920,0.809855,-25.300568,2.406770,2.183154,-25.346414,0.265133,-3.238906,-2.534641,0.000000,0.000000,1661,2057,2057
1745869675.730426,-2.273757,0.012175,-0.124072,-5.443676,0.240821,-0.084084,-9.458036,1.434223,1.058073,-28.536491,5.505031,2.623694,-28.608282,-1.557189,-5.896563,-2.860828,0.000000,0.000000,1614,2057,2057
1745869675.735427,-2.320092,0.010346,-0.124601,-5.064500,0.179503,-0.108496,0.304157,0.403644,0.487358,0.951197,2.320528,1.581247,0.922476,-0.422824,-2.776191,0.092248,0.000000,0.000000,2070,2057,2057
1745869675.740429,-2.320092,0.010346,-0.124601,-5.064500,0.179503,-0.108496,6.441100,-0.297638,0.066661,19.522619,0.667045,0.439949,19.514466,-0.132222,-0.788092,1.951447,0.000000,0.000000,2333,2057,2057
1745869675.745430,-2.320092,0.010346,-0.124601,-5.064500,0.179503,-0.108496,9.532034,-0.704579,-0.207517,28.877129,-0.298745,-0.281351,28.881375,-0.002515,0.410389,2.888138,0.000000,0.000000,2466,2057,2057
1745869675.750428,-2.367000,0.008327,-0.125333,-5.228729,0.203909,-0.115706,6.295955,-0.277740,-0.532026,19.095383,0.734249,-0.677360,19.095137,-0.998535,-0.029439,1.909514,0.000000,0.000000,2327,2057,2057
1745869675.755430,-2.367000,0.008327,-0.125333,-5.228729,0.203909,-0.115706,3.476119,0.026482,-0.672263,10.565790,1.366671,-0.888392,10.563117,-1.598131,-0.320956,1.056312,0.000000,0.000000,2206,2057,2057
1745869675.760427,-2.412461,0.006468,-0.125654,-5.028399,0.214630,-0.120935,6.173661,0.477877,-0.806527,18.722582,2.219058,-0.974833,18.717722,-2.304325,-0.751417,1.871772,0.000000,0.000000,2322,2057,2057
1745869675.765430,-2.412461,0.006468,-0.125654,-5.028399,0.214630,-0.120935,7.126598,0.705346,-0.792802,21.605230,2.708011,-0.900196,21.597903,-2.619238,-1.132837,2.159790,0.000000,0.000000,2363,2057,2057
1745869675.770434,-2.412461,0.006468,-0.125654,-5.028399,0.214630,-0.120935,6.854919,0.762654,-0.686867,20.782480,2.854634,-0.648906,20.773309,-2.561168,-1.417927,2.077331,0.000000,0.000000,2351,2057,2057
1745869675.775431,-2.459373,0.004502,-0.126120,-5.134858,0.171637,-0.110794,3.236359,-0.347457,-0.287462,9.806755,0.192667,0.106224,9.805837,-0.082567,-0.203930,0.980584,0.000000,0.000000,2196,2057,2057
1745869675.780433,-2.459373,0.004502,-0.126120,-5.134858,0.171637,-0.110794,0.548927,-1.007741,0.000624,1.675266,-1.129627,0.627123,1.676281,1.272200,0.225495,0.167628,0.000000,0.000000,2081,2057,2057
1745869675.785432,-2.504669,0.002568,-0.126388,-5.087272,0.198619,-0.108725,-0.051268,-0.640702,0.233310,-0.134385,-0.189876,1.342349,-0.136866,0.950975,-0.966232,-0.013687,0.000000,0.000000,2022,2057,2057
1745869675.790428,-2.504669,0.002568,-0.126388,-5.087272,0.198619,-0.108725,-0.424482,-0.330228,0.351880,-1.263929,0.477466,1.683926,-1.268135,0.617625,-1.637724,-0.126814,0.000000,0.000000,2005,2057,2057
1745869675.795431,-2.552128,0.000698,-0.126554,-5.262635,0.158246,-0.111794,-4.907875,-1.082829,0.308669,-14.850785,-1.464757,1.569067,-14.851127,2.089832,-0.489986,-1.485113,0.000000,0.000000,1811,2057,2057
1745869675.800432,-2.598592,-0.001332,-0.126830,-5.190234,0.208852,-0.089509,-5.365965,-0.185767,0.789563,-16.211281,0.799796,2.889965,-16.207436,0.808511,-2.887541,-1.620744,0.000000,0.000000,1792,2057,2057
1745869675.805446,-2.598592,-0.001332,-0.126830,-5.190234,0.208852,-0.089509,-4.997166,0.406012,0.997548,-15.095219,2.022993,3.502994,-15.089834,0.078013,-4.044429,-1.508983,0.000000,0.000000,1808,2057,2057
1745869675.810463,-2.645301,-0.003140,-0.126749,-5.090711,0.136057,-0.105994,-1.701825,-1.059340,0.600823,-5.160734,-1.682642,2.313572,-5.156861,2.581287,-1.233236,-0.515686,0.000000,0.000000,1950,2057,2057
1745869675.815437,-2.645301,-0.003140,-0.126749,-5.090711,0.136057,-0.105994,0.570359,-1.847678,0.278866,1.712084,-3.291824,1.397230,1.711020,3.559996,0.338802,0.171102,0.000000,0.000000,2081,2057,2057
1745869675.820435,-2.645301,-0.003140,-0.126749,-5.090711,0.136057,-0.105994,1.947773,-2.124613,0.039881,5.878307,-3.880975,0.774570,5.874643,3.781578,1.166880,0.587464,0.000000,0.000000,2140,2057,2057
1745869675.825432,-2.645301,-0.003140,-0.126749,-5.090711,0.136057,-0.105994,2.580684,-2.039789,-0.116167,7.792520,-3.743973,0.417582,7.788075,3.491118,1.415564,0.778808,0.000000,0.000000,2167,2057,2057
1745869675.830434,-2.737452,-0.006955,-0.126460,-5.001461,0.175404,-0.126911,4.852943,-0.771848,-0.713429,14.646262,-1.462616,-0.457341,14.639337,1.164949,0.995664,1.463934,0.000000,0.000000,2264,2057,2057
1745869675.835433,-2.783874,-0.009228,-0.126427,-5.178211,0.207330,-0.099737,1.364576,0.906269,-0.337842,4.111268,1.994943,0.756250,4.124251,-1.603867,-1.406944,0.412425,0.000000,0.000000,2115,2057,2057
1745869675.840442,-2.783874,-0.009228,-0.126427,-5.178211,0.207330,-0.099737,-1.013603,1.858558,-0.058359,-3.079948,3.826037,1.569603,-3.054018,-3.034263,-2.810006,-0.305402,0.000000,0.000000,1980,2057,2057
1745869675.845443,-2.827855,-0.010568,-0.125768,-4.828476,0.190716,-0.127826,6.179797,1.824222,-0.563097,18.649108,3.216188,0.347218,18.663088,-2.952038,-1.322911,1.866309,0.000000,0.000000,2321,2057,2057
1745869675.850435,-2.873270,-0.012474,-0.125485,-5.038064,0.110687,-0.104790,4.839070,-0.377979,-0.249449,14.607878,-1.111854,0.394281,14.608943,1.176598,-0.085411,1.460894,0.000000,0.000000,2264,2057,2057
1745869675.855439,-2.873270,-0.012474,-0.125485,-5.038064,0.110687,-0.104790,3.396098,-1.729019,-0.019907,10.245146,-3.569278,0.797984,10.242940,3.653115,0.176853,1.024294,0.000000,0.000000,2202,2057,2057
1745869675.860433,-2.917543,-0.014197,-0.124848,-4.844927,0.197524,-0.104708,6.795808,-0.244902,0.129372,20.523306,-0.622625,1.800834,20.546271,1.007172,-1.617652,2.054627,0.000000,0.000000,2348,2057,2057
1745869675.865438,-2.917543,-0.014197,-0.124848,-4.844927,0.197524,-0.104708,8.119683,0.726379,0.208205,24.529885,1.154891,2.118538,24.562855,-0.655329,-2.322413,2.456285,0.000000,0.000000,2404,2057,2057
1745869675.870443,-2.917543,-0.014197,-0.124848,-4.844927,0.197524,-0.104708,7.959930,1.251262,0.232486,24.047258,2.113219,2.229814,24.084791,-1.564981,-2.643862,2.408479,0.000000,0.000000,2398,2057,2057
1745869675.875439,-2.962506,-0.015862,-0.124184,-5.049321,0.163616,-0.117449,1.879513,0.599079,-0.092599,5.638618,0.527324,1.120640,5.657602,-0.319271,-1.196801,0.565760,0.000000,0.000000,2137,2057,2057
1745869675.880438,-2.962506,-0.015862,-0.124184,-5.049321,0.163616,-0.117449,-2.198969,0.112978,-0.287022,-6.702609,-0.368596,0.512193,-6.695655,0.453939,-0.438398,-0.669565,0.000000,0.000000,1928,2057,2057
1745869675.885439,-3.006504,-0.017521,-0.123543,-4.865646,0.172057,-0.093611,-0.010013,-0.001649,0.209183,-0.063562,-0.425558,1.722417,-0.034660,0.653652,-1.649665,-0.003466,0.000000,0.000000,2023,2057,2057
1745869675.890447,-3.006504,-0.017521,-0.123543,-4.865646,0.172057,-0.093611,1.377762,-0.074055,0.497823,4.139972,-0.537424,2.487527,4.181896,0.867542,-2.392853,0.418190,0.000000,0.000000,2116,2057,2057
1745869675.895437,-3.051283,-0.019220,-0.122783,-4.967863,0.183783,-0.105850,-0.416491,0.176151,0.319378,-1.303531,-0.330736,2.082025,-1.264245,0.517160,-2.044090,-0.126425,0.000000,0.000000,2006,2057,2057
1745869675.900437,-3.094904,-0.020684,-0.122041,-4.830312,0.159041,-0.097298,1.866511,-0.292879,0.376694,5.610853,-1.222130,2.024861,5.651515,1.315302,-1.966036,0.565152,0.000000,0.000000,2137,2057,2057
1745869675.905449,-3.094904,-0.020684,-0.122041,-4.830312,0.159041,-0.097298,3.084890,-0.554311,0.366782,9.296009,-1.688459,2.021123,9.336145,1.780949,-1.940532,0.933614,0.000000,0.000000,2189,2057,2057
1745869675.910437,-3.094904,-0.020684,-0.122041,-4.830312,0.159041,-0.097298,3.473152,-0.650803,0.315626,10.469274,-1.861628,1.895504,10.506646,1.948066,-1.806939,1.050665,0.000000,0.000000,2206,2057,2057
1745869675.915435,3.101849,-0.023572,-0.120145,-4.725235,0.152908,-0.110632,5.868806,-0.782736,-0.081962,17.696767,-2.390859,0.770476,17.717157,2.358357,-0.865105,1.771716,0.000000,0.000000,2308,2057,2057
1745869675.920446,3.101849,-0.023572,-0.120145,-4.725235,0.152908,-0.110632,6.667957,-0.770342,-0.324084,20.107717,-2.364718,0.164567,20.113809,2.356312,-0.258467,2.011381,0.000000,0.000000,2341,2057,2057
1745869675.925438,3.059389,-0.024927,-0.119110,-4.686239,0.157145,-0.099784,7.307411,-0.564480,-0.171408,22.046314,-1.992500,0.541138,22.063839,1.941338,-0.703136,2.206384,0.000000,0.000000,2369,2057,2057
1745869675.930436,3.017572,-0.026167,-0.118035,-4.635040,0.146042,-0.103101,8.073054,-0.636917,-0.134942,24.363865,-2.203095,0.523337,24.384590,2.121435,-0.792119,2.438459,0.000000,0.000000,2402,2057,2057
1745869675.935437,2.976190,-0.027380,-0.116917,-4.555078,0.151809,-0.095412,9.528732,-0.463443,0.093092,28.771728,-1.913691,1.114538,28.810464,1.704065,-1.414945,2.881046,0.000000,0.000000,2465,2057,2057
1745869675.940438,2.976190,-0.027380,-0.116917,-4.555078,0.151809,-0.095412,9.281398,-0.296948,0.225880,28.027537,-1.622815,1.435725,28.073638,1.364276,-1.683957,2.807364,0.000000,0.000000,2454,2057,2057
1745869675.945446,2.976190,-0.027380,-0.116917,-4.555078,0.151809,-0.095412,7.985769,-0.155059,0.282261,24.110497,-1.369955,1.531041,24.158033,1.099174,-1.736359,2.415803,0.000000,0.000000,2399,2057,2057
1745869675.950564,2.976190,-0.027380,-0.116917,-4.555078,0.151809,-0.095412,6.145895,-0.043926,0.283235,18.545744,-1.168123,1.470012,18.590721,0.910144,-1.642896,1.859072,0.000000,0.000000,2320,2057,2057
1745869675.955444,2.935510,-0.028406,-0.115745,-4.445259,0.117223,-0.108539,6.920169,-0.799178,-0.064746,20.887831,-2.554677,0.370710,20.912994,2.424762,-0.885980,2.091299,0.000000,0.000000,2353,2057,2057
1745869675.960440,2.935510,-0.028406,-0.115745,-4.445259,0.117223,-0.108539,6.599493,-1.197328,-0.284448,19.911475,-3.257608,-0.164668,19.925836,3.222372,-0.505616,1.992584,0.000000,0.000000,2339,2057,2057
1745869675.965442,2.894945,-0.029496,-0.114447,-4.527899,0.142502,-0.100162,3.562701,-0.683341,-0.183463,10.719238,-2.415090,0.033817,10.737603,2.333744,-0.622719,1.073760,0.000000,0.000000,2209,2057,2057
1745869675.970462,2.894945,-0.029496,-0.114447,-4.527899,0.142502,-0.100162,1.197060,-0.273064,-0.096801,3.567019,-1.670537,0.133022,3.582859,1.587503,-0.537098,0.358286,0.000000,0.000000,2107,2057,2057
1745869675.975443,2.854876,-0.030313,-0.113065,-4.433426,0.142034,-0.119775,1.873814,0.006067,-0.509344,5.594529,-1.259939,-1.091925,5.573575,1.517306,0.691352,0.557357,0.000000,0.000000,2136,2057,2057
1745869675.980439,2.854876,-0.030313,-0.113065,-4.433426,0.142034,-0.119775,2.075256,0.182644,-0.709310,6.196778,-0.909651,-1.611413,6.157712,1.328232,1.288970,0.615771,0.000000,0.000000,2144,2057,2057
1745869675.985442,2.814047,-0.031210,-0.111647,-4.562338,0.141833,-0.111507,-1.211633,0.267243,-0.546462,-3.737081,-0.768911,-1.384300,-3.770279,1.173390,1.063847,-0.377028,0.000000,0.000000,1970,2057,2057
1745869675.990450,2.814047,-0.031210,-0.111647,-4.562338,0.141833,-0.111507,-3.143361,0.287980,-0.376289,-9.573208,-0.750469,-1.028038,-9.596060,1.041311,0.732298,-0.959606,0.000000,0.000000,1886,2057,2057
1745869675.995445,2.773673,-0.032013,-0.110227,-4.466919,0.136929,-0.113811,-1.640507,0.145752,-0.279272,-5.021942,-1.014978,-0.844658,-5.035491,1.250856,0.423286,-0.503549,0.000000,0.000000,1952,2057,2057
1745869676.000442,2.773673,-0.032013,-0.110227,-4.466919,0.136929,-0.113811,-0.488622,0.037901,-0.183710,-1.534817,-1.235071,-0.549711,-1.537016,1.350135,0.068734,-0.153702,0.000000,0.000000,2002,2057,2057
1745869676.005443,2.732402,-0.032874,-0.108699,-4.580682,0.173096,-0.114464,-2.487227,0.851258,-0.116710,-7.599848,0.075167,-0.584030,-7.618452,0.163405,0.566027,-0.761845,0.000000,0.000000,1915,2057,2057
1745869676.010441,2.650838,-0.034471,-0.105700,-4.637014,0.185041,-0.105782,-4.825635,1.553684,0.152596,-14.668298,1.374348,-0.343465,-14.701081,-1.050272,0.951212,-1.470108,0.000000,0.000000,1813,2057,2057
1745869676.015445,2.650838,-0.034471,-0.105700,-4.637014,0.185041,-0.105782,-5.714916,1.808051,0.304419,-17.352149,1.846942,-0.060278,-17.383999,-1.600552,0.924162,-1.738400,0.000000,0.000000,1775,2057,2057
1745869676.020459,2.650838,-0.034471,-0.105700,-4.637014,0.185041,-0.105782,-5.575854,1.746958,0.363207,-16.929179,1.715707,0.098282,-16.954074,-1.559534,0.722345,-1.695407,0.000000,0.000000,1781,2057,2057
1745869676.025446,2.610181,-0.034893,-0.104269,-4.501846,0.138667,-0.137076,-1.502277,0.361325,-0.409066,-4.606276,-0.684355,-1.735413,-4.646394,1.469399,1.149989,-0.464639,0.000000,0.000000,1957,2057,2057
1745869676.030447,2.568359,-0.035670,-0.102602,-4.635160,0.171415,-0.104233,-1.999033,0.239871,-0.044646,-6.113607,-1.076109,-0.727357,-6.114586,1.298578,0.027479,-0.611459,0.000000,0.000000,1936,2057,2057
1745869676.035447,2.568359,-0.035670,-0.102602,-4.635160,0.171415,-0.104233,-2.068304,0.133672,0.191301,-6.313126,-1.339081,-0.153503,-6.291812,1.208284,-0.597666,-0.629181,0.000000,0.000000,1934,2057,2057
1745869676.040476,2.568359,-0.035670,-0.102602,-4.635160,0.171415,-0.104233,-1.857511,0.049634,0.317842,-5.670308,-1.535501,0.169992,-5.635494,1.197859,-0.976221,-0.563549,0.000000,0.000000,1943,2057,2057
1745869676.045447,2.521928,-0.035700,-0.100641,-4.441367,0.121176,-0.153094,3.221488,-1.232460,-0.832230,9.684074,-3.712442,-2.491353,9.688642,4.469084,-0.127982,0.968864,0.000000,0.000000,2194,2057,2057
1745869676.050455,2.521928,-0.035700,-0.100641,-4.441367,0.121176,-0.153094,6.072881,-1.901094,-1.465354,18.282097,-4.958778,-3.697335,18.277453,6.184081,0.130116,1.827745,0.000000,0.000000,2316,2057,2057
1745869676.055447,2.479293,-0.036500,-0.098889,-4.555758,0.140219,-0.103553,4.327324,-1.623640,-0.472961,13.026703,-4.595760,-1.262593,13.093543,4.400535,-1.831642,1.309354,0.000000,0.000000,2242,2057,2057
1745869676.060443,2.479293,-0.036500,-0.098889,-4.555758,0.140219,-0.103553,2.692793,-1.249481,0.213482,8.112220,-3.960609,0.153518,8.205575,3.028855,-2.558269,0.820558,0.000000,0.000000,2173,2057,2057
1745869676.065446,2.439880,-0.036382,-0.097129,-4.523227,0.198874,-0.153385,2.124781,0.578723,-0.599462,6.328916,-0.449452,-2.573983,6.267924,2.004837,1.676825,0.626792,0.000000,0.000000,2146,2057,2057
1745869676.070469,2.439880,-0.036382,-0.097129,-4.523227,0.198874,-0.153385,1.502573,1.667925,-1.041665,4.425389,1.958732,-3.839852,4.272626,0.982767,4.199833,0.427263,0.000000,0.000000,2117,2057,2057
1745869676.075450,2.360820,-0.037143,-0.094094,-4.208124,0.124335,-0.112098,8.619612,0.326130,-0.183139,26.029049,-0.269158,-1.020723,26.009145,0.909616,0.536020,2.600914,0.000000,0.000000,2425,2057,2057
1745869676.080450,2.321843,-0.037555,-0.092445,-4.217317,0.117565,-0.093233,11.867179,-0.732511,0.847108,35.897902,-2.728931,1.679968,36.015925,0.634219,-3.143414,3.601593,0.000000,0.000000,2567,2057,2057
1745869676.085455,2.321843,-0.037555,-0.092445,-4.217317,0.117565,-0.093233,12.468850,-1.313119,1.395685,37.743468,-4.140000,3.021947,37.934653,0.616185,-5.092017,3.793465,0.000000,0.000000,2594,2057,2057
1745869676.090448,2.321843,-0.037555,-0.092445,-4.217317,0.117565,-0.093233,11.321381,-1.518564,1.570812,34.282392,-4.630702,3.395114,34.496622,0.678267,-5.705790,3.449662,0.000000,0.000000,2545,2057,2057
1745869676.095458,2.284705,-0.037113,-0.090817,-4.213416,0.133470,-0.170687,9.300670,-1.072358,-0.412073,28.106816,-3.322752,-1.659969,28.159705,3.430333,-1.425410,2.815970,0.000000,0.000000,2455,2057,2057
1745869676.100450,2.245826,-0.037008,-0.088958,-4.240085,0.116855,-0.134058,6.236649,-1.066375,-0.714156,18.822556,-3.065602,-2.186599,18.860574,3.622811,-1.027532,1.886057,0.000000,0.000000,2324,2057,2057
1745869676.105462,2.245826,-0.037008,-0.088958,-4.240085,0.116855,-0.134058,3.524698,-0.931863,-0.818624,10.617434,-2.728398,-2.556078,10.637156,3.700533,-0.533047,1.063716,0.000000,0.000000,2207,2057,2057
1745869676.110444,2.245826,-0.037008,-0.088958,-4.240085,0.116855,-0.134058,1.389629,-0.733323,-0.784078,4.162608,-2.278127,-2.622517,4.167778,3.471017,-0.139737,0.416778,0.000000,0.000000,2116,2057,2057
1745869676.115466,2.208110,-0.036730,-0.087097,-4.200301,0.173653,-0.156742,0.835428,0.880876,-1.224052,2.454560,1.235007,-4.237078,2.325440,2.670451,3.516168,0.232544,0.000000,0.000000,2090,2057,2057
1745869676.120458,2.171164,-0.036501,-0.085438,-4.110027,0.227499,-0.133878,2.593159,3.103116,-0.790585,7.749078,6.099503,-3.776107,7.487392,-0.330116,7.170943,0.748739,0.000000,0.000000,2163,2057,2057
1745869676.125454,2.171164,-0.036501,-0.085438,-4.110027,0.227499,-0.133878,3.389536,4.131374,-0.419425,10.170618,8.415893,-3.201325,9.850994,-2.113019,8.758599,0.985099,0.000000,0.000000,2196,2057,2057
1745869676.130417,2.171164,-0.036501,-0.085438,-4.110027,0.227499,-0.133878,3.478264,4.275716,-0.135184,10.451093,8.691995,-2.648136,10.134562,-2.725453,8.673839,1.013456,0.000000,0.000000,2200,2057,2057
1745869676.135457,2.133451,-0.036426,-0.084234,-4.127996,0.069858,-0.101221,2.665335,-0.048473,0.870964,8.098485,-0.585775,1.016623,8.136303,-0.547431,-1.038463,0.813630,0.000000,0.000000,2172,2057,2057
1745869676.140456,2.133451,-0.036426,-0.084234,-4.127996,0.069858,-0.101221,1.827934,-2.746689,1.392658,5.596973,-7.055976,2.581917,5.864661,1.580003,-7.350397,0.586466,0.000000,0.000000,2140,2057,2057
1745869676.145453,2.096358,-0.036085,-0.082346,-4.101150,0.136323,-0.129028,1.731998,-2.489338,0.871203,5.280668,-6.680082,0.990390,5.507215,2.494660,-6.279519,0.550721,0.000000,0.000000,2135,2057,2057
1745869676.150449,2.096358,-0.036085,-0.082346,-4.101150,0.136323,-0.129028,1.459435,-2.022038,0.434831,4.436004,-5.478543,0.019791,4.607449,2.731459,-4.752195,0.460745,0.000000,0.000000,2122,2057,2057
1745869676.155452,2.057814,-0.035594,-0.080667,-4.422081,0.177442,-0.161849,-6.759957,-0.470214,-0.699554,-20.462289,-1.669574,-3.400740,-20.466422,3.786693,0.116136,-2.046642,0.000000,0.000000,1731,2057,2057
1745869676.160460,2.057814,-0.035594,-0.080667,-4.422081,0.177442,-0.161849,-11.131805,0.569591,-1.331580,-33.711943,0.967713,-5.026003,-33.826154,3.988761,3.209361,-3.382615,0.000000,0.000000,1540,2057,2057
1745869676.165451,2.019393,-0.034699,-0.078978,-4.186491,0.064171,-0.199398,-6.761410,-1.615265,-2.485090,-20.503511,-3.300041,-6.142364,-20.492764,6.965850,-0.309759,-2.049276,0.000000,0.000000,1730,2057,2057
1745869676.170454,1.978604,-0.033921,-0.076880,-4.639909,0.215655,-0.159948,-14.276789,0.909832,-1.945730,-43.247016,1.930511,-6.626995,-43.396339,5.317897,4.402977,-4.339634,0.000000,0.000000,1403,2057,2057
1745869676.175470,1.978604,-0.033921,-0.076880,-4.639909,0.215655,-0.159948,-17.285895,2.398812,-1.364542,-52.324725,5.505527,-5.890594,-52.575503,3.224045,7.394481,-5.257550,0.000000,0.000000,1271,2057,2057
1745869676.180452,1.978604,-0.033921,-0.076880,-4.639909,0.215655,-0.159948,-17.057430,3.039452,-0.832724,-51.612742,6.994006,-4.971614,-51.897520,1.790100,8.397005,-5.189752,0.000000,0.000000,1281,2057,2057
1745869676.185454,1.897318,-0.032955,-0.073429,-4.666778,0.228116,-0.097090,-15.487796,3.380991,1.147560,-46.817912,7.677272,-0.961445,-47.067803,-1.551845,7.584135,-4.706780,0.000000,0.000000,1350,2057,2057
1745869676.190454,1.856929,-0.032308,-0.071824,-4.425831,0.136822,-0.134554,-6.694826,0.946052,1.341078,-20.172645,2.272950,0.667346,-20.237031,-1.281741,1.993223,-2.023703,0.000000,0.000000,1734,2057,2057
1745869676.195458,1.856929,-0.032308,-0.071824,-4.425831,0.136822,-0.134554,-0.306803,-0.711598,1.299173,-0.854624,-1.914374,1.053510,-0.785659,-0.470355,-2.135002,-0.078566,0.000000,0.000000,2012,2057,2057
1745869676.200453,1.856929,-0.032308,-0.071824,-4.425831,0.136822,-0.134554,3.761961,-1.670496,1.113586,11.443153,-4.317202,0.994057,11.586076,0.264866,-4.424551,1.158608,0.000000,0.000000,2221,2057,2057
1745869676.205455,1.815376,-0.031599,-0.069925,-4.580788,0.164976,-0.137043,2.081729,-1.383542,0.798700,6.351498,-3.532895,0.039078,6.460146,0.817570,-3.438933,0.646015,0.000000,0.000000,2148,2057,2057
1745869676.210469,1.774461,-0.030633,-0.068046,-4.520430,0.185927,-0.120155,2.243489,-0.516806,0.915822,6.837785,-1.355728,0.087648,6.879012,0.188372,-1.346066,0.687901,0.000000,0.000000,2154,2057,2057
1745869676.215461,1.774461,-0.030633,-0.068046,-4.520430,0.185927,-0.120155,2.070053,0.091766,0.877158,6.311266,0.202890,-0.044324,6.304903,0.002371,0.207759,0.630490,0.000000,0.000000,2146,2057,2057
1745869676.220459,1.736691,-0.029633,-0.066624,-4.075442,0.105181,-0.132864,12.606168,-1.511531,0.434117,38.166026,-3.525780,0.383486,38.270980,0.204007,-3.542257,3.827098,0.000000,0.000000,2599,2057,2057
1745869676.225459,1.736691,-0.029633,-0.066624,-4.075442,0.105181,-0.132864,17.728502,-2.340814,0.100656,53.645136,-5.632221,0.035346,53.809968,0.895212,-5.563176,5.380997,0.000000,0.000000,2818,2057,2057
1745869676.230455,1.736691,-0.029633,-0.066624,-4.075442,0.105181,-0.132864,18.796428,-2.578489,-0.122426,56.866578,-6.226168,-0.309521,57.047085,1.333426,-6.092251,5.704709,0.000000,0.000000,2864,2057,2057
1745869676.235453,1.736691,-0.029633,-0.066624,-4.075442,0.105181,-0.132864,17.172688,-2.413464,-0.248667,51.951199,-5.792242,-0.610439,52.117548,1.558557,-5.614381,5.211755,0.000000,0.000000,2795,2057,2057
1745869676.240458,1.736691,-0.029633,-0.066624,-4.075442,0.105181,-0.132864,14.039115,-2.013088,-0.298151,42.472479,-4.759136,-0.846921,42.607467,1.621190,-4.555942,4.260747,0.000000,0.000000,2660,2057,2057
1745869676.245458,1.696934,-0.028893,-0.064800,-4.472488,0.187097,-0.105416,0.611387,0.493482,0.379614,1.880635,1.464608,-0.935086,1.835244,0.743404,1.571265,0.183524,0.000000,0.000000,2083,2057,2057
1745869676.250463,1.696934,-0.028893,-0.064800,-4.472488,0.187097,-0.105416,-7.965199,2.019984,0.762190,-24.043967,5.377449,-0.649262,-24.200504,-0.032399,5.418667,-2.420050,0.000000,0.000000,1677,2057,2057
1745869676.255458,1.617646,-0.026529,-0.061852,-4.577838,0.186681,-0.147390,-14.980312,2.725673,-0.117099,-45.259498,7.754813,-2.361381,-45.467983,1.995613,7.859659,-4.546798,0.000000,0.000000,1373,2057,2057
1745869676.260457,1.576553,-0.025332,-0.060410,-4.547414,0.145445,-0.125979,-16.844451,1.828913,-0.135122,-50.916572,5.432955,-1.956050,-51.054513,1.924740,5.445873,-5.105451,0.000000,0.000000,1293,2057,2057
1745869676.265458,1.534110,-0.024124,-0.058764,-4.724736,0.161611,-0.113949,-20.306116,1.433539,0.164867,-61.378455,4.467774,-1.579584,-61.484786,1.742393,4.408114,-6.148479,0.000000,0.000000,1144,2057,2057
1745869676.270478,1.534110,-0.024124,-0.058764,-4.724736,0.161611,-0.113949,-20.005283,1.006241,0.334993,-60.463511,3.365328,-1.273727,-60.543530,1.396305,3.317310,-6.054353,0.000000,0.000000,1157,2057,2057
1745869676.275472,1.534110,-0.024124,-0.058764,-4.724736,0.161611,-0.113949,-17.359009,0.614167,0.400737,-52.457740,2.353170,-1.081822,-52.513524,1.167405,2.312579,-5.251352,0.000000,0.000000,1272,2057,2057
1745869676.280398,1.534110,-0.024124,-0.058764,-4.724736,0.161611,-0.113949,-13.614356,0.295371,0.393469,-41.132027,1.529784,-0.985421,-41.168042,1.040869,1.493045,-4.116804,0.000000,0.000000,1435,2057,2057
1745869676.285462,1.482412,-0.022764,-0.056627,-4.933458,0.208297,-0.104357,-14.680601,1.209179,0.578595,-44.342903,4.069226,-0.985793,-44.433209,1.341134,3.967355,-4.443321,0.000000,0.000000,1388,2057,2057
1745869676.290462,1.439590,-0.021604,-0.055044,-4.770954,0.188196,-0.100280,-9.540603,1.134632,0.721773,-28.796241,3.916141,-0.244605,-28.879441,0.754854,3.851378,-2.887944,0.000000,0.000000,1610,2057,2057
1745869676.295459,1.396276,-0.020457,-0.053269,-4.678772,0.176046,-0.094632,-2.866622,0.651122,0.862208,-8.609669,2.712338,0.384542,-8.665687,0.092258,2.738481,-0.866569,0.000000,0.000000,1900,2057,2057
1745869676.300470,1.396276,-0.020457,-0.053269,-4.678772,0.176046,-0.094632,1.719770,0.264440,0.845519,5.262520,1.723629,0.442922,5.226217,-0.136910,1.774726,0.522622,0.000000,0.000000,2131,2057,2057
1745869676.305462,1.317568,-0.017920,-0.050542,-4.310940,0.148182,-0.107045,13.393918,-0.693011,0.427705,40.562189,-0.703822,0.335940,40.572892,-0.501555,-0.597309,4.057289,0.000000,0.000000,2631,2057,2057
1745869676.310508,1.317568,-0.017920,-0.050542,-4.310940,0.148182,-0.107045,19.208191,-1.219912,0.107662,58.142257,-2.069902,-0.177756,58.178969,-0.346486,-2.048752,5.817897,0.000000,0.000000,2880,2057,2057
1745869676.315453,1.317568,-0.017920,-0.050542,-4.310940,0.148182,-0.107045,20.451431,-1.396244,-0.103194,61.898065,-2.539080,-0.555637,61.944614,-0.098200,-2.597726,6.194461,0.000000,0.000000,2934,2057,2057
1745869676.320463,1.279375,-0.016522,-0.049590,-4.290192,0.138900,-0.114715,19.278110,-1.568105,-0.414682,58.341945,-2.962568,-1.064508,58.393887,0.168437,-3.143932,5.839389,0.000000,0.000000,2883,2057,2057
1745869676.325457,1.279375,-0.016522,-0.049590,-4.290192,0.138900,-0.114715,16.175559,-1.484099,-0.560032,48.953844,-2.771901,-1.386869,49.004298,0.531987,-3.053911,4.900430,0.000000,0.000000,2750,2057,2057
1745869676.330462,1.279375,-0.016522,-0.049590,-4.290192,0.138900,-0.114715,12.227252,-1.249093,-0.583633,37.009998,-2.186314,-1.482815,37.051641,0.792136,-2.520509,3.705164,0.000000,0.000000,2581,2057,2057
1745869676.335461,1.240458,-0.015151,-0.048719,-4.304308,0.139097,-0.113555,7.888462,-0.942701,-0.498569,23.888225,-1.373392,-1.335954,23.914475,0.818245,-1.732669,2.391447,0.000000,0.000000,2395,2057,2057
1745869676.340467,1.200605,-0.013880,-0.047495,-4.392527,0.166292,-0.087262,2.008931,0.034070,0.261415,6.124513,1.252572,-0.094793,6.108780,0.541544,1.133534,0.610878,0.000000,0.000000,2143,2057,2057
1745869676.345476,1.200605,-0.013880,-0.047495,-4.392527,0.166292,-0.087262,-1.957339,0.647792,0.710060,-5.865493,2.840050,0.777578,-5.906149,0.302610,2.929265,-0.590615,0.000000,0.000000,1939,2057,2057
1745869676.350470,1.159513,-0.012580,-0.046135,-4.647938,0.181942,-0.061967,-10.466492,1.338052,1.524690,-31.593099,4.760705,2.180019,-31.658964,-0.094961,5.235658,-3.165896,0.000000,0.000000,1571,2057,2057
1745869676.355464,1.118570,-0.011293,-0.045011,-4.560940,0.164681,-0.084226,-12.442936,1.188976,1.309203,-37.580457,4.320742,2.111619,-37.634769,-0.011323,4.809425,-3.763477,0.000000,0.000000,1485,2057,2057
1745869676.360468,1.118570,-0.011293,-0.045011,-4.560940,0.164681,-0.084226,-12.172869,0.948829,1.012211,-36.767792,3.683881,1.497576,-36.812605,0.262706,3.968212,-3.681261,0.000000,0.000000,1497,2057,2057
1745869676.365465,1.077214,-0.009989,-0.043813,-4.550809,0.175515,-0.075741,-10.262917,0.946229,0.908464,-30.988706,3.705327,1.370117,-31.027785,0.548943,3.912398,-3.102778,0.000000,0.000000,1580,2057,2057
1745869676.370484,1.077214,-0.009989,-0.043813,-4.550809,0.175515,-0.075741,-7.787691,0.828296,0.730879,-23.502893,3.390259,1.029286,-23.537588,0.699819,3.473434,-2.353759,0.000000,0.000000,1687,2057,2057
1745869676.375464,1.036184,-0.008616,-0.042904,-4.679194,0.186690,-0.082758,-8.415791,0.925624,0.358826,-25.401722,3.667383,0.426318,-25.430785,1.501727,3.372997,-2.543078,0.000000,0.000000,1660,2057,2057
1745869676.380468,1.036184,-0.008616,-0.042904,-4.679194,0.186690,-0.082758,-7.787993,0.874551,0.078240,-23.505445,3.490790,-0.136135,-23.530729,1.895724,2.934454,-2.353073,0.000000,0.000000,1687,2057,2057
1745869676.385411,0.993344,-0.007086,-0.042135,-4.681252,0.163200,-0.106341,-6.501839,0.167716,-0.677755,-19.636113,1.519254,-1.395075,-19.639736,1.998219,0.511371,-1.963974,0.000000,0.000000,1743,2057,2057
1745869676.390485,0.993344,-0.007086,-0.042135,-4.681252,0.163200,-0.106341,-4.864188,-0.313791,-1.087418,-14.685599,0.305579,-2.309484,-14.678479,2.101828,-1.004720,-1.467848,0.000000,0.000000,1814,2057,2057
1745869676.395464,0.993344,-0.007086,-0.042135,-4.681252,0.163200,-0.106341,-3.251228,-0.572155,-1.205670,-9.807149,-0.324090,-2.588466,-9.795211,1.991846,-1.684603,-0.979521,0.000000,0.000000,1883,2057,2057
1745869676.400464,0.907573,-0.004112,-0.040274,-4.711268,0.196661,-0.051145,-2.563829,0.153160,0.218667,-7.697871,1.847525,0.197415,-7.704357,0.981882,1.577426,-0.770436,0.000000,0.000000,1913,2057,2057
1745869676.405465,0.865821,-0.002871,-0.039267,-4.640106,0.190595,-0.050930,-0.071228,0.444491,1.097997,-0.158385,2.617923,2.283742,-0.168358,-0.042908,3.473795,-0.016836,0.000000,0.000000,2021,2057,2057
1745869676.410472,0.865821,-0.002871,-0.039267,-4.640106,0.190595,-0.050930,1.516027,0.574451,1.520148,4.645009,3.005156,3.213389,4.632460,-0.500019,4.371152,0.463246,0.000000,0.000000,2122,2057,2057
1745869676.415468,0.825322,-0.001470,-0.038216,-4.437488,0.182587,-0.022549,7.291171,0.390000,2.294833,22.111527,2.648994,4.826793,22.103853,-1.749698,5.220510,2.210385,0.000000,0.000000,2370,2057,2057
1745869676.420471,0.825322,-0.001470,-0.038216,-4.437488,0.182587,-0.022549,10.057907,0.225344,2.504685,30.482108,2.332201,5.245912,30.474358,-2.272539,5.272038,3.047436,0.000000,0.000000,2488,2057,2057
1745869676.425487,0.785729,-0.000159,-0.037785,-4.396304,0.154329,-0.093285,11.587002,-0.601249,0.591171,35.077255,-0.243723,1.576545,35.077105,-1.287435,0.942021,3.507710,0.000000,0.000000,2553,2057,2057
1745869676.430465,0.785729,-0.000159,-0.037785,-4.396304,0.154329,-0.093285,11.128024,-1.045976,-0.680984,33.688585,-1.503550,-1.304215,33.688902,-0.140294,-1.985437,3.368890,0.000000,0.000000,2534,2057,2057
1745869676.435467,0.746206,0.001331,-0.037640,-4.425005,0.129118,-0.096277,8.775062,-1.819201,-1.480834,26.558248,-3.549288,-3.157188,26.551955,-0.462851,-4.727694,2.655196,0.000000,0.000000,2433,2057,2057
1745869676.440484,0.746206,0.001331,-0.037640,-4.425005,0.129118,-0.096277,6.203056,-2.086181,-1.806312,18.777645,-4.197530,-3.934710,18.770006,-0.411008,-5.738670,1.877001,0.000000,0.000000,2322,2057,2057
1745869676.445469,0.706104,0.002886,-0.037563,-4.588878,0.176139,-0.107538,-0.173927,-0.849490,-2.064244,-0.498511,-1.296530,-4.133422,-0.510016,1.695549,-3.986403,-0.051002,0.000000,0.000000,2016,2057,2057
1745869676.450476,0.706104,0.002886,-0.037563,-4.588878,0.176139,-0.107538,-4.208787,0.041012,-1.975844,-12.705690,0.612064,-3.720950,-12.712715,2.880147,-2.434111,-1.271272,0.000000,0.000000,1842,2057,2057
1745869676.455473,0.665018,0.004334,-0.037239,-4.462382,0.130213,-0.072937,-3.141079,-0.526711,-0.830657,-9.487764,-0.627560,-1.471762,-9.494463,0.414354,-1.545403,-0.949446,0.000000,0.000000,1888,2057,2057
1745869676.460478,0.665018,0.004334,-0.037239,-4.462382,0.130213,-0.072937,-2.079499,-0.821943,-0.003124,-6.280374,-1.061975,0.345753,-6.282035,-1.049029,-0.383245,-0.628204,0.000000,0.000000,1934,2057,2057
1745869676.465468,0.623823,0.005802,-0.036579,-4.688238,0.201587,-0.019295,-6.678397,0.837779,1.830518,-20.160845,3.440408,4.735566,-20.126881,0.026164,5.853415,-2.012688,0.000000,0.000000,1736,2057,2057
1745869676.470471,0.582245,0.007342,-0.036105,-4.465557,0.129368,-0.063348,-3.321230,0.018206,1.690308,-10.053922,0.950617,4.572491,-10.022043,-1.720432,4.341944,-1.002204,0.000000,0.000000,1880,2057,2057
1745869676.475485,0.582245,0.007342,-0.036105,-4.465557,0.129368,-0.063348,-0.784927,-0.503544,1.393652,-2.378121,-0.168976,3.746349,-2.355829,-2.201254,3.036225,-0.235583,0.000000,0.000000,1990,2057,2057
1745869676.480470,0.582245,0.007342,-0.036105,-4.465557,0.129368,-0.063348,0.903908,-0.769513,1.036679,2.734254,-0.782801,2.839390,2.748506,-2.215202,1.941133,0.274851,0.000000,0.000000,2096,2057,2057
1745869676.485471,0.541257,0.008719,-0.035968,-4.633140,0.145091,-0.088270,-2.240159,-0.459233,0.072494,-6.777981,-0.407010,0.949307,-6.772716,-0.837930,0.603940,-0.677272,0.000000,0.000000,1927,2057,2057
1745869676.490486,0.541257,0.008719,-0.035968,-4.633140,0.145091,-0.088270,-3.958640,-0.206039,-0.547840,-11.970679,-0.025240,-0.455521,-11.974196,0.213058,-0.403429,-1.197420,0.000000,0.000000,1852,2057,2057
1745869676.495471,0.541257,0.008719,-0.035968,-4.633140,0.145091,-0.088270,-4.553096,-0.021765,-0.870367,-13.765898,0.278083,-1.178394,-13.773455,0.845459,-0.866717,-1.377346,0.000000,0.000000,1827,2057,2057
1745869676.500470,0.456215,0.012085,-0.036392,-4.745017,0.155282,-0.118881,-7.114879,0.347514,-1.718679,-21.523217,0.565354,-2.836509,-21.550982,1.757167,-2.297508,-2.155098,0.000000,0.000000,1715,2057,2057
1745869676.505475,0.413199,0.013772,-0.036365,-4.793192,0.182461,-0.064837,-9.046346,1.205246,-0.719938,-27.347512,2.758429,-0.424850,-27.337616,2.696877,0.718595,-2.733762,0.000000,0.000000,1632,2057,2057
1745869676.510470,0.371248,0.015373,-0.036253,-4.653993,0.168123,-0.063258,-5.749808,1.248014,0.037292,-17.394086,2.754473,1.348370,-17.359406,2.077666,2.256043,-1.735941,0.000000,0.000000,1775,2057,2057
1745869676.515479,0.371248,0.015373,-0.036253,-4.653993,0.168123,-0.063258,-2.953588,1.122127,0.513088,-8.943493,2.587682,2.461588,-8.893795,1.518387,3.233031,-0.889379,0.000000,0.000000,1896,2057,2057
1745869676.520496,0.371248,0.015373,-0.036253,-4.653993,0.168123,-0.063258,-0.819497,0.904245,0.751150,-2.491678,2.211251,2.982007,-2.436624,0.978803,3.581476,-0.243662,0.000000,0.000000,1989,2057,2057
1745869676.525479,0.329067,0.017075,-0.036100,-4.673684,0.182650,-0.045577,0.138883,1.011479,1.240163,0.404874,2.533080,4.227834,0.487175,1.030898,4.820280,0.048718,0.000000,0.000000,2064,2057,2057
1745869676.530477,0.329067,0.017075,-0.036100,-4.673684,0.182650,-0.045577,0.730697,0.956176,1.399462,2.192103,2.451580,4.607714,2.280094,0.831009,5.153488,0.228009,0.000000,0.000000,2089,2057,2057
1745869676.535476,0.288754,0.018326,-0.036467,-4.531252,0.120501,-0.099408,4.505215,-0.718469,0.010157,13.600925,-1.576783,0.787320,13.606528,-1.735699,0.305774,1.360653,0.000000,0.000000,2249,2057,2057
1745869676.540519,0.288754,0.018326,-0.036467,-4.531252,0.120501,-0.099408,6.356550,-1.698027,-0.877386,19.220119,-3.497796,-1.611781,19.173545,-2.894018,-2.541505,1.917355,0.000000,0.000000,2328,2057,2057
1745869676.545477,0.245711,0.019906,-0.037232,-4.775689,0.127011,-0.140043,0.786261,-1.939057,-2.307401,2.379749,-4.439849,-4.925169,2.263140,-3.108471,-5.858376,0.226314,0.000000,0.000000,2089,2057,2057
1745869676.550481,0.245711,0.019906,-0.037232,-4.775689,0.127011,-0.140043,-2.876106,-1.857644,-2.942537,-8.684486,-4.356443,-6.448946,-8.830116,-2.656917,-7.316385,-0.883012,0.000000,0.000000,1897,2057,2057
1745869676.555504,0.201304,0.021474,-0.038167,-5.035890,0.174484,-0.135951,-11.249954,-0.408891,-2.882592,-34.020200,-1.610632,-5.711710,-34.147313,-0.436069,-5.919778,-3.414731,0.000000,0.000000,1535,2057,2057
1745869676.560473,0.201304,0.021474,-0.038167,-5.035890,0.174484,-0.135951,-15.105233,0.546133,-2.492629,-45.691667,0.159224,-4.537545,-45.786470,1.063277,-4.415099,-4.578647,0.000000,0.000000,1368,2057,2057
1745869676.565471,0.155041,0.023294,-0.038770,-5.092451,0.180227,-0.099128,-17.110827,1.229395,-1.038706,-51.771372,1.710522,-0.814485,-51.783966,1.815778,-0.540722,-5.178397,0.000000,0.000000,1283,2057,2057
1745869676.570487,0.155041,0.023294,-0.038770,-5.092451,0.180227,-0.099128,-16.281993,1.512103,0.011843,-49.291607,2.292593,1.883011,-49.240014,1.974317,2.215050,-4.924001,0.000000,0.000000,1319,2057,2057
1745869676.575483,0.109103,0.025063,-0.039026,-5.189949,0.216252,-0.050442,-16.147999,2.386261,1.863364,-48.912400,4.280890,6.817511,-48.730826,3.513099,7.245384,-4.873083,0.000000,0.000000,1326,2057,2057
1745869676.580483,0.109103,0.025063,-0.039026,-5.189949,0.216252,-0.050442,-14.086493,2.647646,2.807587,-42.703327,4.795230,9.208581,-42.460765,3.764025,9.679005,-4.246077,0.000000,0.000000,1416,2057,2057
1745869676.585478,0.109103,0.025063,-0.039026,-5.189949,0.216252,-0.050442,-11.060502,2.488814,3.060575,-33.557736,4.521963,9.769413,-33.301944,3.431316,10.206913,-3.330194,0.000000,0.000000,1547,2057,2057
1745869676.590482,0.015747,0.028579,-0.040152,-5.234505,0.170927,-0.084290,-8.879714,0.971768,2.016104,-26.962020,1.007230,6.641427,-26.771734,0.902524,6.659184,-2.677173,0.000000,0.000000,1641,2057,2057
1745869676.595496,-0.031314,0.030083,-0.041398,-5.195744,0.135398,-0.144119,-5.454121,-0.981599,-0.363342,-16.541239,-3.136641,0.048617,-16.536822,-3.133581,0.146866,-1.653682,0.000000,0.000000,1787,2057,2057
1745869676.600478,-0.078868,0.031640,-0.042701,-5.210736,0.165482,-0.126953,-3.002331,-1.353266,-1.393445,-9.095799,-3.736605,-2.567880,-9.167504,-3.927303,-2.266640,-0.916750,0.000000,0.000000,1892,2057,2057
1745869676.605486,-0.078868,0.031640,-0.042701,-5.210736,0.165482,-0.126953,-1.074061,-1.424520,-1.879072,-3.247392,-3.846162,-3.887223,-3.360451,-4.140465,-3.573904,-0.336045,0.000000,0.000000,1976,2057,2057
1745869676.610476,-0.078868,0.031640,-0.042701,-5.210736,0.165482,-0.126953,0.272169,-1.294951,-1.954865,0.826609,-3.611376,-4.134456,0.705164,-3.925888,-3.839000,0.070516,0.000000,0.000000,2067,2057,2057
1745869676.615479,-0.125945,0.033185,-0.043889,-5.244191,0.181331,-0.112817,0.272947,-0.665733,-1.417216,0.811517,-2.497391,-2.738553,0.731739,-2.821607,-2.404481,0.073174,0.000000,0.000000,2067,2057,2057
1745869676.620489,-0.125945,0.033185,-0.043889,-5.244191,0.181331,-0.112817,0.239919,-0.185608,-0.902774,0.693163,-1.664345,-1.438973,0.652712,-1.831916,-1.219183,0.065271,0.000000,0.000000,2066,2057,2057
1745869676.625479,-0.173998,0.034773,-0.045087,-5.351766,0.202986,-0.117977,-2.440814,0.668964,-0.594447,-7.436023,-0.377361,-0.601244,-7.454350,-0.475751,-0.527155,-0.745435,0.000000,0.000000,1917,2057,2057
1745869676.630538,-0.173998,0.034773,-0.045087,-5.351766,0.202986,-0.117977,-3.858916,1.134529,-0.323082,-11.734294,0.441373,0.113487,-11.733064,0.454355,0.035384,-1.173306,0.000000,0.000000,1856,2057,2057
1745869676.635482,-0.222211,0.036364,-0.046324,-5.382627,0.208603,-0.101087,-5.006173,1.418036,0.292596,-15.222285,0.921909,1.632414,-15.171749,1.259003,1.390020,-1.517175,0.000000,0.000000,1807,2057,2057
1745869676.640499,-0.222211,0.036364,-0.046324,-5.382627,0.208603,-0.101087,-5.137483,1.428496,0.654028,-15.633895,0.905802,2.558188,-15.550378,1.447320,2.297181,-1.555038,0.000000,0.000000,1801,2057,2057
1745869676.645476,-0.222211,0.036364,-0.046324,-5.382627,0.208603,-0.101087,-4.591141,1.260262,0.800440,-13.987957,0.585946,2.925750,-13.888832,1.216335,2.726482,-1.388883,0.000000,0.000000,1825,2057,2057
1745869676.650474,-0.222211,0.036364,-0.046324,-5.382627,0.208603,-0.101087,-3.683795,0.999573,0.796052,-11.244446,0.112776,2.903241,-11.142327,0.749838,2.808860,-1.114233,0.000000,0.000000,1864,2057,2057
1745869676.655473,-0.222211,0.036364,-0.046324,-5.382627,0.208603,-0.101087,-2.658767,0.712274,0.695809,-8.141254,-0.399426,2.634177,-8.044575,0.190932,2.659196,-0.804457,0.000000,0.000000,1909,2057,2057
1745869676.660484,-0.271016,0.037751,-0.047821,-5.436456,0.183948,-0.129602,-3.004168,-0.162718,-0.153330,-9.145677,-2.184027,0.154550,-9.117970,-2.062934,0.734119,-0.911797,0.000000,0.000000,1893,2057,2057
1745869676.665488,-0.271016,0.037751,-0.047821,-5.436456,0.183948,-0.129602,-2.853024,-0.694846,-0.670297,-8.667860,-3.102820,-1.098352,-8.676456,-3.283606,-0.227767,-0.867646,0.000000,0.000000,1899,2057,2057
1745869676.670486,-0.419795,0.041347,-0.053095,-5.601550,0.191147,-0.132631,-6.451350,-0.769522,-0.988886,-19.518124,-3.532164,-2.168500,-19.540489,-4.109298,-0.541062,-1.954049,0.000000,0.000000,1744,2057,2057
1745869676.675496,-0.419795,0.041347,-0.053095,-5.601550,0.191147,-0.132631,-7.941136,-0.722455,-1.069543,-24.018455,-3.432345,-2.304972,-24.047659,-4.073767,-0.706509,-2.404766,0.000000,0.000000,1680,2057,2057
1745869676.680480,-0.470753,0.042634,-0.054911,-5.653029,0.228707,-0.122626,-9.163911,0.312990,-0.745034,-27.743585,-1.734389,-1.610770,-27.771267,-2.276311,-0.649507,-2.777127,0.000000,0.000000,1626,2057,2057
1745869676.685555,-0.470753,0.042634,-0.054911,-5.653029,0.228707,-0.122626,-8.816309,0.941625,-0.443521,-26.705412,-0.563681,-1.011893,-26.732978,-0.961319,-0.646753,-2.673298,0.000000,0.000000,1641,2057,2057
1745869676.690561,-0.521601,0.043855,-0.056685,-5.607625,0.194812,-0.104750,-6.389193,0.382955,0.237343,-19.371415,-1.413898,0.449208,-19.323408,-1.002054,1.095028,-1.932341,0.000000,0.000000,1747,2057,2057
1745869676.695552,-0.521601,0.043855,-0.056685,-5.607625,0.194812,-0.104750,-4.077619,-0.015952,0.637302,-12.404554,-2.275478,1.366965,-12.302789,-1.291774,2.321222,-1.230279,0.000000,0.000000,1848,2057,2057
1745869676.700606,-0.572837,0.045094,-0.058581,-5.649611,0.223960,-0.115882,-3.131619,0.452181,0.539259,-9.547903,-1.636590,0.724760,-9.480390,-0.982502,1.497649,-0.948039,0.000000,0.000000,1888,2057,2057
1745869676.705565,-0.623068,0.046117,-0.060521,-5.597257,0.203930,-0.118269,-0.890264,0.199228,0.354433,-2.740491,-1.913634,-0.036022,-2.690308,-1.575067,1.088566,-0.269031,0.000000,0.000000,1985,2057,2057
1745869676.710562,-0.623068,0.046117,-0.060521,-5.597257,0.203930,-0.118269,0.650801,0.013318,0.193235,1.925847,-2.255688,-0.451552,1.969669,-2.095320,0.950570,0.196967,0.000000,0.000000,2085,2057,2057
1745869676.715495,-0.672967,0.046754,-0.062674,-5.526928,0.189510,-0.152454,3.235034,-0.453010,-0.757213,9.818709,-2.958427,-3.138807,9.790147,-4.269864,-0.611123,0.979015,0.000000,0.000000,2195,2057,2057
1745869676.720536,-0.672967,0.046754,-0.062674,-5.526928,0.189510,-0.152454,4.519632,-0.700752,-1.282391,13.729427,-3.356635,-4.349577,13.668180,-5.335938,-1.310473,1.366818,0.000000,0.000000,2250,2057,2057
1745869676.725573,-0.672967,0.046754,-0.062674,-5.526928,0.189510,-0.152454,4.766548,-0.769634,-1.453681,14.484870,-3.462201,-4.737730,14.412500,-5.660427,-1.548459,1.441250,0.000000,0.000000,2261,2057,2057
1745869676.730592,-0.771533,0.047346,-0.067086,-5.419136,0.169016,-0.171184,6.981801,-1.221517,-1.841785,21.247460,-4.038755,-5.928307,21.179529,-7.028574,-1.435313,2.117953,0.000000,0.000000,2357,2057,2057
1745869676.735554,-0.771533,0.047346,-0.067086,-5.419136,0.169016,-0.171184,7.513561,-1.354722,-1.859462,22.855250,-4.322253,-5.966750,22.795379,-7.258602,-1.265015,2.279538,0.000000,0.000000,2379,2057,2057
1745869676.740567,-0.771533,0.047346,-0.067086,-5.419136,0.169016,-0.171184,6.938384,-1.274933,-1.644120,21.104939,-4.199879,-5.479360,21.057579,-6.831054,-1.000660,2.105758,0.000000,0.000000,2355,2057,2057
1745869676.745526,-0.821138,0.047636,-0.069387,-5.435654,0.191115,-0.148762,5.332268,-0.532755,-0.764383,16.194742,-2.846351,-3.591215,16.177403,-4.567960,-0.364119,1.617740,0.000000,0.000000,2286,2057,2057
1745869676.750502,-0.821138,0.047636,-0.069387,-5.435654,0.191115,-0.148762,3.665016,0.004158,-0.111888,11.120404,-1.811748,-2.210073,11.111830,-2.852104,-0.180064,1.111183,0.000000,0.000000,2214,2057,2057
1745869676.755491,-0.870198,0.047965,-0.071591,-5.446334,0.200281,-0.136305,1.899013,0.568793,0.620735,5.744400,-0.655299,-0.737782,5.745615,-0.986457,0.025347,0.574562,0.000000,0.000000,2138,2057,2057
1745869676.760486,-0.870198,0.047965,-0.071591,-5.446334,0.200281,-0.136305,0.547488,0.857314,1.009418,1.638110,-0.097418,0.098977,1.644748,0.012861,0.138439,0.164475,0.000000,0.000000,2080,2057,2057
1745869676.765486,-0.919520,0.048319,-0.073724,-5.390141,0.188986,-0.112215,1.001337,0.658383,1.722155,2.965904,-0.424903,1.702245,3.032144,1.096236,1.371435,0.303214,0.000000,0.000000,2100,2057,2057
1745869676.770485,-0.968733,0.048451,-0.076085,-5.532985,0.253152,-0.142761,-2.333566,2.023827,1.213718,-7.060121,2.475196,-0.202478,-7.164598,1.234938,-2.157183,-0.716460,0.000000,0.000000,1921,2057,2057
1745869676.775500,-0.968733,0.048451,-0.076085,-5.532985,0.253152,-0.142761,-4.162818,2.641545,0.742016,-12.558823,4.007501,-1.188958,-12.751627,1.289723,-3.980888,-1.275163,0.000000,0.000000,1841,2057,2057
1745869676.780483,-0.968733,0.048451,-0.076085,-5.532985,0.253152,-0.142761,-4.801454,2.705871,0.355014,-14.466026,4.236968,-1.955339,-14.689046,0.788053,-4.604775,-1.468905,0.000000,0.000000,1813,2057,2057
