stamp,phi,theta,psi,p,q,r,p_dot,q_dot,r_dot,Tix,Tiy,Tiz,Gx,Gy,Gz,cmdTroll,cmdTpitch,cmdTyaw,rawIroll,rawIpitch,rawIyaw
1745872832.338786,-2.788999,0.033018,0.341505,0.000416,0.002675,0.002402,0.000000,0.000000,0.000000,0.000017,-0.000002,-0.000000,0.000017,0.000002,0.000001,0.000017,0.000002,0.000001,2057,2057,2057
1745872832.343806,-2.788999,0.033018,0.341505,0.000416,0.002675,0.002402,0.000000,0.000000,0.000000,0.000017,-0.000002,-0.000000,0.000017,0.000002,0.000001,0.000017,0.000002,0.000001,2057,2057,2057
1745872832.348799,-2.788970,0.033022,0.341544,0.003881,0.000926,0.000111,0.084774,-0.042793,-0.056029,0.258518,-0.088779,-0.149137,0.264154,0.031811,0.170714,0.264154,0.031811,0.170714,2094,2061,2081
1745872832.353806,-2.788970,0.033022,0.341544,0.003881,0.000926,0.000111,0.128205,-0.064717,-0.084733,0.390961,-0.134260,-0.225541,0.399485,0.048106,0.258172,0.399485,0.048106,0.258172,2113,2064,2093
1745872832.358800,-2.788997,0.032998,0.341553,-0.003896,0.003620,-0.003530,-0.050462,-0.004679,-0.181551,-0.145926,-0.035477,-0.451448,-0.131536,-0.122606,0.436163,-0.131536,-0.122606,0.436163,2005,2006,2119
1745872832.363795,-2.788997,0.032998,0.341553,-0.003896,0.003620,-0.003530,-0.157349,0.033883,-0.220623,-0.467799,0.031365,-0.539231,-0.451451,-0.215651,0.495496,-0.451451,-0.215651,0.495496,1959,1993,2127
1745872832.368850,-2.788997,0.032998,0.341553,-0.003896,0.003620,-0.003530,-0.206334,0.054386,-0.218352,-0.616056,0.070289,-0.528739,-0.600478,-0.248557,0.472195,-0.600478,-0.248557,0.472195,1938,1988,2124
1745872832.373839,-2.788997,0.032998,0.341553,-0.003896,0.003620,-0.003530,-0.211291,0.060412,-0.189957,-0.632106,0.085802,-0.456872,-0.618930,-0.238298,0.399352,-0.618930,-0.238298,0.399352,1935,1990,2113
1745872832.378818,-2.788992,0.032978,0.341574,0.001016,-0.001552,-0.007088,-0.068860,-0.069299,-0.235697,-0.199435,-0.164736,-0.595335,-0.179126,-0.050992,0.615934,-0.179126,-0.050992,0.615934,1998,2016,2144
1745872832.383813,-2.788990,0.032955,0.341556,0.000768,0.004294,-0.001043,0.023989,-0.000215,-0.088086,0.075799,-0.013447,-0.220536,0.082775,-0.063540,0.211727,0.082775,-0.063540,0.211727,2068,2015,2087
1745872832.388820,-2.789148,0.032948,0.341616,-0.044650,0.010611,-0.011653,-1.034489,0.198635,-0.244026,-3.120121,0.338646,-0.540073,-3.107268,-0.504259,0.390190,-3.107268,-0.504259,0.390190,1579,1951,2112
1745872832.393813,-2.789148,0.032948,0.341616,-0.044650,0.010611,-0.011653,-1.574859,0.299626,-0.312412,-4.751943,0.519202,-0.675783,-4.736945,-0.720563,0.455266,-4.736945,-0.720563,0.455266,1346,1921,2121
1745872832.398809,-2.789148,0.032948,0.341616,-0.044650,0.010611,-0.011653,-1.724569,0.326958,-0.317533,-5.204550,0.570049,-0.679008,-5.190031,-0.769398,0.440733,-5.190031,-0.769398,0.440733,1281,1914,2119
1745872832.403806,-2.789148,0.032948,0.341616,-0.044650,0.010611,-0.011653,-1.608345,0.304258,-0.281931,-4.854341,0.532458,-0.597868,-4.841905,-0.706109,0.377523,-4.841905,-0.706109,0.377523,1331,1923,2110
1745872832.408803,-2.795490,0.032123,0.342826,-1.070893,0.249620,-0.164314,-26.466545,6.105013,-3.962953,-79.970281,10.919477,-7.641202,-79.858333,-12.864131,3.485630,-79.858333,-12.864131,3.485630,0,183,2550
1745872832.413805,-2.807120,0.031861,0.345184,-1.267427,-0.171205,-0.340634,-43.780868,-1.282525,-10.129198,-131.975579,-4.581486,-23.723011,-131.213438,-3.459977,23.924478,-131.213438,-3.459977,23.924478,0,1529,4095
1745872832.418805,-2.830276,0.027862,0.346924,-3.035833,0.452131,-0.273364,-92.696139,9.476657,-11.138911,-280.215274,16.220597,-21.784333,-279.775818,-22.113706,15.774729,-279.775818,-22.113706,15.774729,0,0,4095
1745872832.423815,-2.830276,0.027862,0.346924,-3.035833,0.452131,-0.273364,-112.311955,15.130861,-10.411308,-339.573645,26.846277,-18.595885,-339.309485,-31.251958,9.482323,-339.309485,-31.251958,9.482323,0,0,3399
1745872832.428808,-2.830276,0.027862,0.346924,-3.035833,0.452131,-0.273364,-110.901234,16.837479,-8.677060,-335.363279,30.243872,-14.054299,-335.248608,-33.095088,4.116238,-335.248608,-33.095088,4.116238,0,0,2639
1745872832.433803,-2.862890,0.025723,0.348030,-3.719373,0.258175,-0.200136,-113.186776,11.113090,-4.726083,-342.336155,19.659354,-5.771923,-342.332534,-20.488668,0.140786,-342.332534,-20.488668,0.140786,0,0,2077
1745872832.438808,-2.903671,0.019911,0.347214,-4.760567,0.577602,-0.012415,-126.303284,13.956310,2.960920,-381.916195,27.716033,14.713478,-382.331027,-23.467543,-20.835340,-382.331027,-23.467543,-20.835340,0,0,0
1745872832.443807,-2.944225,0.014386,0.344853,-4.376730,0.832911,0.150545,-109.699673,20.295426,11.445143,-331.297746,41.059911,36.414102,-331.927287,-33.122399,-43.763069,-331.927287,-33.122399,-43.763069,0,0,0
1745872832.448825,-2.944225,0.014386,0.344853,-4.376730,0.832911,0.150545,-85.676940,21.824851,15.424019,-258.690516,44.169585,46.340854,-259.468870,-34.225180,-54.107946,-259.468870,-34.225180,-54.107946,0,0,0
1745872832.453807,-2.944225,0.014386,0.344853,-4.376730,0.832911,0.150545,-60.112935,20.110833,16.030568,-181.365478,41.103039,47.334584,-182.149199,-31.023309,-54.481109,-182.149199,-31.023309,-54.481109,0,0,0
1745872832.458865,-2.944225,0.014386,0.344853,-4.376730,0.832911,0.150545,-36.252918,16.525289,14.440929,-109.159297,34.452027,42.575019,-109.857110,-25.434713,-48.509141,-109.857110,-25.434713,-48.509141,0,0,0
1745872832.463806,-2.985112,0.008259,0.341288,-4.561125,0.628674,0.269009,-21.602933,7.352211,14.562833,-64.845368,17.690172,40.801441,-65.200991,-11.115405,-43.061282,-65.200991,-11.115405,-43.061282,0,433,0
1745872832.468814,-2.985112,0.008259,0.341288,-4.561125,0.628674,0.269009,-9.547890,0.552515,12.875824,-28.358717,5.320266,35.879180,-28.658264,0.336263,-36.271166,-28.658264,0.336263,-36.271166,0,2104,0
1745872832.473808,-3.023899,0.001461,0.339216,-4.142209,0.784112,0.080459,9.475292,0.002168,5.619414,29.057061,2.022228,18.205599,29.030306,0.129510,-18.317128,29.030306,0.129510,-18.317128,4095,2075,0
1745872832.478827,-3.056839,-0.002094,0.339442,-3.471169,0.456149,-0.136386,36.906506,-8.412671,-5.016303,111.506599,-15.651992,-11.141183,111.480579,14.652687,12.426192,111.480579,14.652687,12.426192,4095,4095,3816
1745872832.483821,-3.056839,-0.002094,0.339442,-3.471169,0.456149,-0.136386,49.616001,-12.668685,-11.085359,149.943125,-23.496317,-26.948319,149.882733,21.130751,28.840663,149.882733,21.130751,28.840663,4095,4095,4095
1745872832.488835,-3.056839,-0.002094,0.339442,-3.471169,0.456149,-0.136386,51.602322,-13.818044,-13.580815,155.946712,-25.648136,-33.431778,155.872411,22.726008,35.483021,155.872411,22.726008,35.483021,4095,4095,4095
1745872832.493807,-3.085522,-0.008352,0.340255,-2.974510,0.661426,-0.146871,58.643710,-7.848645,-13.740721,177.065828,-14.791452,-32.695631,176.786260,12.935907,33.474345,176.786260,12.935907,33.474345,4095,3888,4095
1745872832.498806,-3.102135,-0.012465,0.342758,-1.494561,0.521615,-0.345884,92.234970,-6.513527,-17.043406,278.270070,-12.740901,-41.919462,277.741656,11.077370,42.392723,277.741656,11.077370,42.392723,4095,3625,4095
1745872832.503814,-3.102135,-0.012465,0.342758,-1.494561,0.521615,-0.345884,102.214085,-4.868140,-17.046242,308.458551,-9.806267,-41.759958,307.933567,8.151311,42.117558,307.933567,8.151311,42.117558,4095,3211,4095
1745872832.508810,-3.112291,-0.017414,0.343764,-0.996069,0.461628,-0.038613,108.174802,-4.702412,-7.436952,327.051074,-8.505488,-16.672051,326.756500,8.013383,16.916651,326.756500,8.013383,16.916651,4095,3191,4095
1745872832.513850,-3.112291,-0.017414,0.343764,-0.996069,0.461628,-0.038613,98.633796,-4.016417,-0.384296,298.324178,-7.184381,1.402762,298.344932,7.222394,-1.191855,298.344932,7.222394,-1.191855,4095,3079,1853
1745872832.518815,-3.112291,-0.017414,0.343764,-0.996069,0.461628,-0.038613,80.615777,-3.097991,4.042237,243.904285,-5.486447,12.524609,244.119519,5.851035,-12.360366,244.119519,5.851035,-12.360366,4095,2885,255
1745872832.523806,-3.113386,-0.020864,0.343623,0.123306,0.383938,0.000987,86.714537,-4.036237,7.342901,262.479530,-7.091966,20.868926,262.910657,7.677708,-20.665109,262.910657,7.677708,-20.665109,4095,3144,0
1745872832.528810,-3.113075,-0.024368,0.343324,-0.013354,0.416021,0.042985,76.620800,-3.350944,9.568477,232.076662,-5.833012,26.767517,232.724756,6.593877,-26.598210,232.724756,6.593877,-26.598210,4095,2990,0
1745872832.533817,-3.113075,-0.024368,0.343324,-0.013354,0.416021,0.042985,60.827793,-2.505972,9.801764,184.314280,-4.325246,26.960982,184.968136,5.092240,-26.834659,184.968136,5.092240,-26.834659,4095,2778,0
1745872832.538888,-3.113075,-0.024368,0.343324,-0.013354,0.416021,0.042985,43.150059,-1.653279,8.731716,130.816409,-2.821740,23.731665,131.392632,3.497267,-23.648579,131.392632,3.497267,-23.648579,4095,2552,0
1745872832.543814,-3.108646,-0.034812,0.342829,0.296071,0.620239,-0.057780,34.534400,3.999401,4.576931,104.537167,7.219700,12.996248,104.997814,-6.787674,-13.235037,104.997814,-6.787674,-13.235037,4095,1052,130
1745872832.548911,-3.107724,-0.040407,0.343231,0.078740,0.597338,-0.059679,19.186965,6.656191,1.231612,57.997143,11.893986,4.085143,58.178488,-11.748835,-4.489215,58.178488,-11.748835,-4.489215,4095,342,1381
1745872832.553816,-3.107724,-0.040407,0.343231,0.078740,0.597338,-0.059679,7.562206,7.446070,-0.940751,22.753301,13.264784,-2.040068,22.689031,-13.326257,1.591029,22.689031,-13.326257,1.591029,4095,117,2282
1745872832.558814,-3.107724,-0.040407,0.343231,0.078740,0.597338,-0.059679,-0.890838,7.064263,-2.237640,-2.862241,12.561446,-5.777531,-3.078489,-12.749880,5.353235,-3.078489,-12.749880,5.353235,1583,199,2815
1745872832.563815,-3.107724,-0.040407,0.343231,0.078740,0.597338,-0.059679,-6.134163,5.957369,-2.784787,-18.740053,10.578159,-7.443827,-19.026343,-10.824153,7.087149,-19.026343,-10.824153,7.087149,0,475,3060
1745872832.568811,-3.107724,-0.040407,0.343231,0.078740,0.597338,-0.059679,-8.695750,4.528541,-2.789471,-26.485594,8.030219,-7.592388,-26.781375,-8.282705,7.322093,-26.781375,-8.282705,7.322093,0,838,3093
1745872832.573814,-3.105688,-0.046518,0.343591,0.248080,0.710121,-0.066833,-5.102267,5.833471,-2.626148,-15.644879,10.364718,-7.180818,-15.961620,-10.615807,6.811496,-15.961620,-10.615807,6.811496,0,505,3021
1745872832.578811,-3.105688,-0.046518,0.343591,0.248080,0.710121,-0.066833,-2.207543,5.943177,-2.201316,-6.872601,10.568290,-5.931536,-7.130884,-10.774403,5.554351,-7.130884,-10.774403,5.554351,1003,482,2843
1745872832.583840,-3.105688,-0.046518,0.343591,0.248080,0.710121,-0.066833,-0.092483,5.281203,-1.659738,-0.451456,9.397805,-4.432872,-0.641975,-9.550875,4.097094,-0.641975,-9.550875,4.097094,1932,657,2637
1745872832.588821,-3.105688,-0.046518,0.343591,0.248080,0.710121,-0.066833,1.240697,4.219305,-1.117564,3.606035,7.514097,-2.979326,3.479989,-7.616203,2.710605,3.479989,-7.616203,2.710605,2549,934,2440
1745872832.593815,-3.104269,-0.065519,0.343450,0.027522,0.683441,0.017934,-3.461095,2.377624,1.437439,-10.261359,4.260301,3.497678,-10.021596,-4.126819,-3.662071,-10.021596,-4.126819,-3.662071,590,1433,1500
1745872832.598815,-3.106269,-0.072735,0.343559,-0.290928,0.816589,-0.061071,-13.818396,4.182102,0.944559,-41.727423,7.460520,1.713081,-41.583481,-7.395366,-1.980730,-41.583481,-7.395366,-1.980730,0,965,1740
1745872832.603818,-3.106269,-0.072735,0.343559,-0.290928,0.816589,-0.061071,-18.679132,4.811443,0.516879,-56.438269,8.573478,0.228258,-56.399586,-8.560068,-0.532309,-56.399586,-8.560068,-0.532309,0,799,1947
1745872832.608814,-3.108460,-0.079740,0.344179,-0.278373,0.771373,-0.114256,-19.153961,3.512524,-1.118767,-58.116170,6.201488,-4.252760,-58.439404,-6.338963,4.057888,-58.439404,-6.338963,4.057888,0,1117,2631
1745872832.613816,-3.114009,-0.086814,0.345420,-0.783229,0.792154,-0.175140,-29.481144,2.769170,-3.509504,-89.645360,4.687284,-11.098187,-90.599647,-4.991594,11.006136,-90.599647,-4.991594,11.006136,0,1309,3615
1745872832.618819,-3.114009,-0.086814,0.345420,-0.783229,0.792154,-0.175140,-32.400135,1.959419,-4.591696,-98.555001,3.228495,-14.194254,-99.782147,-3.618751,14.153111,-99.782147,-3.618751,14.153111,0,1506,4060
1745872832.623814,-3.125692,-0.093861,0.347497,-1.329517,0.785235,-0.281583,-43.648868,1.038712,-7.318533,-133.018932,1.168876,-22.178157,-135.104726,-1.521360,22.254728,-135.104726,-1.521360,22.254728,0,1806,4095
1745872832.628820,-3.125692,-0.093861,0.347497,-1.329517,0.785235,-0.281583,-45.430993,0.327779,-8.150324,-138.478540,-0.105071,-24.526544,-140.787286,-0.284913,24.633545,-140.787286,-0.284913,24.633545,0,1983,4095
1745872832.633837,-3.125692,-0.093861,0.347497,-1.329517,0.785235,-0.281583,-40.969321,-0.163105,-7.674422,-124.974980,-0.975233,-22.837629,-127.126057,0.611993,22.951274,-127.126057,0.611993,22.951274,0,2143,4095
1745872832.638820,-3.140966,-0.101504,0.349883,-1.926112,0.882655,-0.244281,-47.717578,1.927439,-5.525108,-145.082080,2.601840,-17.553817,-146.869835,-2.612839,17.642993,-146.869835,-2.612839,17.642993,0,1650,4095
1745872832.643821,3.118219,-0.110591,0.351042,-2.707091,0.968235,-0.065936,-65.320889,5.118521,0.886797,-196.896337,8.653519,-2.391407,-197.184273,-8.595265,2.608936,-197.184273,-8.595265,2.608936,0,794,2426
1745872832.648817,3.093561,-0.120642,0.351330,-2.826710,1.235957,0.044786,-71.371167,13.060659,7.538506,-213.863946,22.940496,14.294045,-212.266591,-23.600335,-13.272596,-212.266591,-23.600335,-13.272596,0,0,124
1745872832.653816,3.093561,-0.120642,0.351330,-2.826710,1.235957,0.044786,-66.468518,16.491689,10.828145,-198.682173,28.986425,23.423222,-196.014546,-30.077607,-22.165602,-196.014546,-30.077607,-22.165602,0,0,0
1745872832.658818,3.093561,-0.120642,0.351330,-2.826710,1.235957,0.044786,-55.222228,16.642169,11.583074,-164.738743,29.226633,26.859286,-161.656436,-30.482514,-25.611215,-161.656436,-30.482514,-25.611215,0,0,0
1745872832.663818,3.067330,-0.131999,0.350176,-2.936894,1.233565,0.241652,-44.045239,14.639530,15.464032,-129.655843,26.158148,38.069598,-124.872901,-28.910603,-36.340013,-124.872901,-28.910603,-36.340013,0,0,0
1745872832.668820,3.067330,-0.131999,0.350176,-2.936894,1.233565,0.241652,-31.574830,11.578243,16.024889,-92.080552,20.648267,41.417072,-86.800109,-23.664272,-40.119947,-86.800109,-23.664272,-40.119947,0,0,0
1745872832.673818,3.042400,-0.143875,0.348441,-2.678334,1.242838,0.315574,-13.493760,8.452414,16.226586,-37.272891,14.926692,44.079460,-31.132371,-19.218508,-42.827093,-31.132371,-19.218508,-42.827093,0,0,0
1745872832.678821,3.020858,-0.154539,0.347993,-2.325705,1.242798,0.145380,8.250097,5.436911,10.194503,26.411566,8.723480,31.187360,31.070941,-12.416219,-30.270411,31.070941,-12.416219,-30.270411,4095,247,0
1745872832.683846,3.020858,-0.154539,0.347993,-2.325705,1.242798,0.145380,21.048374,2.851296,5.106273,63.953675,4.315969,20.229186,67.001091,-6.720978,-19.798049,67.001091,-6.720978,-19.798049,4095,1062,0
1745872832.688843,3.020858,-0.154539,0.347993,-2.325705,1.242798,0.145380,26.490416,0.877779,1.284703,79.642694,0.962948,11.302808,81.372579,-2.317261,-11.238485,81.372579,-2.317261,-11.238485,4095,1692,416
1745872832.693823,3.001180,-0.165053,0.348743,-2.016104,1.072187,0.033088,34.246920,-4.636838,-4.021772,101.507860,-9.014402,-1.518162,101.467611,9.138155,0.244967,101.467611,9.138155,0.244967,4095,3350,2091
1745872832.698832,2.986087,-0.176536,0.350724,-1.291966,1.088871,-0.027392,52.779141,-7.174785,-8.396409,155.673098,-13.316113,-9.729720,154.326242,14.662367,7.669115,154.326242,14.662367,7.669115,4095,4095,3142
1745872832.703823,2.986087,-0.176536,0.350724,-1.291966,1.088871,-0.027392,57.982054,-7.893831,-10.122297,170.911232,-14.517458,-13.179648,168.989550,16.383539,10.942222,168.989550,16.383539,10.942222,4095,4095,3606
1745872832.708823,2.986087,-0.176536,0.350724,-1.291966,1.088871,-0.027392,54.191512,-7.384566,-9.978916,159.597440,-13.591582,-13.563903,157.582455,15.528348,11.473497,157.582455,15.528348,11.473497,4095,4095,3681
1745872832.713825,2.972979,-0.196371,0.353962,-0.302907,1.150233,0.100903,69.394182,-4.653379,-5.520850,205.560015,-8.512537,0.992249,206.038793,8.225299,-2.453877,206.038793,8.225299,-2.453877,4095,3221,1672
1745872832.718832,2.972979,-0.196371,0.353962,-0.302907,1.150233,0.100903,70.501587,-2.353257,-2.021040,209.588934,-4.629380,10.176597,211.739246,2.855932,-11.020970,211.739246,2.855932,-11.020970,4095,2461,447
1745872832.723824,2.972737,-0.206180,0.353847,0.100475,1.043226,0.202449,72.431185,-3.232927,2.915871,216.518436,-6.477456,23.735753,221.639899,2.396425,-25.016593,221.639899,2.396425,-25.016593,4095,2396,0
1745872832.728823,2.975664,-0.215585,0.353650,0.371019,1.016074,0.207092,71.424494,-4.060276,5.802184,213.950487,-8.146148,31.468347,221.041684,2.836704,-33.148979,221.041684,2.836704,-33.148979,4095,2458,0
1745872832.733823,2.979817,-0.225707,0.353413,0.471428,1.181372,0.203206,64.499542,-0.036550,6.822348,193.245122,-0.866001,32.707886,200.689460,-4.413592,-33.264007,200.689460,-4.413592,-33.264007,4095,1392,0
1745872832.738826,2.979817,-0.225707,0.353413,0.471428,1.181372,0.203206,52.211021,2.514413,6.631735,156.685274,3.826075,29.069608,163.131563,-8.458382,-28.804364,163.131563,-8.458382,-28.804364,4095,813,0
1745872832.743823,2.979817,-0.225707,0.353413,0.471428,1.181372,0.203206,38.055890,3.817396,5.699102,114.411051,6.333332,23.127082,119.417905,-9.975735,-22.372446,119.417905,-9.975735,-22.372446,4095,596,0
1745872832.748816,2.979817,-0.225707,0.353413,0.471428,1.181372,0.203206,24.452458,4.174654,4.412622,73.696381,7.157312,16.457677,77.161331,-9.714709,-15.482654,77.161331,-9.714709,-15.482654,4095,634,0
1745872832.753825,2.983805,-0.236204,0.354107,0.438402,1.163611,0.074112,12.010451,3.453872,-0.113139,35.176207,6.332774,1.830051,35.371707,-6.541666,-0.835424,35.371707,-6.541666,-0.835424,4095,1088,1904
1745872832.758823,2.987343,-0.247109,0.355300,0.422495,1.241399,0.062309,2.300890,4.480574,-3.242556,5.451239,8.467753,-8.916535,2.900426,-6.997294,10.428421,2.900426,-6.997294,10.428421,2467,1022,3533
1745872832.763846,2.987343,-0.247109,0.355300,0.422495,1.241399,0.062309,-4.155715,4.582224,-4.833450,-14.072507,8.803714,-14.801918,-18.103389,-6.425044,16.479350,-18.103389,-6.425044,16.479350,0,1104,4095
1745872832.768825,2.990817,-0.258709,0.356408,0.416368,1.305566,0.081203,-7.837116,5.649922,-4.775789,-24.938316,10.728360,-15.825382,-29.505282,-8.229597,17.851368,-29.505282,-8.229597,17.851368,0,846,4095
1745872832.773828,2.990817,-0.258709,0.356408,0.416368,1.305566,0.081203,-9.223350,5.639777,-4.156166,-28.863166,10.677793,-14.565796,-33.098567,-8.368800,16.555346,-33.098567,-8.368800,16.555346,0,826,4095
1745872832.778826,2.994359,-0.270719,0.357278,0.431366,1.294658,0.126862,-8.601948,4.675287,-2.137289,-26.236649,8.763404,-9.115851,-29.096018,-7.331277,10.692257,-29.096018,-7.331277,10.692257,0,975,3570
1745872832.783849,2.998435,-0.282657,0.357570,0.470395,1.317287,0.169053,-6.188212,4.043972,0.447482,-18.169876,7.415888,-1.668518,-18.956795,-7.101982,2.821427,-18.956795,-7.101982,2.821427,0,1007,2456
1745872832.788826,2.998435,-0.282657,0.357570,0.470395,1.317287,0.169053,-3.920100,3.153647,2.009776,-11.035358,5.697994,3.208362,-10.349177,-6.097440,-2.460243,-10.349177,-6.097440,-2.460243,543,1151,1672
1745872832.793836,2.998435,-0.282657,0.357570,0.470395,1.317287,0.169053,-1.994259,2.200352,2.760781,-5.145857,3.921434,5.832962,-3.631588,-4.713502,-5.429273,-3.631588,-4.713502,-5.429273,1504,1349,1247
1745872832.798826,3.006707,-0.307203,0.357729,0.383233,1.419192,0.150715,-2.669014,3.822399,2.446861,-7.235228,6.856597,4.774963,-6.026665,-7.436439,-3.996648,-6.026665,-7.436439,-3.996648,1161,960,1452
1745872832.803853,3.006707,-0.307203,0.357729,0.383233,1.419192,0.150715,-2.771266,4.387003,1.945907,-7.697372,7.902237,3.368862,-6.975448,-8.283493,-2.387363,-6.975448,-8.283493,-2.387363,1026,838,1682
1745872832.808825,3.006707,-0.307203,0.357729,0.383233,1.419192,0.150715,-2.495664,4.202139,1.394824,-7.064888,7.601573,1.994211,-6.762279,-7.800701,-1.000712,-6.762279,-7.800701,-1.000712,1056,907,1880
1745872832.813824,3.010032,-0.320124,0.358291,0.367733,1.442162,0.135831,-2.395746,4.135183,0.509277,-7.087239,7.534490,-0.344513,-7.528145,-7.424185,1.401106,-7.528145,-7.424185,1.401106,946,961,2255
1745872832.818835,3.010032,-0.320124,0.358291,0.367733,1.442162,0.135831,-2.038345,3.585203,-0.114849,-6.246114,6.581137,-1.868606,-7.146471,-6.279138,2.861140,-7.146471,-6.279138,2.861140,1001,1125,2462
1745872832.823841,3.011706,-0.333248,0.359091,0.130087,1.473815,0.092346,-7.391037,3.573750,-1.561281,-22.488765,6.613951,-7.216239,-25.262222,-5.623583,8.478551,-25.262222,-5.623583,8.478551,0,1219,3257
1745872832.828827,3.009899,-0.346731,0.360632,-0.281780,1.534365,0.012394,-19.922841,4.608993,-4.235075,-60.137888,8.511023,-18.329547,-67.107353,-6.030416,20.508957,-67.107353,-6.030416,20.508957,0,1161,4095
1745872832.833825,3.004371,-0.359536,0.362997,-0.598821,1.422485,-0.078301,-33.204534,1.963362,-7.635229,-99.869303,3.830035,-32.033371,-111.993529,0.587847,34.459502,-111.993529,0.587847,34.459502,0,2140,4095
1745872832.838823,3.004371,-0.359536,0.362997,-0.598821,1.422485,-0.078301,-37.543778,0.049290,-8.851977,-112.829777,0.503229,-36.783635,-126.551664,4.533175,39.000379,-126.551664,4.533175,39.000379,0,2698,4095
1745872832.843831,3.004371,-0.359536,0.362997,-0.598821,1.422485,-0.078301,-35.690042,-1.170164,-8.537672,-107.349947,-1.724006,-35.184120,-120.361756,6.520674,36.982191,-120.361756,6.520674,36.982191,0,2980,4095
1745872832.848831,2.990031,-0.373072,0.365686,-1.915395,1.573677,-0.055780,-62.398888,1.908262,-6.739851,-183.573279,2.938736,-38.535475,-198.656880,2.913131,41.384148,-198.656880,2.913131,41.384148,0,2469,4095
1745872832.853828,2.967292,-0.386504,0.367743,-2.505905,1.515742,0.054756,-86.100142,2.201830,-2.071719,-248.777269,3.396661,-34.730150,-262.937118,2.677680,37.563972,-262.937118,2.677680,37.563972,0,2436,4095
1745872832.858831,2.967292,-0.386504,0.367743,-2.505905,1.515742,0.054756,-90.564302,2.118046,1.138581,-260.345129,3.043585,-27.711189,-271.666803,1.808183,30.034716,-271.666803,1.808183,30.034716,0,2313,4095
1745872832.863829,2.967292,-0.386504,0.367743,-2.505905,1.515742,0.054756,-82.288559,1.805599,3.027398,-235.875217,2.234096,-19.361508,-243.793141,1.157412,21.005073,-243.793141,1.157412,21.005073,0,2221,4095
1745872832.868829,2.967292,-0.386504,0.367743,-2.505905,1.515742,0.054756,-66.974619,1.386769,3.851917,-191.625099,1.234875,-11.187351,-196.196232,0.723937,12.126537,-196.196232,0.723937,12.126537,0,2159,3773
1745872832.873830,2.936984,-0.403248,0.368713,-3.591526,1.896696,0.318107,-75.684029,10.287528,10.355234,-212.539990,16.582460,5.253869,-211.782735,-17.304062,-1.929767,-211.782735,-17.304062,-1.929767,0,0,1747
1745872832.878832,2.906967,-0.420675,0.368037,-3.136388,1.884640,0.541945,-60.762843,14.360454,18.684419,-164.575398,23.970416,32.017721,-153.136773,-30.757095,-28.009972,-153.136773,-30.757095,-28.009972,0,0,0
1745872832.883937,2.906967,-0.420675,0.368037,-3.136388,1.884640,0.541945,-43.528461,15.193270,21.724011,-114.379584,24.886194,47.338438,-96.369779,-35.209520,-44.100943,-96.369779,-35.209520,-44.100943,0,0,0
1745872832.888837,2.906967,-0.420675,0.368037,-3.136388,1.884640,0.541945,-27.812567,13.832360,20.891609,-70.059342,22.229441,51.698675,-49.875968,-33.639219,-49.423400,-49.875968,-33.639219,-49.423400,0,0,0
1745872832.893832,2.855052,-0.456544,0.365155,-2.427704,1.910449,0.587877,3.079951,11.920703,18.969159,16.895625,17.938983,57.626645,41.554817,-33.494921,-55.935707,41.554817,-33.494921,-55.935707,4095,0,0
1745872832.898834,2.855052,-0.456544,0.365155,-2.427704,1.910449,0.587877,22.273867,9.250431,15.429253,69.312014,13.048931,56.716691,94.221326,-28.547065,-56.503066,94.221326,-28.547065,-56.503066,4095,0,0
1745872832.903834,2.839182,-0.472187,0.365028,-1.602176,1.447422,0.475211,51.906430,-4.915681,8.540088,149.142351,-12.288779,50.456047,175.611077,-3.295795,-58.194140,175.611077,-3.295795,-58.194140,4095,1552,0
1745872832.908840,2.839182,-0.472187,0.365028,-1.602176,1.447422,0.475211,64.306192,-13.284256,3.129593,181.549482,-27.364904,42.311013,206.340277,13.521967,-54.505043,206.340277,13.521967,-54.505043,4095,3971,0
1745872832.913836,2.839182,-0.472187,0.365028,-1.602176,1.447422,0.475211,64.247360,-16.935100,-0.666777,179.756580,-33.623909,32.347383,200.641683,22.464337,-45.917987,200.641683,22.464337,-45.917987,4095,4095,0
1745872832.918838,2.823379,-0.488572,0.367502,-1.621586,1.826985,0.307720,55.868028,-7.871531,-7.095673,150.596458,-17.023239,10.233345,158.594059,12.966885,-17.039176,158.594059,12.966885,-17.039176,4095,3892,0
1745872832.923834,2.814754,-0.503437,0.369962,-0.575693,1.710613,0.310649,69.339556,-4.031247,-10.216086,185.691428,-8.553952,5.817994,190.238754,6.233255,-9.425702,190.238754,6.233255,-9.425702,4095,2939,675
1745872832.928843,2.814754,-0.503437,0.369962,-0.575693,1.710613,0.310649,69.380311,-1.101476,-10.942267,185.385128,-2.985050,3.408441,187.690863,1.732747,-4.779331,187.690863,1.732747,-4.779331,4095,2302,1340
1745872832.933835,2.810491,-0.519250,0.372714,-0.288042,1.668185,0.334177,67.942194,-0.158559,-9.483639,181.134410,-1.104931,6.637496,184.927426,-1.112834,-7.643677,184.927426,-1.112834,-7.643677,4095,1864,930
1745872832.938839,2.810491,-0.519250,0.372714,-0.288042,1.668185,0.334177,58.713101,0.459036,-7.397401,156.739324,-0.005504,7.900872,161.010940,-2.563251,-8.608150,161.010940,-2.563251,-8.608150,4095,1657,792
1745872832.943806,2.813018,-0.533977,0.373111,0.578391,1.540018,0.561007,66.857717,-2.328671,0.333660,183.314232,-5.897574,32.880125,202.840550,-5.028156,-38.365072,202.840550,-5.028156,-38.365072,4095,1304,0
1745872832.948837,2.820489,-0.548493,0.372301,0.722700,1.446121,0.588662,67.459733,-6.148940,5.940330,187.204046,-13.865897,49.779511,218.740402,-2.553949,-60.483732,218.740402,-2.553949,-60.483732,4095,1658,0
1745872832.953835,2.825339,-0.564366,0.371552,0.503749,1.699766,0.642575,54.164328,-1.574569,10.042534,152.122813,-5.593978,54.915033,186.264045,-11.762462,-63.829630,186.264045,-11.762462,-63.829630,4095,341,0
1745872832.958831,2.825339,-0.564366,0.371552,0.503749,1.699766,0.642575,39.129405,1.511083,11.408356,112.037429,0.376458,50.764533,142.506015,-16.145969,-56.963339,142.506015,-16.145969,-56.963339,4095,0,0
1745872832.963844,2.825339,-0.564366,0.371552,0.503749,1.699766,0.642575,24.781138,3.284752,10.875380,72.890282,4.155499,41.775279,97.206414,-16.941866,-45.460857,97.206414,-16.941866,-45.460857,4095,0,0
1745872832.968853,2.832357,-0.580193,0.371024,0.734860,1.669294,0.549128,18.345953,3.252339,6.906806,52.870441,5.027782,27.074278,68.771496,-13.028826,-29.006695,68.771496,-13.028826,-29.006695,4095,159,0
1745872832.973841,2.832357,-0.580193,0.371024,0.734860,1.669294,0.549128,12.050815,2.833806,3.564103,34.238657,4.894120,14.397875,42.251800,-9.043688,-14.617572,42.251800,-9.043688,-14.617572,4095,730,0
1745872832.978842,2.837109,-0.596188,0.371707,0.499978,1.711503,0.452603,0.825206,3.256112,-1.359223,0.981739,6.592142,-5.041703,-3.623020,-4.777412,8.200930,-3.623020,-4.777412,8.200930,1505,1340,3218
1745872832.984000,2.837109,-0.596188,0.371707,0.499978,1.711503,0.452603,-6.601820,3.119979,-4.398993,-20.447366,6.971038,-17.578766,-33.244988,-1.380263,22.792156,-33.244988,-1.380263,22.792156,0,1826,4095
1745872832.988835,2.837109,-0.596188,0.371707,0.499978,1.711503,0.452603,-10.144630,2.658985,-5.641639,-30.550735,6.388587,-22.910233,-46.681158,0.773773,28.727767,-46.681158,0.773773,28.727767,0,2166,4095
1745872832.993863,2.837109,-0.596188,0.371707,0.499978,1.711503,0.452603,-11.297070,2.035073,-5.797698,-33.695264,5.285822,-23.867960,-50.221328,2.112940,29.432392,-50.221328,2.112940,29.432392,0,2356,4095
1745872832.998842,2.842682,-0.612036,0.372954,0.798814,1.767713,0.400236,-3.341642,2.766780,-6.461558,-13.082721,6.793414,-22.596135,-29.645116,0.161917,28.827460,-29.645116,0.161917,28.827460,0,2080,4095
1745872833.003839,2.848214,-0.628236,0.374312,0.623117,1.737033,0.412889,-2.177203,2.143540,-5.786190,-9.440536,5.302403,-19.670394,-24.232777,0.612603,25.168929,-24.232777,0.612603,25.168929,0,2143,4095
1745872833.008845,2.848214,-0.628236,0.374312,0.623117,1.737033,0.412889,-1.172360,1.485799,-4.648870,-6.166088,3.903885,-15.747309,-17.936513,0.816855,20.027324,-17.936513,0.816855,20.027324,0,2172,4095
1745872833.013938,2.860629,-0.660064,0.375495,0.641696,1.702187,0.469879,0.083909,0.007677,-1.914612,-0.920004,0.671432,-6.961679,-6.256337,1.285242,8.702896,-6.256337,1.285242,8.702896,1128,2239,3289
1745872833.018853,2.860629,-0.660064,0.375495,0.641696,1.702187,0.469879,0.835047,-0.889159,-0.022559,2.083219,-1.250638,-0.871723,1.702286,1.443312,0.621255,1.702286,1.443312,0.621255,2298,2261,2145
1745872833.023842,2.863836,-0.676788,0.375841,0.313188,1.800302,0.463368,-6.811832,1.036906,1.043994,-17.368781,2.195644,-1.499051,-19.010566,-1.700453,2.621435,-19.010566,-1.700453,2.621435,0,1780,2428
1745872833.028852,2.863836,-0.676788,0.375841,0.313188,1.800302,0.463368,-10.836936,2.133877,1.593896,-27.524827,4.264924,-2.195511,-30.160501,-3.499455,4.208377,-30.160501,-3.499455,4.208377,0,1523,2652
1745872833.033844,2.865160,-0.692998,0.376616,-0.033451,1.819019,0.419260,-20.522519,3.021091,0.666121,-53.027235,6.054530,-9.700519,-62.148780,-3.177156,14.278153,-62.148780,-3.177156,14.278153,0,1569,4078
1745872833.038846,2.865160,-0.692998,0.376616,-0.033451,1.819019,0.419260,-24.155140,3.214208,-0.003890,-62.740777,6.605665,-13.706387,-75.187366,-2.614065,19.482918,-75.187366,-2.614065,19.482918,0,1650,4095
1745872833.043853,2.860090,-0.710041,0.377468,-0.450921,1.799548,0.459956,-33.732531,2.464168,0.571017,-86.202140,5.177598,-16.272927,-100.876158,-0.453192,22.510822,-100.876158,-0.453192,22.510822,0,1959,4095
1745872833.048838,2.860090,-0.710041,0.377468,-0.450921,1.799548,0.459956,-35.633962,1.690729,0.862985,-90.871625,3.771509,-16.340620,-105.265772,0.916357,22.081483,-105.265772,0.916357,22.081483,0,2186,4095
1745872833.053843,2.852630,-0.727235,0.379070,-0.957685,1.963250,0.400051,-44.912218,5.006245,-0.525723,-115.320276,9.770543,-25.279395,-139.362742,-2.161896,36.164592,-139.362742,-2.161896,36.164592,0,1714,4095
1745872833.058844,2.839262,-0.744991,0.380093,-1.409156,1.875447,0.503452,-56.332963,4.335973,1.195135,-141.532907,8.597326,-25.262884,-166.136561,-0.685484,36.290456,-166.136561,-0.685484,36.290456,0,1926,4095
1745872833.063849,2.839262,-0.744991,0.380093,-1.409156,1.875447,0.503452,-56.651022,3.379930,2.137617,-141.776345,6.702440,-22.450393,-163.383388,0.286053,31.870446,-163.383388,0.286053,31.870446,0,2097,4095
1745872833.068849,2.839262,-0.744991,0.380093,-1.409156,1.875447,0.503452,-49.905156,2.361607,2.470793,-124.602404,4.535652,-17.553494,-141.302945,0.896537,24.633343,-141.302945,0.896537,24.633343,0,2184,4095
1745872833.073844,2.823412,-0.763514,0.381349,-1.746278,1.999371,0.539541,-47.786464,4.462418,3.262311,-118.154506,7.812111,-13.520507,-132.785496,-3.190242,21.159429,-132.785496,-3.190242,21.159429,0,1567,4095
1745872833.078848,2.823412,-0.763514,0.381349,-1.746278,1.999371,0.539541,-40.591138,5.247302,3.364397,-100.196543,8.994420,-9.318249,-111.361210,-5.627838,16.146412,-111.361210,-5.627838,16.146412,0,1218,4095
1745872833.083855,2.804253,-0.782238,0.381737,-2.094346,1.992121,0.664916,-39.594901,4.921921,6.091985,-94.797834,7.882497,0.726095,-96.709478,-7.678548,2.712057,-96.709478,-7.678548,2.712057,0,925,2441
1745872833.088853,2.804253,-0.782238,0.381737,-2.094346,1.992121,0.664916,-34.110990,4.113057,7.066109,-80.676902,6.001388,6.891945,-76.188187,-7.944224,-6.368158,-76.188187,-7.944224,-6.368158,0,887,1112
1745872833.093843,2.804253,-0.782238,0.381737,-2.094346,1.992121,0.664916,-26.479557,3.099642,6.817851,-61.926557,3.845503,10.556279,-53.292766,-7.122663,-12.248794,-53.292766,-7.122663,-12.248794,0,1004,271
1745872833.098844,2.789173,-0.801857,0.381672,-1.589732,2.011288,0.773027,-6.032475,2.547308,8.476146,-9.918664,2.267973,26.326086,14.807383,-11.215560,-34.406324,14.807383,-11.215560,-34.406324,4095,419,0
1745872833.103845,2.760560,-0.841284,0.381276,-1.181222,1.937997,0.792390,17.649727,0.089593,8.960495,47.470581,-3.326512,40.500883,90.906345,-11.973493,-58.263953,90.906345,-11.973493,-58.263953,4095,310,0
1745872833.108844,2.749740,-0.860877,0.381604,-1.144766,2.000961,0.789110,31.347426,0.067396,8.088708,78.824386,-4.066003,45.292945,129.340194,-13.539613,-66.607124,129.340194,-13.539613,-66.607124,4095,86,0
1745872833.113847,2.749740,-0.860877,0.381604,-1.144766,2.000961,0.789110,36.180638,0.045082,6.545522,89.464866,-4.058545,43.173013,137.697542,-12.736902,-63.596723,137.697542,-12.736902,-63.596723,4095,201,0
1745872833.118844,2.743683,-0.882954,0.382450,-0.380528,2.013395,0.765213,53.513750,0.329924,4.183871,127.764098,-3.225344,43.279233,177.839535,-13.797008,-64.812706,177.839535,-13.797008,-64.812706,4095,49,0
1745872833.123852,2.743683,-0.882954,0.382450,-0.380528,2.013395,0.765213,57.940757,0.470051,2.173644,137.068588,-2.804708,39.388045,182.580188,-12.676976,-58.905726,182.580188,-12.676976,-58.905726,4095,210,0
1745872833.128847,2.743683,-0.882954,0.382450,-0.380528,2.013395,0.765213,53.630335,0.500797,0.639603,126.075143,-2.251816,32.191608,163.252419,-10.398109,-48.118598,163.252419,-10.398109,-48.118598,4095,536,0
1745872833.133845,2.742949,-0.902372,0.382121,0.025877,1.984769,0.867737,54.293538,-0.242126,2.101132,127.982845,-3.530525,36.397713,172.195168,-10.874778,-56.335840,172.195168,-10.874778,-56.335840,4095,468,0
1745872833.138845,2.747027,-0.921970,0.381504,0.456359,1.939176,0.898704,58.611380,-1.799637,3.527378,137.999537,-6.618603,42.362314,192.923205,-10.174311,-68.930866,192.923205,-10.174311,-68.930866,4095,568,0
1745872833.143848,2.747027,-0.921970,0.381504,0.456359,1.939176,0.898704,54.160043,-2.564701,3.997610,128.003790,-7.936932,41.591182,182.656996,-8.660849,-68.591428,182.656996,-8.660849,-68.591428,4095,784,0
1745872833.148854,2.747027,-0.921970,0.381504,0.456359,1.939176,0.898704,44.696292,-2.734120,3.804594,106.033639,-7.747943,35.886584,153.646694,-6.642430,-59.755825,153.646694,-6.642430,-59.755825,4095,1073,0
1745872833.153845,2.753980,-0.941918,0.380144,0.706258,2.021335,0.932077,39.370925,-0.496860,4.033299,92.999599,-3.044814,32.491511,135.936133,-9.462178,-53.094090,135.936133,-9.462178,-53.094090,4095,670,0
1745872833.158846,2.763009,-0.960925,0.378199,0.876920,1.916463,0.911580,35.360422,-1.587050,3.182801,82.912836,-4.713362,27.354046,121.782297,-5.730578,-47.417877,121.782297,-5.730578,-47.417877,4095,1204,0
1745872833.163847,2.772653,-0.980178,0.376589,0.948436,1.961830,0.866639,30.242885,-0.970340,1.153473,69.371777,-2.793417,17.489231,95.204754,-3.701642,-31.101719,95.204754,-3.701642,-31.101719,4095,1494,0
1745872833.168848,2.772653,-0.980178,0.376589,0.948436,1.961830,0.866639,23.300607,-0.461443,-0.271159,52.976054,-1.233930,9.160740,66.383885,-2.152712,-16.142413,66.383885,-2.152712,-16.142413,4095,1716,0
1745872833.173844,2.772653,-0.980178,0.376589,0.948436,1.961830,0.866639,16.061548,-0.083393,-1.138160,36.207685,-0.006106,2.517309,39.712966,-0.902114,-4.220197,39.712966,-0.902114,-4.220197,4095,1895,1420
1745872833.178848,2.772653,-0.980178,0.376589,0.948436,1.961830,0.866639,9.507113,0.166376,-1.548131,21.224198,0.864078,-2.260254,17.615032,0.009174,4.345270,17.615032,0.009174,4.345270,4095,2058,2672
1745872833.183846,2.793301,-1.017914,0.373114,0.941115,1.972015,0.825292,4.022244,0.553224,-2.630077,8.207463,1.979243,-8.846290,-6.362212,1.158771,17.120365,-6.362212,1.158771,17.120365,1113,2221,4095
1745872833.188851,2.802909,-1.037530,0.371150,0.844548,2.046715,0.836357,-2.313477,2.562539,-2.721603,-5.831342,5.975093,-12.471976,-29.121847,-1.491904,27.045772,-29.121847,-1.491904,27.045772,0,1810,4095
1745872833.193842,2.802909,-1.037530,0.371150,0.844548,2.046715,0.836357,-6.024331,3.515548,-2.446171,-13.892654,7.890397,-13.531600,-39.954202,-2.946349,30.263607,-39.954202,-2.946349,30.263607,0,1602,4095
1745872833.198851,2.813786,-1.057572,0.368397,0.934995,2.052616,0.877479,-5.423913,3.835136,-0.962392,-11.347982,8.105911,-8.366797,-30.033449,-4.980442,21.448798,-30.033449,-4.980442,21.448798,0,1311,4095
1745872833.203853,2.813786,-1.057572,0.368397,0.934995,2.052616,0.877479,-4.379048,3.566084,0.092422,-8.556125,7.380204,-4.288795,-19.976666,-5.606362,13.109487,-19.976666,-5.606362,13.109487,0,1221,3912
1745872833.208853,2.824167,-1.077840,0.365074,0.877794,2.059403,0.886650,-4.583324,3.125270,0.972578,-8.286714,6.286313,-0.997832,-13.703920,-5.660816,6.149364,-13.703920,-5.660816,6.149364,63,1214,2927
1745872833.213868,2.832866,-1.098514,0.362106,0.519477,2.231688,0.828227,-12.955245,6.695424,-0.024278,-27.279025,13.393839,-7.970020,-50.109789,-10.338941,25.637204,-50.109789,-10.338941,25.637204,0,544,4095
1745872833.218851,2.832866,-1.098514,0.362106,0.519477,2.231688,0.828227,-16.623941,8.116551,-0.647046,-35.481422,16.300126,-11.966700,-67.494679,-11.893450,35.948443,-67.494679,-11.893450,35.948443,0,322,4095
1745872833.223855,2.832866,-1.098514,0.362106,0.519477,2.231688,0.828227,-16.925966,8.028647,-0.964045,-36.267193,16.201101,-13.165817,-70.457915,-11.434760,38.393569,-70.457915,-11.434760,38.393569,0,387,4095
1745872833.228852,2.837772,-1.118306,0.358680,0.152554,2.016221,0.789885,-24.027304,1.713531,-1.984918,-51.019133,4.649815,-17.305441,-87.848636,0.740377,40.950741,-87.848636,0.740377,40.950741,0,2162,4095
1745872833.233849,2.837772,-1.118306,0.358680,0.152554,2.016221,0.789885,-25.579753,-2.490845,-2.387843,-54.300577,-3.012763,-18.699943,-89.151673,8.469203,38.750950,-89.151673,8.469203,38.750950,0,3256,4095
1745872833.238857,2.837772,-1.118306,0.358680,0.152554,2.016221,0.789885,-23.427859,-4.851480,-2.350570,-49.605173,-7.495063,-17.258868,-78.869217,12.315092,32.538705,-78.869217,12.315092,32.538705,0,3800,4095
1745872833.243853,2.839677,-1.139615,0.355958,-0.198271,2.236949,0.844430,-27.787250,-0.341605,-0.703548,-57.794147,0.611788,-12.780223,-84.713009,3.216078,29.630902,-84.713009,3.216078,29.630902,0,2512,4095
1745872833.248853,2.839677,-1.139615,0.355958,-0.198271,2.236949,0.844430,-27.146002,2.555870,0.425474,-56.099812,5.775351,-9.087018,-78.691394,-2.812103,24.867655,-78.691394,-2.812103,24.867655,0,1621,4095
1745872833.253868,2.839677,-1.139615,0.355958,-0.198271,2.236949,0.844430,-23.404140,4.079593,1.089288,-48.009132,8.323015,-5.464875,-64.730154,-6.321576,18.405643,-64.730154,-6.321576,18.405643,0,1119,4095
1745872833.258851,2.839825,-1.160717,0.351659,-0.461535,2.212925,0.906111,-24.617576,3.950177,2.878999,-48.946950,7.703747,1.807458,-50.243938,-7.892827,1.414244,-50.243938,-7.892827,1.414244,0,894,2257
1745872833.263859,2.841085,-1.186759,0.345258,-0.449921,2.279421,0.978978,-22.094477,5.016336,5.453609,-41.898732,9.132248,12.572249,-18.870740,-12.444451,-24.837139,-18.870740,-12.444451,-24.837139,0,243,0
1745872833.268864,2.845169,-1.209099,0.337206,-0.328546,2.286131,1.041562,-14.809487,5.238558,7.945805,-25.267564,8.789307,24.593372,30.114761,-15.589738,-59.213578,30.114761,-15.589738,-59.213578,4095,0,0
1745872833.273863,2.845169,-1.209099,0.337206,-0.328546,2.286131,1.041562,-8.394114,4.736567,8.545095,-11.863226,7.465985,29.128189,56.004084,-15.648756,-72.562253,56.004084,-15.648756,-72.562253,4095,0,0
1745872833.278865,2.851362,-1.231150,0.328589,-0.142952,2.186346,0.993698,1.244553,1.392529,6.704160,7.116636,1.180212,26.287882,77.447701,-8.653742,-74.592339,77.447701,-8.653742,-74.592339,4095,785,0
1745872833.283868,2.851362,-1.231150,0.328589,-0.142952,2.186346,0.993698,7.187285,-0.892932,4.717941,18.628174,-3.008250,21.748363,80.041347,-3.341362,-65.134124,80.041347,-3.341362,-65.134124,4095,1546,0
1745872833.288855,2.867436,-1.273566,0.311466,0.115903,2.208128,0.917827,16.381622,-1.692431,1.034663,35.332233,-4.176839,10.814819,73.012861,1.092902,-39.408649,73.012861,1.092902,-39.408649,4095,2211,0
1745872833.293864,2.867436,-1.273566,0.311466,0.115903,2.208128,0.917827,20.222497,-1.993614,-1.434019,42.295968,-4.531356,3.305327,56.689105,3.467261,-15.053201,56.689105,3.467261,-15.053201,4095,2548,0
1745872833.298854,2.867436,-1.273566,0.311466,0.115903,2.208128,0.917827,20.164098,-1.939082,-2.812737,41.747494,-4.221013,-1.607232,40.427130,4.498509,1.380915,40.427130,4.498509,1.380915,4095,2694,2252
1745872833.303856,2.877566,-1.294942,0.301691,0.097634,2.209973,0.922190,17.213505,-1.622132,-3.236615,35.725864,-3.517557,-4.037468,25.199938,4.449320,10.939516,25.199938,4.449320,10.939516,4095,2687,3605
1745872833.308854,2.891699,-1.316769,0.288740,0.211290,2.233396,1.000077,16.023719,-0.649448,-1.200463,34.512650,-2.284852,3.088054,48.213310,1.450202,-14.154916,48.213310,1.450202,-14.154916,4095,2262,0
1745872833.313855,2.912412,-1.338734,0.270226,0.325511,2.247188,1.058421,16.107031,0.383805,1.665311,35.975752,-1.297621,13.802895,94.103576,-1.872050,-59.728913,94.103576,-1.872050,-59.728913,4095,1756,0
1745872833.318877,2.912412,-1.338734,0.270226,0.325511,2.247188,1.058421,14.177913,0.992587,3.279863,32.538961,-0.322792,19.049396,111.349980,-4.013290,-80.981812,111.349980,-4.013290,-80.981812,4095,1449,0
1745872833.323853,2.912412,-1.338734,0.270226,0.325511,2.247188,1.058421,11.234678,1.252070,3.888772,26.862200,0.184978,20.475557,111.062159,-4.831778,-86.519187,111.062159,-4.831778,-86.519187,4095,1332,0
1745872833.328856,2.939900,-1.360320,0.246508,0.538263,2.221236,1.083430,13.204658,0.628422,4.415334,31.329168,-1.842432,23.425613,140.483704,-2.887730,-111.617775,140.483704,-2.887730,-111.617775,4095,1610,0
1745872833.333858,2.939900,-1.360320,0.246508,0.538263,2.221236,1.083430,12.830940,0.157037,4.206813,30.562822,-2.660679,22.642885,136.895127,-1.929267,-108.731856,136.895127,-1.929267,-108.731856,4095,1748,0
1745872833.338860,2.975116,-1.381649,0.216164,0.632956,2.193035,1.086874,13.342287,-0.851318,3.643682,31.846717,-5.426035,21.995158,149.850715,1.706232,-120.146831,149.850715,1.706232,-120.146831,4095,2298,0
1745872833.343852,2.975116,-1.381649,0.216164,0.632956,2.193035,1.086874,12.032755,-1.383772,2.842372,29.130718,-6.270788,18.872444,131.779405,3.056766,-104.512684,131.779405,3.056766,-104.512684,4095,2489,0
1745872833.348860,3.018012,-1.402785,0.179348,0.764335,2.222562,1.048213,12.951184,-0.827726,1.036757,30.842767,-6.205503,13.887120,116.604929,4.446360,-86.987002,116.604929,4.446360,-86.987002,4095,2686,0
1745872833.353859,3.018012,-1.402785,0.179348,0.764335,2.222562,1.048213,11.941890,-0.375290,-0.229857,28.629720,-5.278662,9.054112,85.440812,4.122336,-57.622459,85.440812,4.122336,-57.622459,4095,2640,0
1745872833.358861,3.070006,-1.424427,0.132395,0.606710,2.330277,1.045860,5.977098,2.596801,-1.060858,17.725787,-1.763786,9.461452,82.595810,1.082530,-65.571168,82.595810,1.082530,-65.571168,4095,2210,0
1745872833.363860,-3.141215,-1.445768,0.065542,0.596417,2.315965,1.093706,1.222399,3.806751,-0.284195,9.972185,-4.830069,19.834439,167.770036,4.837565,-159.039285,167.770036,4.837565,-159.039285,4095,2742,0
1745872833.368857,-3.141215,-1.445768,0.065542,0.596417,2.315965,1.093706,-1.933965,4.105905,0.241731,3.905634,-4.294451,21.335881,173.651295,4.302514,-171.081092,173.651295,4.302514,-171.081092,4095,2666,0
1745872833.373862,-3.141215,-1.445768,0.065542,0.596417,2.315965,1.093706,-3.696769,3.792227,0.545325,0.519210,-4.851981,22.210453,177.221711,4.860375,-178.092662,177.221711,4.860375,-178.092662,4095,2745,0
1745872833.378859,-2.887475,-1.485044,-0.178491,0.616602,2.347054,1.166578,-3.862225,3.890709,2.454261,4.398058,-34.458807,89.941423,916.306378,55.962677,-915.271452,916.306378,55.962677,-915.271452,4095,4095,0
1745872833.383865,-2.887475,-1.485044,-0.178491,0.616602,2.347054,1.166578,-3.493727,3.476265,3.363502,5.175748,-35.066796,93.221616,952.238828,57.375753,-950.555864,952.238828,57.375753,-950.555864,4095,4095,0
1745872833.388832,-2.658868,-1.500949,-0.402053,0.627315,2.333563,1.164136,-2.576097,2.464310,3.464590,8.650421,-72.377478,198.288490,2038.839376,156.151590,-2035.151272,2038.839376,156.151590,-2035.151272,4095,4095,0
1745872833.393871,-2.658868,-1.500949,-0.402053,0.627315,2.333563,1.164136,-1.669958,1.511211,3.104714,10.271389,-74.267006,196.842490,2009.616194,157.153983,-2004.231731,2009.616194,157.153983,-2004.231731,4095,4095,0
1745872833.398864,-2.326601,-1.511746,-0.729297,0.623926,2.349972,1.135377,-0.980675,1.130744,1.793321,9.320390,-126.111011,370.585970,2756.362267,356.179098,-2751.838198,2756.362267,356.179098,-2751.838198,4095,4095,0
1745872833.403864,-2.326601,-1.511746,-0.729297,0.623926,2.349972,1.135377,-0.424044,0.751397,0.743169,10.237327,-127.224200,366.991843,2701.878782,354.327088,-2696.341048,2701.878782,354.327088,-2696.341048,4095,4095,0
1745872833.408857,-2.326601,-1.511746,-0.729297,0.623926,2.349972,1.135377,-0.020472,0.419796,-0.011266,10.897651,-128.154027,364.391809,2660.928836,353.072737,-2654.658127,2660.928836,353.072737,-2654.658127,4095,4095,0
1745872833.413865,-1.903242,-1.514241,-1.147964,0.587725,2.413344,1.144244,-0.650180,1.712985,-0.271084,-1.010047,-153.097212,382.253895,-353.629925,411.288517,353.184555,-353.629925,411.288517,353.184555,0,4095,4095
1745872833.418864,-1.513199,-1.506824,-1.533684,0.534883,2.446762,1.158667,-2.261983,3.137297,-0.048489,-8.964639,-103.246542,186.671115,-1785.762786,180.418074,1780.440094,-1785.762786,180.418074,1780.440094,0,4095,4095
1745872833.423866,-1.513199,-1.506824,-1.533684,0.534883,2.446762,1.158667,-3.005143,3.654532,0.098358,-10.263263,-101.907635,187.040620,-1766.527217,180.864041,1759.863811,-1766.527217,180.864041,1759.863811,0,4095,4095
1745872833.428861,-1.235495,-1.491846,-1.807911,0.446944,2.445248,1.202383,-5.258804,3.496694,1.248975,-13.238691,-46.343926,87.767095,-931.435755,67.629776,921.066167,-931.435755,67.629776,921.066167,0,4095,4095
1745872833.433868,-1.235495,-1.491846,-1.807911,0.446944,2.445248,1.202383,-6.043923,2.968043,1.825798,-14.548840,-47.734072,89.588320,-956.913388,68.892146,945.309167,-956.913388,68.892146,945.309167,0,4095,4095
1745872833.438864,-1.055672,-1.472671,-1.984647,0.415641,2.445461,1.220499,-6.564546,2.276002,2.409259,-14.645545,-20.097209,55.300678,-469.053147,38.223654,456.604079,-469.053147,38.223654,456.604079,0,4095,4095
1745872833.443871,-1.055672,-1.472671,-1.984647,0.415641,2.445461,1.220499,-6.090090,1.558283,2.483912,-13.726379,-21.869742,55.784826,-486.226161,37.771748,474.783710,-486.226161,37.771748,474.783710,0,4095,4095
1745872833.448866,-0.937599,-1.451293,-2.100107,0.363397,2.445896,1.236214,-6.323275,0.925280,2.611277,-13.744231,-10.117351,38.932623,-273.525658,25.398442,261.647509,-273.525658,25.398442,261.647509,0,4095,4095
1745872833.453868,-0.937599,-1.451293,-2.100107,0.363397,2.445896,1.236214,-5.696828,0.410878,2.372264,-12.589664,-11.286520,38.393038,-277.561384,24.271634,266.875085,-277.561384,24.271634,266.875085,0,4095,4095
1745872833.458861,-0.937599,-1.451293,-2.100107,0.363397,2.445896,1.236214,-4.604126,0.035878,1.931036,-10.622765,-12.114289,37.220911,-275.375623,22.836924,266.654650,-275.375623,22.836924,266.654650,0,4095,4095
1745872833.463866,-0.854468,-1.428549,-2.180823,0.340187,2.482065,1.230491,-3.916402,0.680660,1.274328,-9.377325,-4.789175,25.943276,-153.545367,16.422320,145.639011,-153.545367,16.422320,145.639011,0,4095,4095
1745872833.468866,-0.747443,-1.380822,-2.283431,0.334512,2.553660,1.265998,-3.140901,2.758308,1.573163,-7.797525,4.354579,16.054342,-53.637130,14.106965,46.679408,-53.637130,14.106965,46.679408,0,4054,4095
1745872833.473872,-0.747443,-1.380822,-2.283431,0.334512,2.553660,1.265998,-2.264422,3.736079,1.569507,-6.228569,6.387135,15.943176,-44.458986,15.522134,38.930816,-44.458986,15.522134,38.930816,0,4095,4095
1745872833.478865,-0.747443,-1.380822,-2.283431,0.334512,2.553660,1.265998,-1.434572,3.894834,1.374969,-4.718646,6.715425,15.425437,-39.813818,15.410971,35.738133,-39.813818,15.410971,35.738133,0,4095,4095
1745872833.483869,-0.712111,-1.356004,-2.316551,0.316507,2.536986,1.290523,-1.174050,3.109931,1.684596,-3.818851,5.912351,13.063443,-31.438799,13.011642,28.269563,-31.438799,13.011642,28.269563,0,3899,4095
1745872833.488867,-0.684242,-1.330768,-2.342112,0.341284,2.559975,1.307019,-0.258733,2.796081,2.077741,-1.782709,5.613824,12.560632,-27.052939,12.289538,26.016077,-27.052939,12.289538,26.016077,0,3796,4095
1745872833.493873,-0.684242,-1.330768,-2.342112,0.341284,2.559975,1.307019,0.352766,2.254497,2.072046,-0.563190,4.424208,12.862486,-29.861443,11.558503,30.162987,-29.861443,11.558503,30.162987,0,3693,4095
1745872833.498869,-0.662126,-1.305220,-2.361831,0.328876,2.542542,1.337521,0.391670,1.209650,2.561301,0.018768,2.406328,12.807404,-31.678232,9.771771,32.848627,-31.678232,9.771771,32.848627,0,3440,4095
1745872833.503870,-0.643684,-1.279732,-2.377936,0.322657,2.554607,1.336895,0.215950,0.695468,2.542192,-0.148703,1.484323,11.800858,-28.684646,8.269535,29.788895,-28.684646,8.269535,29.788895,0,3227,4095
1745872833.508873,-0.643684,-1.279732,-2.377936,0.322657,2.554607,1.336895,0.078327,0.284968,2.218445,-0.488376,0.734560,10.782254,-27.806567,7.058496,28.517675,-27.806567,7.058496,28.517675,0,3056,4095
1745872833.513871,-0.643684,-1.279732,-2.377936,0.322657,2.554607,1.336895,-0.018235,-0.009344,1.742056,-0.805828,0.264743,9.231148,-24.923605,5.751803,25.176738,-24.923605,5.751803,25.176738,0,2871,4095
1745872833.518876,-0.628003,-1.253857,-2.391611,0.296070,2.585015,1.348454,-0.729189,0.551117,1.510238,-2.253022,1.570198,7.314208,-17.485349,5.567922,16.030758,-17.485349,5.567922,16.030758,0,2845,4095
1745872833.523884,-0.628003,-1.253857,-2.391611,0.296070,2.585015,1.348454,-1.089377,0.837975,1.178121,-3.102644,2.280892,5.997739,-13.814047,5.369553,11.272861,-13.814047,5.369553,11.272861,47,2817,3653
1745872833.528887,-0.628003,-1.253857,-2.391611,0.296070,2.585015,1.348454,-1.183118,0.916267,0.823751,-3.416066,2.546552,4.755088,-10.585839,4.854431,7.545590,-10.585839,4.854431,7.545590,509,2744,3125
1745872833.533873,-0.614545,-1.227629,-2.403090,0.274117,2.623959,1.357843,-1.633924,1.805043,0.729141,-4.417475,4.423675,3.491486,-5.262793,5.627446,0.897657,-5.262793,5.627446,0.897657,1271,2853,2184
1745872833.538875,-0.603390,-1.201088,-2.412604,0.243926,2.627698,1.383865,-2.460614,2.240725,1.217748,-5.829876,5.187099,4.007214,-6.749175,6.544986,0.985915,-6.749175,6.544986,0.985915,1058,2983,2196
1745872833.543883,-0.603390,-1.201088,-2.412604,0.243926,2.627698,1.383865,-2.681979,2.241533,1.377620,-6.215050,5.163544,4.453482,-8.117068,6.778820,2.039844,-8.117068,6.778820,2.039844,862,3016,2346
1745872833.548872,-0.603390,-1.201088,-2.412604,0.243926,2.627698,1.383865,-2.493038,1.967594,1.309648,-5.838565,4.607524,4.372999,-8.383726,6.275314,2.729592,-8.383726,6.275314,2.729592,824,2945,2443
1745872833.553872,-0.594182,-1.174224,-2.420136,0.242841,2.625258,1.423221,-2.095026,1.493523,2.070607,-4.538722,3.400169,6.474239,-12.803819,6.441883,8.960519,-12.803819,6.441883,8.960519,192,2969,3325
1745872833.558872,-0.579696,-1.120709,-2.431574,0.276905,2.570562,1.419653,-0.751895,-0.329566,2.210915,-1.348691,-0.400232,7.069157,-14.043173,3.537421,14.098570,-14.043173,3.537421,14.098570,14,2558,4053
1745872833.563881,-0.579696,-1.120709,-2.431574,0.276905,2.570562,1.419653,0.191098,-1.443854,2.028485,0.623029,-2.678749,7.178724,-14.844368,1.691164,17.178187,-14.844368,1.691164,17.178187,0,2296,4095
1745872833.568880,-0.579696,-1.120709,-2.431574,0.276905,2.570562,1.419653,0.762724,-1.969886,1.664507,1.693029,-3.693238,6.376530,-13.535457,0.402996,16.912851,-13.535457,0.402996,16.912851,87,2114,4095
1745872833.573874,-0.579696,-1.120709,-2.431574,0.276905,2.570562,1.419653,1.030550,-2.061244,1.230955,2.064382,-3.787923,5.099073,-11.059445,-0.375972,14.575403,-11.059445,-0.375972,14.575403,441,1970,4095
1745872833.578869,-0.579696,-1.120709,-2.431574,0.276905,2.570562,1.419653,1.074155,-1.867126,0.805978,1.949706,-3.290462,3.676262,-8.146445,-0.739155,11.212848,-8.146445,-0.739155,11.212848,858,1918,3644
1745872833.583896,-0.579696,-1.120709,-2.431574,0.276905,2.570562,1.419653,0.969736,-1.513801,0.436271,1.538686,-2.473881,2.327547,-5.296301,-0.794763,7.590979,-5.296301,-0.794763,7.590979,1266,1910,3131
1745872833.588883,-0.576062,-1.094110,-2.436933,-0.440881,2.659967,1.381620,-16.754523,1.078085,-0.778214,-37.071263,2.661074,-8.487372,-20.481253,-2.391674,-18.671506,-20.481253,-2.391674,-18.671506,0,1681,0
1745872833.593883,-0.576062,-1.094110,-2.436933,-0.440881,2.659967,1.381620,-25.958950,2.591714,-1.454096,-56.981245,6.552226,-15.386680,-25.082617,-2.886728,-35.900847,-25.082617,-2.886728,-35.900847,0,1611,0
1745872833.598881,-0.576062,-1.094110,-2.436933,-0.440881,2.659967,1.381620,-28.599467,3.231292,-1.703344,-62.733648,8.097555,-17.597626,-25.614498,-2.795152,-41.776371,-25.614498,-2.795152,-41.776371,0,1624,0
1745872833.603876,-0.619919,-1.012627,-2.455777,-3.378654,2.754604,1.647294,-98.675336,5.556759,4.850051,-215.620509,8.266306,-27.439665,-172.160858,-9.213441,-51.235932,-172.160858,-9.213441,-51.235932,0,705,0
1745872833.608878,-0.648370,-0.982799,-2.459372,-3.483423,2.758000,1.838518,-133.564369,6.433158,13.095600,-291.180183,9.951023,-22.225437,-255.593034,-5.490030,-42.770290,-255.593034,-5.490030,-42.770290,0,1238,0
1745872833.613883,-0.648370,-0.982799,-2.459372,-3.483423,2.758000,1.838518,-139.256458,6.198520,16.706829,-301.863411,8.942705,-14.033126,-276.984500,-1.346488,-29.900632,-276.984500,-1.346488,-29.900632,0,1831,0
1745872833.618876,-0.680398,-0.951979,-2.461214,-3.798065,2.781683,2.070243,-133.491181,5.870898,22.607862,-289.239619,4.971708,5.488614,-290.838647,7.317521,1.963046,-290.838647,7.317521,1.963046,0,3093,2335
1745872833.623886,-0.680398,-0.951979,-2.461214,-3.798065,2.781683,2.070243,-113.470180,4.943355,23.583695,-243.585366,1.360910,19.750867,-263.942243,13.483187,24.991096,-263.942243,13.483187,24.991096,0,3965,4095
1745872833.628900,-0.680398,-0.951979,-2.461214,-3.798065,2.781683,2.070243,-86.839004,3.748163,21.298482,-184.838819,-2.436966,27.808012,-217.345605,15.599784,39.906919,-217.345605,15.599784,39.906919,0,4095,4095
1745872833.633878,-0.711613,-0.921199,-2.462618,-3.560036,2.618539,2.114215,-53.708107,-1.439277,18.332817,-112.776139,-14.238030,35.388364,-160.300651,12.328009,59.679621,-160.300651,12.328009,59.679621,0,3802,4095
1745872833.638878,-0.742850,-0.891499,-2.465928,-3.823010,2.590458,1.991580,-32.512351,-5.253735,11.203736,-70.332105,-23.724394,25.041946,-113.045998,-0.535938,54.901141,-113.045998,-0.535938,54.901141,0,1947,4095
1745872833.643880,-0.742850,-0.891499,-2.465928,-3.823010,2.590458,1.991580,-15.119722,-7.022697,5.320923,-33.398005,-27.199969,18.277137,-72.852780,-7.671500,50.712123,-72.852780,-7.671500,50.712123,0,926,4095
1745872833.648877,-0.771757,-0.863021,-2.469439,-3.375122,2.432954,2.015704,8.686662,-11.136677,1.543287,20.243440,-35.379816,20.343074,-25.631039,-11.169079,60.376250,-25.631039,-11.169079,60.376250,0,425,4095
1745872833.653880,-0.771757,-0.863021,-2.469439,-3.375122,2.432954,2.015704,22.703093,-12.378481,-1.038778,51.637295,-38.355282,21.430844,2.426632,-12.542950,64.767063,2.426632,-12.542950,64.767063,2400,229,4095
1745872833.658877,-0.797987,-0.835190,-2.472745,-3.089273,2.270007,2.024198,35.773350,-15.636180,-2.334276,83.033451,-45.140403,25.444805,27.697417,-13.297455,74.634767,27.697417,-13.297455,74.634767,4095,121,4095
1745872833.663880,-0.823066,-0.806842,-2.476027,-2.984912,2.337290,2.147789,42.227436,-14.134763,0.160757,100.612674,-43.456713,35.691897,42.018463,-3.379019,81.143461,42.018463,-3.379019,81.143461,4095,1540,4095
1745872833.668880,-0.823066,-0.806842,-2.476027,-2.984912,2.337290,2.147789,41.130923,-11.453205,1.718098,98.735759,-37.839134,38.682065,42.318735,2.633295,78.128411,42.318735,2.633295,78.128411,4095,2430,4095
1745872833.673876,-0.823066,-0.806842,-2.476027,-2.984912,2.337290,2.147789,35.403863,-8.357031,2.491828,85.237731,-30.810233,36.631537,35.655884,5.909264,68.662800,35.655884,5.909264,68.662800,4095,2893,4095
1745872833.678879,-0.844102,-0.777559,-2.477223,-2.265688,2.258647,2.403366,45.070033,-7.299570,8.941951,114.914345,-28.443068,58.863719,55.486662,25.095619,84.710123,55.486662,25.095619,84.710123,4095,4095,4095
1745872833.683886,-0.861180,-0.747432,-2.478099,-1.822291,2.225815,2.477105,56.535359,-6.539826,13.736295,147.726699,-27.278875,76.790711,82.176594,40.481007,96.431606,82.176594,40.481007,96.431606,4095,4095,4095
1745872833.688904,-0.861180,-0.747432,-2.478099,-1.822291,2.225815,2.477105,56.837766,-5.253387,15.082173,149.202935,-24.739851,80.256970,83.344867,44.764836,96.884654,83.344867,44.764836,96.884654,4095,4095,4095
1745872833.693881,-0.861180,-0.747432,-2.478099,-1.822291,2.225815,2.477105,50.071098,-3.804415,14.079600,131.797794,-20.835773,73.165460,72.966902,41.928805,86.546884,72.966902,41.928805,86.546884,4095,4095,4095
1745872833.698879,-0.872658,-0.717268,-2.477863,-1.125363,2.109710,2.616273,56.730678,-5.262331,15.133753,151.974346,-22.336261,78.164028,93.225371,45.519230,89.375419,93.225371,45.519230,89.375419,4095,4095,4095
1745872833.703881,-0.880495,-0.687608,-2.477349,-0.783617,2.084460,2.515793,62.372512,-6.159429,11.484501,165.539592,-22.592487,70.086124,114.577550,39.653963,80.294322,114.577550,39.653963,80.294322,4095,4095,4095
1745872833.708883,-0.886940,-0.658389,-2.478101,-0.773186,2.104190,2.475147,58.550234,-5.488182,6.772884,154.457819,-19.609576,54.526105,116.052965,29.876423,62.769130,116.052965,29.876423,62.769130,4095,4095,4095
1745872833.713883,-0.886940,-0.658389,-2.478101,-0.773186,2.104190,2.475147,48.958442,-4.391217,2.963844,127.485877,-15.701052,38.944718,99.039222,20.267984,46.493388,99.039222,20.267984,46.493388,4095,4095,4095
1745872833.718898,-0.893543,-0.629503,-2.478769,-0.803177,2.065951,2.433532,36.121416,-4.095461,-0.839121,93.255112,-13.460461,21.343406,75.873190,8.197776,29.523764,75.873190,8.197776,29.523764,4095,3217,4095
1745872833.723879,-0.893543,-0.629503,-2.478769,-0.803177,2.065951,2.433532,23.644063,-3.408544,-3.122934,59.375766,-10.723410,8.276296,49.511588,-0.270192,16.754629,49.511588,-0.270192,16.754629,4095,1985,4095
1745872833.728883,-0.893543,-0.629503,-2.478769,-0.803177,2.065951,2.433532,12.817904,-2.555218,-4.194566,30.488908,-7.980556,-0.834023,26.339782,-5.651008,7.047426,26.339782,-5.651008,7.047426,4095,1215,3054
1745872833.733884,-0.893543,-0.629503,-2.478769,-0.803177,2.065951,2.433532,4.403743,-1.702577,-4.357548,8.412614,-5.577864,-6.274721,8.110548,-8.385266,0.513069,8.110548,-8.385266,0.513069,3205,824,2129
1745872833.738886,-0.901907,-0.600365,-2.479818,-0.998106,2.085341,2.475247,-6.235594,-0.479350,-2.904138,-18.890276,-3.325522,-8.424591,-17.099645,-8.671389,-3.169573,-17.099645,-8.671389,-3.169573,0,783,1570
1745872833.743881,-0.910734,-0.570396,-2.480332,-1.024595,2.088600,2.637662,-12.839971,0.431640,2.344581,-33.333373,-2.371883,1.067100,-34.955146,-0.611398,3.003476,-34.955146,-0.611398,3.003476,0,1936,2482
1745872833.748887,-0.910734,-0.570396,-2.480332,-1.024595,2.088600,2.637662,-15.454356,0.956358,5.385216,-38.675579,-1.761394,6.916587,-42.288940,4.383758,6.691841,-42.288940,4.383758,6.691841,0,2677,3004
1745872833.753881,-0.920816,-0.539506,-2.480633,-1.141110,2.110078,2.715006,-18.062279,1.695916,8.536849,-44.727715,-1.200362,13.232443,-50.094685,9.807863,10.447422,-50.094685,9.807863,10.447422,0,3445,3536
1745872833.758887,-0.920816,-0.539506,-2.480633,-1.141110,2.110078,2.715006,-17.503192,1.957137,9.489583,-42.718028,-0.845454,15.752691,-48.829041,12.029000,11.895784,-48.829041,12.029000,11.895784,0,3760,3741
1745872833.763881,-0.920816,-0.539506,-2.480633,-1.141110,2.110078,2.715006,-15.006668,1.882154,8.928080,-36.258809,-0.996861,15.756656,-42.443429,11.940530,12.039069,-42.443429,11.940530,12.039069,0,3747,3761
1745872833.768913,-0.929697,-0.508379,-2.480180,-0.911363,2.030046,2.806934,-5.901888,-0.370788,9.737414,-10.656253,-5.925782,22.499960,-20.801137,14.488267,20.841590,-20.801137,14.488267,20.841590,0,4095,4095
1745872833.773881,-0.942152,-0.446522,-2.480073,-0.495569,1.990465,2.723090,10.613966,-2.692207,7.007711,33.039486,-9.852102,22.838496,22.794327,12.678834,23.724909,22.794327,12.678834,23.724909,4095,3852,4095
1745872833.778882,-0.942152,-0.446522,-2.480073,-0.495569,1.990465,2.723090,19.863078,-3.846116,4.412441,57.742354,-12.271095,21.537251,46.926810,10.203867,25.045759,46.926810,10.203867,25.045759,4095,3501,4095
1745872833.783885,-0.945688,-0.416265,-2.480241,-0.356299,1.995322,2.725956,26.695950,-3.985734,2.299236,76.420088,-11.846400,18.887866,67.286677,8.383839,22.588031,67.286677,8.383839,22.588031,4095,3244,4095
1745872833.788914,-0.945688,-0.416265,-2.480241,-0.356299,1.995322,2.725956,27.746482,-3.582982,0.672736,78.645551,-10.588668,15.601504,70.813251,6.454933,19.370224,70.813251,6.454933,19.370224,4095,2971,4095
1745872833.793888,-0.948294,-0.385707,-2.480168,-0.294350,1.975424,2.769128,26.511190,-3.377422,0.627305,76.108603,-9.797031,14.113510,69.535341,5.753773,17.472116,69.535341,5.753773,17.472116,4095,2871,4095
1745872833.798887,-0.951145,-0.354699,-2.479839,-0.303329,1.959107,2.839417,22.274517,-3.234712,2.243731,65.625933,-9.678969,15.321900,59.412111,6.852187,17.891399,59.412111,6.852187,17.891399,4095,3027,4095
1745872833.803888,-0.951145,-0.354699,-2.479839,-0.303329,1.959107,2.839417,16.865032,-2.748151,2.991683,50.335390,-8.559248,14.718730,44.588904,7.011439,16.545802,44.588904,7.011439,16.545802,4095,3049,4095
1745872833.808844,-0.954420,-0.323396,-2.478923,-0.334117,1.928585,2.901238,10.677957,-2.850657,4.598655,33.775519,-9.048653,15.565121,28.285077,7.469943,17.277037,28.285077,7.469943,17.277037,4095,3114,4095
1745872833.813887,-0.954420,-0.323396,-2.478923,-0.334117,1.928585,2.901238,5.375808,-2.567732,5.072969,18.552070,-8.355651,14.591474,13.439800,7.076080,16.087026,13.439800,7.076080,16.087026,3959,3058,4095
1745872833.818890,-0.954420,-0.323396,-2.478923,-0.334117,1.928585,2.901238,1.394285,-2.073303,4.742547,6.861363,-7.031340,12.306716,2.553948,5.977327,13.554350,2.553948,5.977327,13.554350,2418,2903,3975
1745872833.823843,-0.954420,-0.323396,-2.478923,-0.334117,1.928585,2.901238,-1.267107,-1.512073,3.959847,-1.165077,-5.488288,9.508194,-4.508272,4.585803,10.520190,-4.508272,4.585803,10.520190,1379,2706,3546
1745872833.828888,-0.957952,-0.291859,-2.478103,-0.384400,1.935408,2.893011,-4.076113,-0.795324,2.765449,-10.166487,-3.680130,5.855733,-12.082865,2.673280,6.660259,-12.082865,2.673280,6.660259,295,2435,3000
1745872833.833886,-0.961098,-0.260941,-2.477121,-0.295225,1.878837,2.879049,-3.142457,-1.634954,1.336043,-7.733323,-5.025879,3.140067,-9.313703,-0.303625,6.125757,-9.313703,-0.303625,6.125757,691,1980,2924
1745872833.838889,-0.961098,-0.260941,-2.477121,-0.295225,1.878837,2.879049,-2.166161,-1.966328,0.267147,-5.175927,-5.586253,1.235040,-6.587692,-2.186287,5.472182,-6.587692,-2.186287,5.472182,1081,1711,2831
1745872833.843889,-0.964234,-0.229819,-2.476040,-0.313505,1.876795,2.901711,-1.731589,-1.984732,0.114168,-3.927200,-5.681533,1.139977,-5.171326,-2.302119,5.461453,-5.171326,-2.302119,5.461453,1284,1694,2830
1745872833.848892,-0.964234,-0.229819,-2.476040,-0.313505,1.876795,2.901711,-1.244296,-1.753134,0.003344,-2.518067,-5.128090,0.988440,-3.635601,-2.111136,4.905742,-3.635601,-2.111136,4.905742,1503,1722,2751
1745872833.853886,-0.964234,-0.229819,-2.476040,-0.313505,1.876795,2.901711,-0.784379,-1.392321,-0.067018,-1.181542,-4.282181,0.886971,-2.122945,-1.712296,4.132563,-2.122945,-1.712296,4.132563,1720,1779,2642
1745872833.858888,-0.966522,-0.198602,-2.474734,-0.197312,1.844407,2.939625,2.451048,-1.787046,0.825880,9.079658,-5.049738,3.360572,7.859073,-0.103621,6.186468,7.859073,-0.103621,6.186468,3169,2009,2933
1745872833.863893,-0.971812,-0.135489,-2.471511,-0.416235,1.797152,2.990562,-1.171562,-2.976576,2.538866,-0.966172,-8.862245,6.952977,-2.498395,0.745951,11.343480,-2.498395,0.745951,11.343480,1666,2162,3663
1745872833.868892,-0.977918,-0.104848,-2.469871,-0.840875,1.782843,2.919135,-13.717427,-3.713268,1.559592,-39.514291,-11.701798,4.500549,-40.800181,-2.805922,12.286876,-40.800181,-2.805922,12.286876,0,1622,3796
1745872833.873894,-0.977918,-0.104848,-2.469871,-0.840875,1.782843,2.919135,-19.975922,-3.724535,0.748843,-58.467546,-11.502954,2.049636,-59.591970,-4.727448,10.744045,-59.591970,-4.727448,10.744045,0,1347,3578
1745872833.878886,-0.977918,-0.104848,-2.469871,-0.840875,1.782843,2.919135,-21.483168,-3.275970,0.145373,-63.087834,-10.314412,0.529053,-64.019120,-5.324423,8.898585,-64.019120,-5.324423,8.898585,0,1262,3316
1745872833.883890,-0.991463,-0.074185,-2.468235,-1.618702,1.674485,2.950683,-38.881892,-5.247359,0.518325,-115.086870,-17.491919,2.973819,-116.295765,-7.087653,16.310654,-116.295765,-7.087653,16.310654,0,1009,4095
1745872833.888922,-0.991463,-0.074185,-2.468235,-1.618702,1.674485,2.950683,-45.146662,-5.853337,0.691496,-133.978485,-18.911862,2.885587,-135.272103,-7.938858,17.453742,-135.272103,-7.938858,17.453742,0,888,4095
1745872833.893895,-1.010955,-0.043740,-2.467373,-2.370796,1.804028,2.863603,-61.844071,-2.356903,-1.407207,-187.103605,-13.501939,-0.409598,-187.594827,-7.517294,11.233954,-187.594827,-7.517294,11.233954,0,948,3647
1745872833.898891,-1.010955,-0.043740,-2.467373,-2.370796,1.804028,2.863603,-64.947477,0.156291,-2.572214,-196.556591,-7.318401,-3.431752,-196.748241,-6.794307,4.382925,-196.748241,-6.794307,4.382925,0,1051,2677
1745872833.903903,-1.042741,-0.012827,-2.466735,-3.850434,1.757792,3.040375,-95.287363,0.596958,1.345150,-288.093765,-13.161051,9.573474,-288.301470,1.638194,16.193335,-288.301470,1.638194,16.193335,0,2289,4095
1745872833.908964,-1.042741,-0.012827,-2.466735,-3.850434,1.757792,3.040375,-102.804335,0.803971,3.677861,-310.797014,-13.120085,14.046393,-311.033174,5.522490,18.411835,-311.033174,5.522490,18.411835,0,2839,4095
1745872833.913931,-1.081565,0.019611,-2.466625,-4.390610,1.647048,3.161217,-107.930378,-1.862565,7.606958,-326.324053,-23.051040,27.204076,-325.674232,13.180106,33.137883,-325.674232,13.180106,33.137883,0,3922,4095
1745872833.918985,-1.081565,0.019611,-2.466625,-4.390610,1.647048,3.161217,-97.962044,-3.353856,9.206260,-296.211909,-26.934589,30.377534,-295.465603,14.156235,38.058174,-295.465603,14.156235,38.058174,0,4061,4095
1745872833.923956,-1.081565,0.019611,-2.466625,-4.390610,1.647048,3.161217,-79.725323,-3.865014,9.063859,-241.045659,-28.116884,29.752985,-240.284641,13.049333,38.808418,-240.284641,13.049333,38.808418,0,3904,4095
1745872833.928965,-1.123361,0.052380,-2.466890,-4.701503,1.650911,3.302364,-65.981594,-3.625089,11.331024,-200.787414,-30.718054,35.708844,-198.525459,18.903321,43.203025,-198.525459,18.903321,43.203025,0,4095,4095
1745872833.933956,-1.164683,0.086801,-2.466518,-4.574058,1.482327,3.522555,-46.127196,-7.152614,16.755801,-140.634180,-40.423905,47.025469,-135.786075,27.231452,55.923510,-135.786075,27.231452,55.923510,0,4095,4095
1745872833.938953,-1.164683,0.086801,-2.466518,-4.574058,1.482327,3.522555,-27.906172,-8.514266,18.146344,-85.837348,-43.909792,47.952708,-80.678701,26.706202,59.505650,-80.678701,26.706202,59.505650,0,4095,4095
1745872833.943913,-1.246925,0.158227,-2.463162,-4.187997,1.151280,3.524113,-3.694182,-16.380551,16.853359,-14.182586,-61.576776,41.216446,-2.775216,19.477485,72.396481,-2.775216,19.477485,72.396481,1627,4095,4095
1745872833.948907,-1.273103,0.189665,-2.461856,-2.625118,0.877995,3.291087,50.469019,-26.105729,8.279213,149.454225,-76.751311,10.993209,164.159296,-12.002713,77.998644,164.159296,-12.002713,77.998644,4095,306,4095
1745872833.954002,-1.273103,0.189665,-2.461856,-2.625118,0.877995,3.291087,79.142408,-29.128994,1.711689,236.421414,-83.263360,-7.751695,251.266133,-31.833221,78.739366,251.266133,-31.833221,78.739366,4095,0,4095
1745872833.958987,-1.273103,0.189665,-2.461856,-2.625118,0.877995,3.291087,86.906360,-27.361076,-2.535489,260.568673,-78.194013,-17.839423,273.914996,-39.990325,70.791573,273.914996,-39.990325,70.791573,4095,0,4095
1745872833.963912,-1.293772,0.221094,-2.461293,-2.102341,0.874629,3.423216,93.926591,-23.044524,-1.699229,279.625943,-65.860466,-23.023092,292.449606,-40.157800,58.476160,292.449606,-40.157800,58.476160,4095,0,4095
1745872833.968971,-1.293772,0.221094,-2.461293,-2.102341,0.874629,3.423216,87.046730,-17.410953,-0.945404,259.081404,-51.778295,-20.414032,269.020903,-33.796812,45.324316,269.020903,-33.796812,45.324316,4095,0,4095
1745872833.973943,-1.303403,0.252221,-2.458377,-0.738008,0.564534,3.379351,105.302720,-19.333685,-1.431092,313.914260,-50.511833,-31.761998,324.306288,-43.979404,41.642239,324.306288,-43.979404,41.642239,4095,0,4095
1745872833.978897,-1.313140,0.283569,-2.455626,-1.265978,0.632750,3.452335,91.305380,-16.558519,0.206413,269.535358,-46.068419,-27.058272,280.508220,-37.903997,39.219128,280.508220,-37.903997,39.219128,4095,0,4095
1745872833.983909,-1.313140,0.283569,-2.455626,-1.265978,0.632750,3.452335,71.206378,-12.761455,1.233146,210.412606,-36.793693,-18.688340,219.393372,-27.447019,32.098991,219.393372,-27.447019,32.098991,4095,0,4095
1745872833.988897,-1.324830,0.314900,-2.453503,-1.340596,0.579788,3.356645,48.020030,-10.104790,-0.611088,141.911329,-30.303907,-16.341988,150.189212,-23.228957,26.726882,150.189212,-23.228957,26.726882,4095,0,4095
1745872833.994026,-1.324830,0.314900,-2.453503,-1.340596,0.579788,3.356645,26.907914,-7.108823,-1.734950,81.055644,-22.833813,-11.004015,87.396849,-16.232720,20.473911,87.396849,-16.232720,20.473911,4095,0,4095
1745872833.998976,-1.343929,0.345851,-2.451407,-2.612653,0.696261,3.411974,-20.056046,-1.588334,-0.856430,-56.648628,-15.085696,9.403777,-50.589872,5.769638,17.872579,-50.589872,5.769638,17.872579,0,2874,4095
1745872834.003900,-1.343929,0.345851,-2.451407,-2.612653,0.696261,3.411974,-47.320877,2.087816,-0.199320,-135.387556,-6.134296,21.324898,-131.505449,19.398696,11.451733,-131.505449,19.398696,11.451733,0,4095,3678
1745872834.008902,-1.343929,0.345851,-2.451407,-2.612653,0.696261,3.411974,-59.235898,4.212411,0.249548,-169.855997,-0.919251,26.799763,-167.361165,25.906274,7.359448,-167.361165,25.906274,7.359448,0,4095,3099
1745872834.013898,-1.343929,0.345851,-2.451407,-2.612653,0.696261,3.411974,-59.506055,5.038209,0.502442,-170.725620,1.155056,27.321971,-168.916753,26.881668,5.335934,-168.916753,26.881668,5.335934,0,4095,2812
1745872834.018900,-1.401572,0.408653,-2.448651,-3.645947,0.468408,3.438758,-77.717242,-0.640264,1.257627,-219.199316,-17.907161,41.803850,-208.506967,38.190834,26.907523,-208.506967,38.190834,26.907523,0,4095,4095
1745872834.023909,-1.440009,0.440780,-2.447303,-4.414973,0.336192,3.553079,-98.582594,-7.402516,4.387231,-276.660576,-39.429144,61.131244,-254.458547,55.467027,52.038692,-254.458547,55.467027,52.038692,0,4095,4095
1745872834.028900,-1.480848,0.471765,-2.445979,-4.731145,0.206907,3.375712,-107.381051,-13.916941,1.483087,-296.837589,-56.361395,61.485755,-265.381115,56.174392,69.217428,-265.381115,56.174392,69.217428,0,4095,4095
1745872834.033908,-1.480848,0.471765,-2.445979,-4.731145,0.206907,3.375712,-99.816736,-16.349134,-0.542677,-274.913670,-62.502700,53.537706,-240.700894,47.706817,75.282450,-240.700894,47.706817,75.282450,0,4095,4095
1745872834.038901,-1.480848,0.471765,-2.445979,-4.731145,0.206907,3.375712,-82.819881,-15.879074,-1.753000,-227.333381,-61.124430,42.277499,-194.336981,36.615937,72.605912,-194.336981,36.615937,72.605912,0,4095,4095
1745872834.043899,-1.525291,0.502396,-2.445467,-4.911936,0.123245,3.428038,-66.352249,-15.688496,-1.023822,-180.428001,-61.617264,35.099626,-145.732202,32.260321,72.053737,-145.732202,32.260321,72.053737,0,4095,4095
1745872834.048901,-1.525291,0.502396,-2.445467,-4.911936,0.123245,3.428038,-47.797336,-13.645740,-0.436744,-130.081677,-56.285945,26.299965,-98.531896,23.712291,65.520315,-98.531896,23.712291,65.520315,0,4095,4095
1745872834.053899,-1.569465,0.532776,-2.444958,-5.051620,0.012201,3.358440,-33.640708,-13.402838,-1.716631,-89.804522,-55.694589,15.098353,-56.952264,15.024187,64.679147,-56.952264,15.024187,64.679147,0,4095,4095
1745872834.058904,-1.612444,0.562349,-2.444356,-4.621559,-0.172719,3.239484,-10.001242,-16.141372,-5.234495,-23.331255,-60.384972,-6.281008,14.856756,-3.761419,71.623822,14.856756,-3.761419,71.623822,4095,1485,4095
1745872834.063898,-1.612444,0.562349,-2.444356,-4.621559,-0.172719,3.239484,6.136717,-15.892099,-6.812670,20.554407,-59.843391,-18.933788,58.733400,-16.425776,71.606906,58.733400,-16.425776,71.606906,4095,0,4095
1745872834.068900,-1.612444,0.562349,-2.444356,-4.621559,-0.172719,3.239484,15.614893,-13.788752,-6.979094,45.883700,-54.449326,-24.695624,80.817347,-22.407200,65.520073,80.817347,-22.407200,65.520073,4095,0,4095
1745872834.073915,-1.612444,0.562349,-2.444356,-4.621559,-0.172719,3.239484,19.704554,-10.760149,-6.226659,56.329739,-46.620248,-25.372343,86.351330,-23.409298,56.307229,86.351330,-23.409298,56.307229,4095,0,4095
1745872834.078901,-1.685787,0.621786,-2.441655,-3.642565,-0.478920,3.281003,43.774396,-15.019992,-3.977000,116.779864,-54.415383,-37.174044,158.573434,-30.685064,71.750072,158.573434,-30.685064,71.750072,4095,0,4095
1745872834.083911,-1.685787,0.621786,-2.441655,-3.642565,-0.478920,3.281003,53.734382,-15.892484,-2.058527,141.471165,-56.681029,-38.952040,185.023785,-32.191364,74.769963,185.023785,-32.191364,74.769963,4095,0,4095
1745872834.088915,-1.712892,0.651277,-2.440024,-3.010980,-0.582689,3.233023,68.903914,-17.034931,-1.771260,178.453687,-57.232176,-48.589214,226.882479,-39.994417,79.888848,226.882479,-39.994417,79.888848,4095,0,4095
1745872834.093912,-1.712892,0.651277,-2.440024,-3.010980,-0.582689,3.233023,70.041841,-15.669344,-1.372838,181.099827,-53.711365,-48.290777,226.839817,-40.197598,75.453362,226.839817,-40.197598,75.453362,4095,0,4095
1745872834.098978,-1.712892,0.651277,-2.440024,-3.010980,-0.582689,3.233023,62.082864,-12.849651,-0.946989,160.431486,-46.307800,-42.259546,199.934166,-35.275629,65.164203,199.934166,-35.275629,65.164203,4095,0,4095
1745872834.103905,-1.736091,0.681071,-2.438166,-2.569358,-0.708039,3.242287,60.280654,-12.578676,-0.346948,153.663156,-43.975155,-40.412174,194.205400,-32.625550,64.391033,194.205400,-32.625550,64.391033,4095,0,4095
1745872834.108904,-1.736091,0.681071,-2.438166,-2.569358,-0.708039,3.242287,51.842636,-10.885762,0.082250,132.081971,-39.440346,-34.049207,168.150632,-27.095482,57.285885,168.150632,-27.095482,57.285885,4095,0,4095
1745872834.113901,-1.755884,0.715520,-2.434888,-1.994865,-0.827936,3.168878,54.228412,-11.418633,-1.453921,137.302346,-38.627390,-39.527093,176.625419,-31.743277,59.942763,176.625419,-31.743277,59.942763,4095,0,4095
1745872834.118902,-1.772569,0.744823,-2.432346,-1.996690,-0.834249,3.119684,49.053483,-10.512407,-3.454062,123.648342,-36.340003,-41.483045,164.137896,-33.358696,59.733075,164.137896,-33.358696,59.733075,4095,0,4095
1745872834.123909,-1.787939,0.773627,-2.429346,-1.990691,-0.912499,3.084089,39.906632,-10.568544,-5.169708,101.210954,-36.458414,-40.230620,144.450346,-31.431273,61.882460,144.450346,-31.431273,61.882460,4095,0,4095
1745872834.128910,-1.787939,0.773627,-2.429346,-1.990691,-0.912499,3.084089,29.233337,-9.307366,-5.619063,75.765772,-33.006369,-34.440209,114.494168,-26.520548,55.426506,114.494168,-26.520548,55.426506,4095,0,4095
1745872834.133908,-1.804490,0.802430,-2.426423,-2.082846,-0.947794,3.055184,16.651811,-8.234781,-5.922616,44.947692,-30.311984,-27.586549,82.067404,-19.817269,51.623473,82.067404,-19.817269,51.623473,4095,0,4095
1745872834.138912,-1.804490,0.802430,-2.426423,-2.082846,-0.947794,3.055184,6.640662,-6.546153,-5.389132,20.817625,-25.662753,-19.746503,51.379269,-13.266966,42.502977,51.379269,-13.266966,42.502977,4095,125,4095
1745872834.143905,-1.822765,0.831025,-2.424003,-2.242003,-0.932329,3.034894,-4.382460,-4.300904,-4.889152,-6.048731,-20.064171,-11.907939,18.493979,-6.529705,33.227662,18.493979,-6.529705,33.227662,4095,1089,4095
1745872834.148911,-1.822765,0.831025,-2.424003,-2.242003,-0.932329,3.034894,-10.839315,-2.349591,-3.973077,-21.773707,-14.793367,-5.298385,-4.629296,-1.442928,23.211320,-4.629296,-1.442928,23.211320,1361,1817,4095
1745872834.153905,-1.842208,0.859462,-2.422303,-2.325172,-0.953233,3.009005,-15.618387,-1.342747,-3.542164,-32.958462,-12.211186,-1.630901,-18.801268,1.702516,18.689583,-18.801268,1.702516,18.689583,0,2298,4095
1745872834.158907,-1.860389,0.887964,-2.420417,-2.083403,-1.017141,2.976490,-10.810611,-2.106512,-3.632436,-21.354988,-13.333251,-5.135140,-3.841801,-1.113852,22.574682,-3.841801,-1.113852,22.574682,1474,1864,4095
1745872834.163908,-1.860389,0.887964,-2.420417,-2.083403,-1.017141,2.976490,-6.445374,-2.331267,-3.244277,-11.687572,-14.011234,-6.846730,7.225392,-2.560566,24.379009,7.225392,-2.560566,24.379009,3080,1657,4095
1745872834.168922,-1.860389,0.887964,-2.420417,-2.083403,-1.017141,2.976490,-2.885568,-2.187323,-2.599522,-4.018699,-13.692530,-7.340950,14.692258,-3.125217,24.118621,14.692258,-3.125217,24.118621,4095,1576,4095
1745872834.173907,-1.875235,0.916192,-2.418601,-1.715379,-1.063798,2.960155,8.693872,-2.968716,-2.275112,21.808100,-14.653597,-13.583712,45.328217,-8.566542,29.648869,45.328217,-8.566542,29.648869,4095,798,4095
1745872834.178909,-1.875235,0.916192,-2.418601,-1.715379,-1.063798,2.960155,14.988161,-3.102438,-1.791056,35.579943,-15.173496,-16.147080,60.747471,-10.856191,31.725554,60.747471,-10.856191,31.725554,4095,470,4095
1745872834.183905,-1.885922,0.944433,-2.415426,-1.462459,-1.134835,2.899878,23.321339,-4.546136,-2.741627,54.410556,-18.318925,-23.644223,88.609570,-16.802234,42.212437,88.609570,-16.802234,42.212437,4095,0,4095
1745872834.188918,-1.899600,0.972342,-2.413378,-1.718492,-1.115969,2.886387,19.459872,-4.441249,-3.339990,45.197980,-18.892500,-23.162792,82.389745,-15.821346,45.015041,82.389745,-15.821346,45.015041,4095,0,4095
1745872834.193919,-1.899600,0.972342,-2.413378,-1.718492,-1.115969,2.886387,14.635391,-3.829551,-3.306843,34.688860,-17.138090,-20.154398,68.020843,-13.540632,40.343354,68.020843,-13.540632,40.343354,4095,86,4095
1745872834.198915,-1.899600,0.972342,-2.413378,-1.718492,-1.115969,2.886387,9.794866,-2.974136,-2.881015,23.904484,-14.709338,-16.027894,51.911204,-10.419459,33.897924,51.911204,-10.419459,33.897924,4095,533,4095
1745872834.203905,-1.899600,0.972342,-2.413378,-1.718492,-1.115969,2.886387,5.540171,-2.070380,-2.260040,14.274292,-12.154455,-11.704499,36.687437,-7.152671,27.127744,36.687437,-7.152671,27.127744,4095,1000,4095
1745872834.208910,-1.912602,0.999712,-2.409941,-1.873110,-1.175094,2.779806,-1.630893,-2.693161,-4.202925,0.190237,-14.123538,-13.223857,27.799558,-7.724824,32.816861,27.799558,-7.724824,32.816861,4095,918,4095
1745872834.213911,-1.957893,1.055089,-2.406557,-2.939185,-1.230421,2.718860,-32.083369,-4.112029,-6.408317,-62.404183,-19.928861,-5.456617,-26.216032,2.470302,41.598246,-26.216032,2.470302,41.598246,0,2406,4095
1745872834.218916,-1.957893,1.055089,-2.406557,-2.939185,-1.230421,2.718860,-47.425834,-4.505914,-7.018476,-93.977230,-20.186556,0.953632,-61.636927,8.503529,37.175148,-61.636927,8.503529,37.175148,0,3260,4095
1745872834.223911,-1.992613,1.082015,-2.406638,-4.097580,-1.182874,2.808381,-79.651882,-3.038614,-4.352445,-161.733851,-17.529143,21.046964,-147.865280,26.378883,15.707874,-147.865280,26.378883,15.707874,0,4095,4095
1745872834.228914,-1.992613,1.082015,-2.406638,-4.097580,-1.182874,2.808381,-90.319613,-1.736624,-2.129890,-184.886367,-13.256660,33.232048,-187.727803,35.746671,-3.218278,-187.727803,35.746671,-3.218278,0,4095,1563
1745872834.233911,-2.032634,1.109746,-2.407331,-4.562829,-1.287792,2.768144,-97.383219,-3.270413,-1.450568,-197.444678,-17.182647,34.740128,-197.640889,38.757068,-0.219087,-197.640889,38.757068,-0.219087,0,4095,1992
1745872834.238914,-2.032634,1.109746,-2.407331,-4.562829,-1.287792,2.768144,-89.928747,-3.841522,-0.842481,-182.560691,-18.908614,32.720451,-177.834786,37.718062,5.276890,-177.834786,37.718062,5.276890,0,4095,2804
1745872834.243911,-2.032634,1.109746,-2.407331,-4.562829,-1.287792,2.768144,-74.205213,-3.731548,-0.355305,-150.857144,-19.533260,26.414069,-139.348685,32.350705,12.850207,-139.348685,32.350705,12.850207,0,4095,3876
1745872834.248912,-2.083894,1.136644,-2.411906,-5.401663,-1.193463,2.761199,-75.718387,-0.893553,-0.173497,-154.025098,-12.530846,21.639315,-153.388953,25.003900,0.701197,-153.388953,25.003900,0.701197,0,4095,2156
1745872834.253912,-2.136231,1.164447,-2.417218,-5.074659,-1.417851,2.709832,-59.384359,-4.487455,-1.295904,-119.105329,-21.208954,8.767633,-88.404869,18.766403,33.422021,-88.404869,18.766403,33.422021,0,4095,4095
1745872834.258914,-2.186526,1.192490,-2.424066,-4.942400,-1.508877,2.801938,-38.530332,-8.442193,0.410360,-78.373336,-29.755038,0.757489,-18.358072,17.803521,64.581751,-18.358072,17.803521,64.581751,0,4095,4095
1745872834.263916,-2.186526,1.192490,-2.424066,-4.942400,-1.508877,2.801938,-20.620476,-9.907957,1.438966,-43.289469,-34.268631,-3.912680,32.783028,16.597861,81.860760,32.783028,16.597861,81.860760,4095,4095,4095
1745872834.268953,-2.186526,1.192490,-2.424066,-4.942400,-1.508877,2.801938,-6.667710,-9.618444,1.916478,-15.933200,-34.552818,-8.174008,66.915342,13.283249,89.152385,66.915342,13.283249,89.152385,4095,3937,4095
1745872834.273917,-2.243575,1.219997,-2.436672,-4.985218,-1.502002,2.665157,1.779682,-8.092877,-1.348463,1.311826,-29.971309,-22.740021,104.092704,0.892156,109.446337,104.092704,0.892156,109.446337,4095,2183,4095
1745872834.278916,-2.294072,1.246172,-2.445504,-4.641861,-1.630746,2.387187,15.371005,-9.288074,-10.079732,31.922164,-34.838154,-53.581895,214.904628,-17.109789,193.066189,214.904628,-17.109789,193.066189,4095,0,4095
1745872834.283919,-2.294072,1.246172,-2.445504,-4.641861,-1.630746,2.387187,22.088857,-8.906323,-14.370239,46.548781,-35.763972,-69.675707,263.244863,-28.561632,228.637685,263.244863,-28.561632,228.637685,4095,0,4095
1745872834.288921,-2.346478,1.273179,-2.458492,-4.213525,-1.759187,2.518290,34.129086,-10.721312,-12.108109,67.250195,-37.565723,-67.217931,308.134909,-21.686228,251.961479,308.134909,-21.686228,251.961479,4095,0,4095
1745872834.293916,-2.346478,1.273179,-2.458492,-4.213525,-1.759187,2.518290,37.551878,-10.554574,-9.197708,72.909257,-36.648086,-58.814302,292.474127,-16.329038,229.661270,292.474127,-16.329038,229.661270,4095,0,4095
1745872834.298919,-2.346478,1.273179,-2.458492,-4.213525,-1.759187,2.518290,35.123773,-9.156512,-6.226399,67.090232,-32.520436,-47.908254,252.151023,-11.432921,193.570566,252.151023,-11.432921,193.570566,4095,388,4095
1745872834.303890,-2.346478,1.273179,-2.458492,-4.213525,-1.759187,2.518290,29.318149,-7.162440,-3.601154,54.781910,-26.901503,-36.834533,201.484723,-7.461294,153.448747,201.484723,-7.461294,153.448747,4095,956,4095
1745872834.308921,-2.393288,1.301121,-2.473808,-3.447403,-1.822417,2.452933,40.888104,-6.563972,-3.086510,75.960341,-23.552962,-34.975752,226.668698,-6.536788,156.359600,226.668698,-6.536788,156.359600,4095,1088,4095
1745872834.313919,-2.440232,1.328613,-2.494324,-2.817531,-1.951017,2.463559,58.525886,-8.529369,-2.123434,108.504846,-26.594826,-33.492264,281.548853,-1.293629,178.245818,281.548853,-1.293629,178.245818,4095,1839,4095
1745872834.318918,-2.440232,1.328613,-2.494324,-2.817531,-1.951017,2.463559,62.522528,-8.728892,-1.253942,115.967048,-27.102338,-31.721978,284.861958,0.236383,173.971996,284.861958,0.236383,173.971996,4095,2090,4095
1745872834.323915,-2.487990,1.356404,-2.522648,-2.100879,-1.949252,2.510251,74.941331,-7.743289,0.592306,137.081381,-21.638114,-23.236261,282.229068,3.049637,148.548587,282.229068,3.049637,148.548587,4095,2488,4095
1745872834.328918,-2.487990,1.356404,-2.522648,-2.100879,-1.949252,2.510251,73.628856,-6.170284,1.689449,134.171132,-17.945087,-18.738871,252.607844,2.852390,121.211757,252.607844,2.852390,121.211757,4095,2461,4095
1745872834.333915,-2.487990,1.356404,-2.522648,-2.100879,-1.949252,2.510251,63.780406,-4.421151,2.175269,115.041502,-13.351949,-14.205481,204.122363,1.962437,91.168081,204.122363,1.962437,91.168081,4095,2335,4095
1745872834.338918,-2.538079,1.384203,-2.559286,-1.437438,-2.031454,2.449900,65.993205,-4.786713,0.737110,118.738585,-12.297920,-13.644493,215.214725,2.381677,98.180366,215.214725,2.381677,98.180366,4095,2394,4095
1745872834.343920,-2.538079,1.384203,-2.559286,-1.437438,-2.031454,2.449900,59.299507,-4.430852,-0.262603,106.127403,-11.310137,-15.577743,208.065337,0.471195,103.738641,208.065337,0.471195,103.738641,4095,2123,4095
1745872834.348920,-2.677290,1.437643,-2.677064,-1.220478,-1.996918,2.389517,53.116724,-2.816822,-2.341604,91.813901,2.445515,-15.349506,186.101598,-9.060122,95.129764,186.101598,-9.060122,95.129764,4095,727,4095
1745872834.353918,-2.792215,1.462791,-2.781609,-1.249773,-2.036693,2.404614,41.986085,-2.425479,-2.999669,68.730695,17.748411,-12.165548,118.119237,-20.840584,49.678011,118.119237,-20.840584,49.678011,4095,0,4095
1745872834.358919,-2.978029,1.486287,-2.957881,-0.935356,-2.055573,2.511673,37.503710,-2.343378,-0.425693,57.489707,56.177337,18.474699,-265.675697,-52.419228,-324.322849,-265.675697,-52.419228,-324.322849,0,0,0
1745872834.363920,-2.978029,1.486287,-2.957881,-0.935356,-2.055573,2.511673,30.072124,-2.004269,1.254850,42.974274,57.159358,25.351275,-362.171987,-52.268395,-406.597328,-362.171987,-52.268395,-406.597328,0,0,0
1745872834.368920,2.992938,1.503276,3.025977,-1.825279,-1.712456,2.574977,-0.114722,6.862173,3.714543,-12.951507,150.922914,161.589418,-2045.606860,-173.191060,-2037.297599,-2045.606860,-173.191060,-2037.297599,0,0,0
1745872834.373930,2.992938,1.503276,3.025977,-1.825279,-1.712456,2.574977,-19.230510,11.638724,4.817372,-49.770299,158.914111,166.623409,-2138.544283,-181.839697,-2093.544395,-2138.544283,-181.839697,-2093.544395,0,0,0
1745872834.378947,2.992938,1.503276,3.025977,-1.825279,-1.712456,2.574977,-28.960913,13.228584,4.922122,-68.500258,161.508537,167.587769,-2165.695467,-184.548339,-2101.984853,-2165.695467,-184.548339,-2101.984853,0,0,0
1745872834.383920,2.543773,1.510788,2.589365,-1.435281,-1.934455,2.558806,-22.009570,7.196784,3.991862,-48.456871,217.654759,497.423103,-4852.775246,-459.876172,-4812.981642,-4852.775246,-459.876172,-4812.981642,0,0,0
1745872834.388957,2.543773,1.510788,2.589365,-1.435281,-1.934455,2.558806,-14.846103,2.441777,2.904766,-35.340059,208.865828,494.511148,-4881.932463,-450.972582,-4855.331900,-4881.932463,-450.972582,-4855.331900,0,0,0
1745872834.393923,2.078685,1.504770,2.137756,-1.595684,-1.864749,2.572120,-12.475201,0.881877,2.196740,-13.678577,157.026159,380.548795,-737.621179,-408.880425,-725.523459,-737.621179,-408.880425,-725.523459,0,0,0
1745872834.398940,2.078685,1.504770,2.137756,-1.595684,-1.864749,2.572120,-9.433056,-0.225265,1.474896,-8.233587,154.787306,378.282775,-745.094840,-405.811608,-738.470319,-745.094840,-405.811608,-738.470319,0,0,0
1745872834.403926,1.745420,1.488711,1.816336,-1.290485,-1.913969,2.526946,1.090019,-2.095255,-0.262795,12.239737,76.344077,162.711813,582.479848,-173.501107,572.166673,582.479848,-173.501107,572.166673,4095,0,4095
1745872834.408926,1.745420,1.488711,1.816336,-1.290485,-1.913969,2.526946,7.637308,-3.026455,-1.333845,23.878251,74.262121,158.846145,577.360431,-169.332515,555.352126,577.360431,-169.332515,555.352126,4095,0,4095
1745872834.413921,1.745420,1.488711,1.816336,-1.290485,-1.913969,2.526946,10.840467,-3.244611,-1.847502,29.578120,73.851138,156.961606,582.120496,-167.405233,554.409147,582.120496,-167.405233,554.409147,4095,0,4095
1745872834.418924,1.533191,1.466940,1.614618,-1.244121,-1.897760,2.529390,12.679676,-2.588173,-1.886866,30.143799,28.825546,66.594605,330.523409,-65.463782,302.006882,330.523409,-65.463782,302.006882,4095,0,4095
1745872834.423923,1.399729,1.442430,1.492163,-1.307305,-1.837997,2.533877,10.739863,-0.392136,-1.570557,24.549189,11.780348,31.663648,156.243470,-29.196053,132.786811,156.243470,-29.196053,132.786811,4095,0,4095
1745872834.428926,1.399729,1.442430,1.492163,-1.307305,-1.837997,2.533877,8.195749,1.045947,-1.177856,19.920997,15.583918,33.418792,182.967513,-30.278081,164.399144,182.967513,-30.278081,164.399144,4095,0,4095
1745872834.433925,1.310894,1.416527,1.413840,-1.258107,-1.801331,2.558349,6.789244,2.724228,-0.186131,15.951706,10.435119,20.479403,114.647132,-17.109929,99.881606,114.647132,-17.109929,99.881606,4095,0,4095
1745872834.438925,1.204501,1.362744,1.324448,-1.361122,-1.590311,2.604854,2.543397,8.623486,1.603861,5.558195,17.780475,11.442881,103.609351,-4.315540,100.212226,103.609351,-4.315540,100.212226,4095,1406,4095
1745872834.443919,1.204501,1.362744,1.324448,-1.361122,-1.590311,2.604854,-0.449768,11.294508,2.538252,-0.303923,24.774053,15.609981,135.747427,-5.701388,139.049953,135.747427,-5.701388,139.049953,4095,1208,4095
1745872834.448927,1.204501,1.362744,1.324448,-1.361122,-1.590311,2.604854,-2.293874,11.605163,2.820075,-3.763707,25.708722,17.006731,138.791076,-6.670718,145.696723,138.791076,-6.670718,145.696723,4095,1069,4095
1745872834.453926,1.173253,1.336547,1.304413,-1.146263,-1.618840,2.477698,2.086532,9.678915,-0.462459,5.113007,20.469155,4.429191,91.387205,3.840934,88.696610,91.387205,3.840934,88.696610,4095,2600,4095
1745872834.458929,1.173253,1.336547,1.304413,-1.146263,-1.618840,2.477698,4.604188,7.273329,-2.484038,10.476437,13.956463,-3.017490,59.505543,8.185472,50.405748,59.505543,8.185472,50.405748,4095,3215,4095
1745872834.463929,1.147412,1.310242,1.286996,-1.099608,-1.494428,2.469625,6.774140,7.909668,-3.655031,14.351981,14.622106,-10.127205,48.747197,15.240480,35.596698,48.747197,15.240480,35.596698,4095,4095,4095
1745872834.468926,1.147412,1.310242,1.286996,-1.099608,-1.494428,2.469625,7.316274,7.343473,-3.947658,15.489492,13.135517,-11.320024,42.963131,15.717215,28.433338,42.963131,15.717215,28.433338,4095,4095,4095
1745872834.473925,1.124748,1.283579,1.273381,-0.960287,-1.612027,2.496616,10.176709,3.205555,-2.988512,21.236045,3.311662,-10.327001,16.268075,10.745260,-5.180171,16.268075,10.745260,-5.180171,4095,3578,1282
1745872834.478930,1.124748,1.283579,1.273381,-0.960287,-1.612027,2.496616,10.740440,0.192267,-2.014764,22.169304,-3.849996,-8.203352,-1.570131,5.739824,-24.753438,-1.570131,5.739824,-24.753438,1799,2869,0
1745872834.483935,1.108128,1.256633,1.262969,-0.726511,-1.601641,2.546729,15.511592,-1.481857,0.077111,30.667841,-7.100449,-5.034177,4.197448,1.335713,-27.832659,4.197448,1.335713,-27.832659,2651,2246,0
1745872834.488929,1.094616,1.229820,1.257028,-0.944229,-1.518180,2.589891,11.294470,-0.314275,2.443642,21.400866,-4.223168,2.303107,13.798370,-3.982741,-8.066919,13.798370,-3.982741,-8.066919,4010,1454,869
1745872834.493926,1.094616,1.229820,1.257028,-0.944229,-1.518180,2.589891,7.242835,0.463518,3.643399,13.072536,-1.788522,7.721777,18.568091,-7.682583,5.831268,18.568091,-7.682583,5.831268,4095,924,2882
1745872834.498927,1.071005,1.170314,1.247508,-0.687033,-1.575109,2.624332,10.093386,-0.495864,4.800709,18.372293,-3.147915,9.128463,22.179621,-9.520507,4.134476,22.179621,-9.520507,4.134476,4095,661,2642
1745872834.503924,1.071005,1.170314,1.247508,-0.687033,-1.575109,2.624332,10.658907,-1.041450,4.944242,19.465715,-4.463346,9.182031,20.606624,-10.197933,1.238942,20.606624,-10.197933,1.238942,4095,564,2232
1745872834.508932,1.071005,1.170314,1.247508,-0.687033,-1.575109,2.624332,9.710472,-1.259637,4.428993,17.831130,-5.043863,7.997906,16.428132,-9.436855,-1.523552,16.428132,-9.436855,-1.523552,4095,673,1806
1745872834.513929,1.062389,1.142450,1.247094,-0.826568,-1.585282,2.668325,4.504290,-1.491953,4.638151,7.320726,-5.660353,10.208545,7.375358,-11.672762,0.060058,7.375358,-11.672762,0.060058,3101,353,2065
1745872834.518932,1.062389,1.142450,1.247094,-0.826568,-1.585282,2.668325,0.655935,-1.456289,4.202407,-0.199066,-5.414537,10.703897,0.853891,-11.985802,1.157536,0.853891,-11.985802,1.157536,2178,309,2221
1745872834.523930,1.051807,1.115575,1.245435,-1.158819,-1.474144,2.520180,-9.992847,1.466457,-0.215858,-20.199848,0.448478,2.599803,-16.770032,-2.035017,3.818698,-16.770032,-2.035017,3.818698,0,1732,2597
1745872834.528933,1.051807,1.115575,1.245435,-1.158819,-1.474144,2.520180,-15.511890,3.137635,-2.987330,-30.187965,4.159844,-2.562165,-25.405150,4.288076,5.325103,-25.405150,4.288076,5.325103,0,2664,2811
1745872834.533930,1.033669,1.089256,1.241518,-1.763573,-1.668409,2.405358,-31.905144,-0.948063,-7.183244,-61.351950,-7.672892,-7.488696,-81.299797,2.508170,-22.507321,-81.299797,2.508170,-22.507321,0,2412,0
1745872834.538964,1.033669,1.089256,1.241518,-1.763573,-1.668409,2.405358,-38.419101,-3.434707,-8.971665,-73.706495,-13.563057,-10.094902,-105.890479,1.733558,-36.313458,-105.890479,1.733558,-36.313458,0,2302,0
1745872834.543936,1.033669,1.089256,1.241518,-1.763573,-1.668409,2.405358,-37.767266,-4.563387,-8.986042,-72.277917,-16.293249,-10.737437,-109.579870,0.888657,-42.088104,-109.579870,0.888657,-42.088104,0,2183,0
1745872834.548933,1.010705,1.063050,1.240226,-2.668812,-1.609289,2.517806,-54.916921,-3.279119,-5.148048,-111.832540,-13.635656,7.523349,-125.411426,-13.617959,-15.539281,-125.411426,-13.617959,-15.539281,0,75,0
1745872834.553949,1.010705,1.063050,1.240226,-2.668812,-1.609289,2.517806,-59.065594,-2.060576,-2.077784,-122.187796,-9.721123,19.018386,-118.830560,-21.276981,3.841923,-118.830560,-21.276981,3.841923,0,0,2601
1745872834.558933,0.979385,1.036107,1.240647,-3.829725,-1.534820,2.504780,-82.779950,0.774744,-0.214871,-176.034362,-3.410290,34.956700,-147.906155,-30.920816,32.690979,-147.906155,-30.920816,32.690979,0,0,4095
1745872834.563930,0.979385,1.036107,1.240647,-3.829725,-1.534820,2.504780,-87.741168,2.481145,0.994639,-187.333670,1.227590,41.583691,-146.465672,-33.836471,47.497335,-146.465672,-33.836471,47.497335,0,0,4095
1745872834.568932,0.979385,1.036107,1.240647,-3.829725,-1.534820,2.504780,-80.135467,3.257561,1.638545,-171.584814,2.667560,39.603771,-130.562271,-31.390000,47.676949,-130.562271,-31.390000,47.676949,0,0,4095
1745872834.573945,0.942799,1.008947,1.246946,-4.713131,-1.458899,2.773699,-87.169252,5.214470,8.451280,-194.228483,8.445201,58.921001,-128.383297,-42.717461,77.806252,-128.383297,-42.717461,77.806252,0,0,4095
1745872834.578965,0.942799,1.008947,1.246946,-4.713131,-1.458899,2.773699,-80.869869,5.809675,11.719947,-182.470746,10.204059,65.203194,-108.501673,-46.767677,87.405878,-108.501673,-46.767677,87.405878,0,0,4095
1745872834.583934,0.942799,1.008947,1.246946,-4.713131,-1.458899,2.773699,-67.048425,5.471557,12.330261,-152.969404,8.597395,59.348927,-86.529212,-42.974324,78.509344,-86.529212,-42.974324,78.509344,0,0,4095
1745872834.588953,0.942799,1.008947,1.246946,-4.713131,-1.458899,2.773699,-50.003206,4.586417,11.214498,-115.532367,5.059563,46.537101,-65.596734,-34.685482,59.006658,-65.596734,-34.685482,59.006658,0,0,4095
1745872834.593937,0.908800,0.981305,1.256483,-4.625817,-1.263156,2.840083,-31.052776,8.249274,10.761389,-76.634592,14.788748,34.401718,-27.575983,-18.044395,59.019761,-27.575983,-18.044395,59.019761,0,0,4095
1745872834.598936,0.908800,0.981305,1.256483,-4.625817,-1.263156,2.840083,-15.223305,9.569078,9.159786,-41.145667,16.263552,21.236034,-2.447959,-6.753190,46.555120,-2.447959,-6.753190,46.555120,1673,1057,4095
1745872834.603934,0.801551,0.865159,1.286007,-2.678532,-1.908787,2.402686,44.340382,-6.579479,-3.686456,104.912184,-24.470282,-46.459815,46.345050,16.357026,-76.940666,46.345050,16.357026,-76.940666,4095,4095,0
1745872834.608953,0.801551,0.865159,1.286007,-2.678532,-1.908787,2.402686,76.730285,-16.029768,-11.394430,185.755900,-49.386150,-89.941886,70.677073,30.264787,-151.181063,70.677073,30.264787,-151.181063,4095,4095,0
1745872834.613936,0.786762,0.837630,1.287649,-1.435200,-2.027404,2.211436,117.991444,-22.886484,-19.500224,292.090160,-66.188042,-134.763591,134.392782,48.683931,-212.227284,134.392782,48.683931,-212.227284,4095,4095,0
1745872834.618954,0.786762,0.837630,1.287649,-1.435200,-2.027404,2.211436,129.851035,-24.455608,-22.280797,321.947488,-71.103299,-150.050484,148.400137,56.037256,-233.557993,148.400137,56.037256,-233.557993,4095,4095,0
1745872834.623936,0.778592,0.810413,1.291074,-1.066623,-1.959206,2.345589,130.381593,-20.778764,-18.019929,323.809772,-60.459532,-136.095468,177.311727,52.535538,-202.185622,177.311727,52.535538,-202.185622,4095,4095,0
1745872834.628955,0.776513,0.782276,1.294310,-0.516201,-1.999302,2.375680,128.279235,-16.872937,-12.353505,319.288084,-48.893522,-115.791495,203.149906,46.267472,-164.759352,203.149906,46.267472,-164.759352,4095,4095,0
1745872834.633941,0.776513,0.782276,1.294310,-0.516201,-1.999302,2.375680,111.230253,-12.353331,-7.283444,274.457096,-36.719275,-90.461988,184.754108,37.201292,-127.257087,184.754108,37.201292,-127.257087,4095,4095,0
1745872834.638948,0.771869,0.753627,1.299353,-0.950416,-2.011166,2.536876,76.131575,-8.259651,0.785758,185.679765,-24.356397,-47.497045,137.798441,15.674054,-69.972485,137.798441,15.674054,-69.972485,4095,4095,0
1745872834.643939,0.763102,0.726463,1.304932,-1.697063,-1.690380,2.377594,26.431238,3.176562,1.879189,62.041087,2.916349,-14.444185,54.556618,12.090970,-11.267887,54.556618,12.090970,-11.267887,4095,3768,411
1745872834.648947,0.763102,0.726463,1.304932,-1.697063,-1.690380,2.377594,-8.367877,10.050104,2.343435,-25.770839,19.950725,8.942734,-7.775416,8.237379,27.092153,-7.775416,8.237379,27.092153,911,3223,4095
1745872834.653935,0.763102,0.726463,1.304932,-1.697063,-1.690380,2.377594,-29.256509,13.148197,2.348928,-78.260905,27.881519,21.981125,-47.022000,4.957226,47.030246,-47.022000,4.957226,47.030246,0,2759,4095
1745872834.658938,0.748632,0.699765,1.310208,-1.901902,-2.033854,2.318043,-43.962109,5.087755,0.605426,-113.958289,9.556267,22.661317,-94.505242,-8.423026,30.204821,-94.505242,-8.423026,30.204821,0,818,4095
1745872834.663941,0.748632,0.699765,1.310208,-1.901902,-2.033854,2.318043,-47.870588,-0.633668,-0.571424,-122.864874,-2.839913,20.337436,-111.948412,-15.923000,16.950034,-111.948412,-15.923000,16.950034,0,0,4095
1745872834.668892,0.724031,0.673444,1.313524,-3.329119,-2.012016,2.162118,-79.132604,-3.607577,-5.021547,-201.671962,-11.258340,20.765371,-195.210317,-22.189278,10.360483,-195.210317,-22.189278,10.360483,0,0,3523
1745872834.673943,0.724031,0.673444,1.313524,-3.329119,-2.012016,2.162118,-89.683141,-5.091643,-7.288460,-227.391221,-14.406007,20.342517,-222.845932,-24.267225,7.287833,-222.845932,-24.267225,7.287833,0,0,3088
1745872834.678941,0.688750,0.646426,1.317445,-4.477694,-2.082385,2.193855,-113.290910,-7.109942,-7.022831,-292.324027,-18.941867,28.342274,-284.897102,-32.637473,12.330180,-284.897102,-32.637473,12.330180,0,0,3802
1745872834.683943,0.688750,0.646426,1.317445,-4.477694,-2.082385,2.193855,-114.365007,-7.517236,-5.994455,-295.674732,-19.497360,31.611028,-286.609950,-35.143868,15.049351,-286.609950,-35.143868,15.049351,0,0,4095
1745872834.688942,0.646711,0.620356,1.324068,-5.327088,-1.845590,2.311270,-121.838221,-1.052285,-1.733317,-323.314055,-2.454874,42.928946,-299.893722,-27.826628,40.287859,-299.893722,-27.826628,40.287859,0,0,4095
1745872834.693944,0.646711,0.620356,1.324068,-5.327088,-1.845590,2.311270,-111.638430,3.166998,1.175063,-298.264014,6.474951,46.132044,-269.173051,-22.630076,50.042524,-269.173051,-22.630076,50.042524,0,0,4095
1745872834.698945,0.604265,0.593533,1.333210,-5.051699,-1.959531,2.414320,-84.755071,2.655032,5.396027,-233.565305,6.175236,41.189107,-208.329525,-18.320164,45.120863,-208.329525,-18.320164,45.120863,0,0,4095
1745872834.703957,0.564183,0.566297,1.343603,-5.260204,-1.961192,2.530668,-62.429017,1.963703,10.265356,-179.857856,6.375306,39.373331,-156.537997,-15.666632,43.465805,-156.537997,-15.666632,43.465805,0,0,4095
1745872834.708952,0.564183,0.566297,1.343603,-5.260204,-1.961192,2.530668,-40.708185,1.287363,12.073098,-122.232685,4.485754,32.799186,-103.087017,-13.747988,35.685543,-103.087017,-13.747988,35.685543,0,56,4095
1745872834.713940,0.527881,0.538041,1.354097,-4.462620,-2.265315,2.430196,-2.524850,-6.729453,9.285790,-17.608413,-14.089430,6.735236,-18.371378,-15.564090,-1.488843,-18.371378,-15.564090,-1.488843,0,0,1811
1745872834.718946,0.527881,0.538041,1.354097,-4.462620,-2.265315,2.430196,22.051766,-11.001186,6.378097,50.999693,-24.136735,-14.310106,36.366949,-13.643096,-28.554233,36.366949,-13.643096,-28.554233,4095,71,0
1745872834.723937,0.527881,0.538041,1.354097,-4.462620,-2.265315,2.430196,34.837103,-12.345875,3.765220,87.209948,-27.850296,-28.028306,64.388714,-9.941241,-44.533194,64.388714,-9.941241,-44.533194,4095,601,0
1745872834.728935,0.527881,0.538041,1.354097,-4.462620,-2.265315,2.430196,38.686044,-11.689489,1.648184,98.738035,-27.138305,-35.507591,72.274990,-5.558823,-51.639799,72.274990,-5.558823,-51.639799,4095,1228,0
1745872834.733941,0.497049,0.509421,1.360757,-3.770059,-2.456893,2.041833,53.368285,-14.539572,-9.420996,147.768338,-35.789024,-68.279899,104.709817,1.099838,-88.293971,104.709817,1.099838,-88.293971,4095,2212,0
1745872834.738940,0.452261,0.455822,1.371397,-2.129702,-2.272793,1.680880,96.275994,-10.046400,-24.096327,277.733688,-28.392324,-115.791560,220.590690,25.063141,-129.811289,220.590690,25.063141,-129.811289,4095,4095,0
1745872834.743948,0.452261,0.455822,1.371397,-2.129702,-2.272793,1.680880,111.653836,-5.966882,-30.439333,323.598024,-22.139976,-138.740820,257.674692,40.715719,-149.757503,257.674692,40.715719,-149.757503,4095,4095,0
1745872834.748940,0.452261,0.455822,1.371397,-2.129702,-2.272793,1.680880,107.665968,-2.665325,-30.707335,312.427746,-15.680109,-137.056072,248.631305,45.789885,-144.925861,248.631305,45.789885,-144.925861,4095,4095,0
1745872834.753941,0.441441,0.430706,1.376213,-1.284439,-2.305720,1.685771,112.678998,-1.053176,-27.001385,326.473590,-11.070613,-123.654374,272.930706,42.821066,-128.242580,272.930706,42.821066,-128.242580,4095,4095,0
1745872834.758951,0.441441,0.430706,1.376213,-1.284439,-2.305720,1.685771,102.023524,0.097792,-21.338105,293.876480,-7.521779,-103.938326,249.220882,37.606163,-106.956307,249.220882,37.606163,-106.956307,4095,4095,0
1745872834.763944,0.439846,0.403049,1.381992,-0.170875,-2.579158,1.878052,110.049744,-5.878487,-10.452531,313.251333,-16.466246,-73.037363,282.083434,16.200343,-79.464335,282.083434,16.200343,-79.464335,4095,4095,0
1745872834.768941,0.440898,0.374149,1.388098,-0.168297,-2.578653,1.945338,101.743652,-8.933438,-0.631016,287.320518,-20.224148,-42.058367,268.996990,-0.341609,-50.135390,268.996990,-0.341609,-50.135390,4095,1975,0
1745872834.773990,0.440898,0.374149,1.388098,-0.168297,-2.578653,1.945338,83.855342,-9.781535,5.724541,233.480811,-20.274465,-18.860563,223.386287,-10.286817,-27.619840,223.386287,-10.286817,-27.619840,4095,552,0
1745872834.778945,0.441827,0.346743,1.395327,-0.283405,-2.370834,1.990201,59.718647,-4.060972,10.042229,162.960663,-7.903094,3.504040,162.884149,-8.642474,-0.225147,162.884149,-8.642474,-0.225147,4095,787,1991
1745872834.783951,0.441827,0.346743,1.395327,-0.283405,-2.370834,1.990201,36.982232,0.100935,11.590295,96.488568,0.922933,16.442762,102.002084,-6.196490,16.224013,102.002084,-6.196490,16.224013,4095,1137,4095
1745872834.788957,0.439990,0.319854,1.402849,-0.480090,-2.394749,1.981503,13.246248,2.132697,10.932407,28.476796,5.244549,22.921061,36.085676,-5.017738,24.199125,36.085676,-5.017738,24.199125,4095,1306,4095
1745872834.793948,0.439994,0.292118,1.409480,-0.123304,-2.575350,1.958831,5.385370,-1.264634,8.624694,7.137180,-1.332879,20.307768,12.491763,-9.855698,18.593515,12.491763,-9.855698,18.593515,3825,613,4095
1745872834.798949,0.439994,0.292118,1.409480,-0.123304,-2.575350,1.958831,-0.257242,-3.263950,6.106735,-8.581702,-5.525697,15.324800,-5.119924,-11.526751,12.020845,-5.119924,-11.526751,12.020845,1291,374,3758
1745872834.803946,0.439994,0.292118,1.409480,-0.123304,-2.575350,1.958831,-3.792107,-4.127990,3.767630,-18.199158,-7.539194,10.340846,-16.351310,-11.225636,6.416555,-16.351310,-11.225636,6.416555,0,417,2965
1745872834.808982,0.442589,0.263298,1.415636,0.091669,-2.606159,1.951810,-0.273065,-4.930315,1.638023,-7.063596,-9.370542,4.454577,-7.060324,-10.375460,0.012574,-7.060324,-10.375460,0.012574,1013,539,2059
1745872834.813975,0.442589,0.263298,1.415636,0.091669,-2.606159,1.951810,1.960516,-4.824398,0.104866,-0.043791,-9.478711,-0.019748,-1.142876,-8.556941,-4.222926,-1.142876,-8.556941,-4.222926,1860,799,1419
1745872834.818946,0.443963,0.234959,1.422005,-0.107639,-2.544332,1.981836,-1.725256,-2.664908,-0.142643,-11.328384,-5.432314,-0.095843,-11.907648,-4.864521,-2.488214,-11.907648,-4.864521,-2.488214,320,1328,1668
1745872834.823945,0.443963,0.234959,1.422005,-0.107639,-2.544332,1.981836,-3.864798,-0.963745,-0.283057,-17.660917,-2.140470,0.403630,-17.793744,-2.106333,-0.570554,-17.793744,-2.106333,-0.570554,0,1722,1942
1745872834.828946,0.443963,0.234959,1.422005,-0.107639,-2.544332,1.981836,-4.745121,0.230677,-0.337227,-20.275163,0.168936,0.706254,-20.105119,-0.150793,0.730418,-20.105119,-0.150793,0.730418,0,2002,2160
1745872834.833946,0.438600,0.178309,1.435220,-0.458191,-2.526832,2.016930,-13.309588,1.386577,0.529706,-46.803363,2.511179,2.894590,-46.138874,1.044235,3.746437,-46.138874,1.044235,3.746437,0,2205,2587
1745872834.838957,0.436349,0.149608,1.442098,-0.328487,-2.586276,2.037774,-13.919152,0.489418,1.525928,-49.113088,1.015863,5.317525,-48.321942,-1.326688,5.307905,-48.321942,-1.326688,5.307905,0,1834,2808
1745872834.843951,0.436349,0.149608,1.442098,-0.328487,-2.586276,2.037774,-12.596440,-0.135618,1.966256,-45.211769,-0.123611,6.075350,-44.389687,-2.679676,5.515461,-44.389687,-2.679676,5.515461,0,1640,2838
1745872834.848980,0.436349,0.149608,1.442098,-0.328487,-2.586276,2.037774,-10.203344,-0.517279,2.004921,-38.034604,-0.875377,5.705675,-37.310915,-3.204765,4.855329,-37.310915,-3.204765,4.855329,0,1565,2744
1745872834.853952,0.430770,0.121091,1.448719,-0.910406,-2.575057,1.971967,-21.638076,-0.418669,0.180009,-71.804742,-1.151467,-0.091791,-71.873400,-1.007945,-0.568387,-71.873400,-1.007945,-0.568387,0,1879,1942
1745872834.858951,0.430770,0.121091,1.448719,-0.910406,-2.575057,1.971967,-26.289642,-0.304833,-1.004896,-85.641066,-1.100688,-2.362171,-85.958179,-0.013762,-2.625212,-85.958179,-0.013762,-2.625212,0,2022,1648
1745872834.863949,0.416562,0.093227,1.454910,-1.894283,-2.525927,1.869705,-50.106564,1.007611,-4.135426,-156.897004,0.680126,-12.166919,-157.911579,5.544929,-10.898606,-157.911579,5.544929,-10.898606,0,2842,464
1745872834.868949,0.395108,0.065785,1.461652,-2.542738,-2.508331,1.896656,-74.932471,2.145978,-4.950091,-233.050413,3.122994,-16.565283,-233.978469,9.258486,-14.117486,-233.978469,9.258486,-14.117486,0,3367,4
1745872834.873961,0.395108,0.065785,1.461652,-2.542738,-2.508331,1.896656,-81.471767,2.604252,-4.858740,-252.810689,4.035097,-15.782490,-253.668018,9.799014,-13.041601,-253.668018,9.799014,-13.041601,0,3444,158
1745872834.878963,0.372101,0.037804,1.469321,-2.561358,-2.538456,1.957831,-76.042616,1.834997,-2.705026,-238.062202,3.463403,-13.871490,-238.503321,8.269690,-11.671341,-238.503321,8.269690,-11.671341,0,3227,354
1745872834.883986,0.372101,0.037804,1.469321,-2.561358,-2.538456,1.957831,-63.233208,1.120507,-1.004086,-199.400769,2.348824,-10.301544,-199.731432,5.933450,-8.748845,-199.731432,5.933450,-8.748845,0,2897,772
1745872834.888958,0.352167,0.009897,1.478105,-2.121214,-2.612360,2.034949,-36.764772,-1.263820,2.060808,-120.737192,-1.320467,-3.896910,-120.777902,0.104745,-4.113420,-120.777902,0.104745,-4.113420,0,2072,1435
1745872834.893947,0.331965,-0.018807,1.487384,-2.284626,-2.668973,2.035070,-19.457275,-4.010523,3.762466,-68.821620,-5.775687,-1.804458,-68.754127,-4.872282,-3.588879,-68.754127,-4.872282,-3.588879,0,1326,1510
1745872834.898952,0.331965,-0.018807,1.487384,-2.284626,-2.668973,2.035070,-6.085044,-5.264196,4.382805,-28.359807,-8.015110,-0.148689,-28.308030,-7.529058,-2.753192,-28.308030,-7.529058,-2.753192,0,946,1630
1745872834.903950,0.331965,-0.018807,1.487384,-2.284626,-2.668973,2.035070,3.103117,-5.410468,4.237261,-0.569358,-8.298860,-0.341793,-0.512408,-7.734383,-3.028276,-0.512408,-7.734383,-3.028276,1950,917,1590
1745872834.908959,0.311168,-0.047079,1.496367,-2.246682,-2.675258,1.868150,9.479179,-4.993814,-0.471481,19.663483,-8.178822,-11.200903,20.283831,-4.356664,-13.181717,20.283831,-4.356664,-13.181717,4095,1400,137
1745872834.913954,0.311168,-0.047079,1.496367,-2.246682,-2.675258,1.868150,12.335828,-4.119066,-3.381445,28.148878,-6.933885,-18.253989,29.067607,-1.012066,-19.521953,29.067607,-1.012066,-19.521953,4095,1879,0
1745872834.918950,0.311168,-0.047079,1.496367,-2.246682,-2.675258,1.868150,12.635732,-3.061644,-4.810048,28.983392,-5.159227,-21.690802,30.030666,1.729617,-22.253398,30.030666,1.729617,-22.253398,4095,2302,0
1745872834.923952,0.292717,-0.075040,1.504156,-1.813912,-2.740119,1.718258,21.884990,-3.606694,-8.799466,57.358060,-6.919960,-28.805898,59.581731,1.686460,-29.660852,59.581731,1.686460,-29.660852,4095,2296,0
1745872834.928953,0.273526,-0.133919,1.518240,-0.625118,-2.967685,1.665319,54.181750,-9.085652,-11.540702,153.246671,-17.370135,-25.771888,157.221885,-9.762688,-29.772538,157.221885,-9.762688,-29.772538,4095,627,0
1745872834.933957,0.273526,-0.133919,1.518240,-0.625118,-2.967685,1.665319,67.976326,-11.438815,-11.860340,194.645975,-21.654944,-24.841417,198.656428,-14.139553,-30.036467,198.656428,-14.139553,-30.036467,4095,0,0
1745872834.938953,0.266586,-0.168512,1.527605,-0.613513,-2.854867,1.714131,68.642483,-8.761086,-9.414097,195.249969,-16.009001,-15.884268,198.574313,-11.258944,-19.821340,198.574313,-11.258944,-19.821340,4095,413,0
1745872834.943954,0.259591,-0.197966,1.535575,-0.436701,-3.004863,1.678883,64.992557,-9.668383,-7.576175,183.865847,-17.497680,-9.417584,186.592609,-14.494059,-13.864241,186.592609,-14.494059,-13.864241,4095,0,40
1745872834.948964,0.259591,-0.197966,1.535575,-0.436701,-3.004863,1.678883,54.701045,-9.056289,-5.481568,153.624631,-16.223564,-6.148369,155.651977,-14.101794,-10.308056,155.651977,-14.101794,-10.308056,4095,6,549
1745872834.953951,0.259591,-0.197966,1.535575,-0.436701,-3.004863,1.678883,41.529935,-7.562519,-3.492770,114.779968,-13.368448,-3.666973,116.179230,-11.979278,-7.114559,116.179230,-11.979278,-7.114559,4095,310,1006
1745872834.958952,0.249545,-0.227779,1.543509,-1.333332,-2.855429,1.663997,6.118715,-2.027814,-2.167920,9.261013,-2.609624,-10.937208,11.867136,0.172298,-11.541007,11.867136,0.172298,-11.541007,3737,2081,372
1745872834.964003,0.249545,-0.227779,1.543509,-1.333332,-2.855429,1.663997,-17.257516,1.758475,-1.053326,-59.832746,4.224859,-13.323632,-57.081831,7.384440,-12.182207,-57.081831,7.384440,-12.182207,0,3102,280
1745872834.968954,0.233143,-0.257952,1.550926,-1.649618,-3.152490,1.514730,-37.250264,-3.325281,-3.857009,-118.429753,-5.968114,-28.794064,-110.674752,0.845831,-30.399690,-110.674752,0.845831,-30.399690,0,2177,0
1745872834.973952,0.204135,-0.286851,1.557402,-3.344352,-2.915987,1.346739,-87.053321,-0.388729,-9.300623,-265.005459,-0.425505,-65.220782,-246.140258,12.804871,-66.677302,-246.140258,12.804871,-66.677302,0,3869,0
1745872834.978956,0.204135,-0.286851,1.557402,-3.344352,-2.915987,1.346739,-107.929880,1.518955,-11.608784,-326.992155,2.620836,-77.402973,-304.790160,18.257530,-78.470887,-304.790160,18.257530,-78.470887,0,4095,0
1745872834.983952,0.204135,-0.286851,1.557402,-3.344352,-2.915987,1.346739,-107.885057,2.536909,-11.643540,-326.861026,4.465389,-77.387677,-304.773753,20.060684,-78.065414,-304.773753,20.060684,-78.065414,0,4095,0
1745872834.988968,0.164904,-0.315402,1.565557,-4.287293,-3.008926,1.437762,-117.787940,0.587643,-7.998351,-354.873813,4.268967,-78.853889,-329.721982,17.155555,-81.083052,-329.721982,17.155555,-81.083052,0,4095,0
1745872834.993956,0.119079,-0.342421,1.574836,-4.960262,-2.763818,1.413778,-126.013125,5.281851,-5.314523,-376.210034,16.623899,-78.192270,-349.238706,25.795210,-80.327111,-349.238706,25.795210,-80.327111,0,4095,0
1745872834.998960,0.119079,-0.342421,1.574836,-4.960262,-2.763818,1.413778,-115.826477,7.617364,-2.959992,-345.819998,21.010793,-68.161231,-322.584818,28.959378,-69.199963,-322.584818,28.959378,-69.199963,0,4095,0
1745872835.003959,0.072475,-0.369779,1.585249,-4.611544,-2.892026,1.369504,-86.653578,5.018626,-2.194330,-260.001021,18.003957,-56.957481,-238.487043,22.081053,-59.527938,-238.487043,22.081053,-59.527938,0,4095,0
1745872835.008954,0.072475,-0.369779,1.585249,-4.611544,-2.892026,1.369504,-57.610157,2.761856,-1.441849,-176.032037,14.124810,-44.232322,-159.328625,17.290645,-46.217379,-159.328625,17.290645,-46.217379,0,4095,0
1745872835.013964,0.072475,-0.369779,1.585249,-4.611544,-2.892026,1.369504,-32.116681,0.991184,-0.787568,-102.327886,11.095120,-33.072312,-89.853809,13.460800,-34.515054,-89.853809,13.460800,-34.515054,0,3962,0
1745872835.018965,-0.018744,-0.424840,1.608905,-4.180234,-3.238582,1.098879,-1.520600,-8.739831,-6.909620,-16.985653,-5.115683,-37.322654,-0.147581,-5.814307,-40.851747,-0.147581,-5.814307,-40.851747,2003,1192,0
1745872835.023957,-0.055096,-0.454417,1.617770,-3.510812,-3.270095,0.647197,34.359436,-14.585532,-20.979219,80.780823,-18.933329,-57.866844,108.497391,-22.091198,-63.144515,108.497391,-22.091198,-63.144515,4095,0,0
1745872835.029001,-0.055096,-0.454417,1.617770,-3.510812,-3.270095,0.647197,53.057575,-16.523144,-27.385332,130.627040,-22.315279,-67.633681,163.016631,-26.005854,-73.790702,163.016631,-26.005854,-73.790702,4095,0,0
1745872835.033962,-0.055096,-0.454417,1.617770,-3.510812,-3.270095,0.647197,58.150137,-15.699105,-28.001169,144.685783,-20.852706,-67.170755,176.888917,-24.520008,-73.365910,176.888917,-24.520008,-73.365910,4095,0,0
1745872835.038960,-0.083033,-0.483812,1.625770,-2.190812,-3.343369,0.542368,86.661874,-15.059407,-27.559428,222.411089,-21.715036,-47.207106,246.184972,-25.555455,-51.109391,246.184972,-25.555455,-51.109391,4095,0,0
1745872835.043955,-0.083033,-0.483812,1.625770,-2.190812,-3.343369,0.542368,94.090543,-12.812891,-23.909127,244.755054,-17.892790,-33.638990,261.590501,-20.621074,-36.193054,261.590501,-20.621074,-36.193054,4095,0,0
1745872835.048963,-0.099950,-0.514196,1.632961,-1.308746,-3.414977,0.357366,108.916604,-11.574288,-23.202522,283.913767,-17.802540,-20.035501,294.171482,-19.712910,-20.856021,294.171482,-19.712910,-20.856021,4095,0,0
1745872835.053959,-0.112533,-0.544891,1.640159,-0.771181,-3.626588,0.341671,118.069441,-14.554343,-20.296544,306.099034,-24.077238,-3.859457,306.784696,-24.358346,-1.322841,306.784696,-24.358346,-1.322841,4095,0,1834
1745872835.058979,-0.112533,-0.544891,1.640159,-0.771181,-3.626588,0.341671,109.379669,-14.660557,-15.954682,284.495993,-24.404817,4.381529,280.196108,-23.758425,8.295731,280.196108,-23.758425,8.295731,4095,0,3231
1745872835.063962,-0.112533,-0.544891,1.640159,-0.771181,-3.626588,0.341671,90.523677,-12.929957,-11.276985,235.285252,-21.350211,8.532507,228.693285,-20.257003,12.717824,228.693285,-20.257003,12.717824,4095,0,3857
1745872835.068963,-0.126238,-0.575505,1.648323,-1.344235,-3.396163,0.374078,53.449648,-4.606156,-6.133806,134.985774,-5.069591,3.610054,132.248255,-4.574732,5.029819,132.248255,-4.574732,5.029819,4095,1369,2769
1745872835.073952,-0.126238,-0.575505,1.648323,-1.344235,-3.396163,0.374078,23.515699,1.210653,-2.137761,56.120322,5.504561,-0.190512,56.692554,5.436772,-1.051399,56.692554,5.436772,-1.051399,4095,2826,1873
1745872835.078963,-0.144125,-0.605724,1.657498,-1.558588,-3.340872,0.382037,-3.657645,6.117735,0.859905,-15.817130,15.309600,-6.013931,-10.172353,14.287109,-9.914296,-10.172353,14.287109,-9.914296,568,4079,605
1745872835.083964,-0.144125,-0.605724,1.657498,-1.558588,-3.340872,0.382037,-20.347268,8.461538,2.645003,-59.463755,19.649175,-9.553711,-50.961174,18.073284,-14.933645,-50.961174,18.073284,-14.933645,0,4095,0
1745872835.089000,-0.144125,-0.605724,1.657498,-1.558588,-3.340872,0.382037,-28.465671,8.910085,3.455498,-80.714615,20.520072,-11.397663,-70.861574,18.670312,-17.305547,-70.861574,18.670312,-17.305547,0,4095,0
1745872835.093962,-0.192202,-0.663887,1.677584,-2.171604,-3.353435,0.283013,-44.932849,7.792265,1.128128,-123.084448,21.328798,-29.242527,-97.440263,15.350128,-41.617795,-97.440263,15.350128,-41.617795,0,4095,0
1745872835.098964,-0.225196,-0.692193,1.686659,-3.437817,-3.242536,0.083070,-81.031104,8.847892,-5.397790,-216.966159,27.487619,-72.748986,-153.089407,10.548878,-100.084687,-153.089407,10.548878,-100.084687,0,3550,0
1745872835.103970,-0.225196,-0.692193,1.686659,-3.437817,-3.242536,0.083070,-93.933979,8.430403,-8.865410,-252.060366,27.419965,-90.117699,-174.160534,6.604538,-122.056618,-174.160534,6.604538,-122.056618,0,2992,0
1745872835.108984,-0.225196,-0.692193,1.686659,-3.437817,-3.242536,0.083070,-90.553162,7.129227,-9.971153,-243.925349,25.082544,-91.454503,-165.377955,4.027631,-123.071246,-165.377955,4.027631,-123.071246,0,2627,0
1745872835.113974,-0.225196,-0.692193,1.686659,-3.437817,-3.242536,0.083070,-77.326117,5.437093,-9.443995,-209.543220,21.612061,-82.498849,-138.875319,2.644554,-110.725335,-138.875319,2.644554,-110.725335,0,2431,0
1745872835.118982,-0.263500,-0.719975,1.695656,-3.618158,-3.207664,-0.031127,-63.879460,4.552023,-10.755081,-173.419411,21.226016,-79.546879,-101.214163,-0.225495,-109.507062,-101.214163,-0.225495,-109.507062,0,1991,0
1745872835.123962,-0.306699,-0.746886,1.703959,-4.286770,-3.077324,-0.211269,-63.936492,6.620060,-14.660754,-172.985787,27.573372,-93.401841,-82.842730,-1.912599,-132.688761,-82.842730,-1.912599,-132.688761,0,1750,0
1745872835.128967,-0.306699,-0.746886,1.703959,-4.286770,-3.077324,-0.211269,-56.165127,7.127979,-15.356457,-153.875300,28.344368,-91.263952,-65.403632,-0.532124,-130.228511,-65.403632,-0.532124,-130.228511,0,1947,0
1745872835.133964,-0.350352,-0.774669,1.714286,-3.955092,-3.188700,-0.223602,-36.252458,3.847771,-14.215932,-102.859372,23.206663,-74.532881,-26.544409,-3.784884,-109.102465,-26.544409,-3.784884,-109.102465,0,1482,0
1745872835.138993,-0.395686,-0.802247,1.725471,-4.230099,-3.138232,-0.316023,-25.890057,2.529622,-14.016644,-76.033637,22.275195,-67.497493,-2.736502,-5.462245,-101.954547,-2.736502,-5.462245,-101.954547,1632,1242,0
1745872835.143969,-0.395686,-0.802247,1.725471,-4.230099,-3.138232,-0.316023,-16.243813,1.396209,-12.173649,-51.369246,19.348379,-56.253966,10.030707,-3.829199,-85.405854,10.030707,-3.829199,-85.405854,3477,1476,0
1745872835.148967,-0.438342,-0.829332,1.736211,-3.541452,-3.158721,-0.519110,8.741760,0.002821,-14.490866,8.399119,14.278778,-47.096666,61.582844,-7.060849,-72.115410,61.582844,-7.060849,-72.115410,4095,1013,0
1745872835.153969,-0.438342,-0.829332,1.736211,-3.541452,-3.158721,-0.519110,23.488265,-0.879628,-14.182544,44.166727,11.774363,-37.679881,86.879064,-5.331637,-57.916547,86.879064,-5.331637,-57.916547,4095,1261,0
1745872835.158967,-0.476490,-0.857934,1.746912,-3.328951,-3.163637,-0.755718,35.133831,-1.449894,-18.045146,69.416054,10.075031,-42.634062,118.583510,-10.601888,-64.993908,118.583510,-10.601888,-64.993908,4095,507,0
1745872835.163967,-0.506505,-0.886921,1.756831,-2.054469,-3.187373,-0.995694,69.425834,-2.214758,-24.159078,145.526430,3.835684,-39.641884,190.337927,-15.877129,-57.811578,190.337927,-15.877129,-57.811578,4095,0,0
1745872835.169009,-0.506505,-0.886921,1.756831,-2.054469,-3.187373,-0.995694,82.719069,-2.428967,-25.074047,176.140348,2.838708,-34.992994,215.371047,-14.493642,-50.611758,215.371047,-14.493642,-50.611758,4095,0,0
1745872835.173971,-0.506505,-0.886921,1.756831,-2.054469,-3.187373,-0.995694,80.829659,-2.264170,-22.568328,173.107647,2.723572,-28.361129,205.155025,-11.377047,-41.344513,205.155025,-11.377047,-41.344513,4095,396,0
1745872835.178983,-0.506505,-0.886921,1.756831,-2.054469,-3.187373,-0.995694,69.768332,-1.882650,-18.212516,149.628751,3.164550,-21.195515,174.251181,-7.515225,-31.765543,174.251181,-7.515225,-31.765543,4095,948,0
1745872835.183968,-0.529076,-0.916595,1.766409,-1.704667,-3.125079,-1.089202,62.818956,0.109322,-15.529173,132.956534,5.678815,-16.784744,155.589420,-3.569495,-28.521620,155.589420,-3.569495,-28.521620,4095,1513,0
1745872835.189001,-0.529076,-0.916595,1.766409,-1.704667,-3.125079,-1.089202,50.653047,1.369357,-11.904499,106.833754,8.105153,-12.547038,126.293104,0.664023,-24.522378,126.293104,0.664023,-24.522378,4095,2151,0
1745872835.193966,-0.529076,-0.916595,1.766409,-1.704667,-3.125079,-1.089202,36.879068,1.985891,-8.190948,77.092291,9.330626,-8.775275,93.112237,3.625686,-20.188093,93.112237,3.625686,-20.188093,4095,2570,0
1745872835.198969,-0.549074,-0.947793,1.776805,-1.104615,-3.382227,-1.216652,38.297876,-4.165686,-7.945152,78.820605,-4.454959,-4.205837,80.577969,-5.995132,-2.163895,80.577969,-5.995132,-2.163895,4095,1166,1714
1745872835.203968,-0.595279,-1.008775,1.795582,-1.895707,-3.060293,-1.387368,15.125049,0.343357,-10.997630,24.919118,8.804032,-30.078091,72.303523,-9.576300,-55.998026,72.303523,-9.576300,-55.998026,4095,653,0
1745872835.208978,-0.595279,-1.008775,1.795582,-1.895707,-3.060293,-1.387368,-1.423682,3.160162,-11.583449,-11.973992,15.835847,-41.241603,56.348778,-10.013832,-80.742603,56.348778,-10.013832,-80.742603,4095,591,0
1745872835.213991,-0.595279,-1.008775,1.795582,-1.895707,-3.060293,-1.387368,-11.713315,4.552478,-10.528273,-34.149641,19.123998,-43.608581,40.212867,-8.618527,-87.880255,40.212867,-8.618527,-87.880255,4095,790,0
1745872835.218992,-0.623466,-1.038367,1.805010,-2.380427,-3.032677,-1.430776,-28.635912,5.547408,-9.633649,-69.889728,24.196056,-49.911848,22.862651,-9.497358,-107.654288,22.862651,-9.497358,-107.654288,4095,665,0
1745872835.223975,-0.654522,-1.067570,1.814775,-2.502038,-2.912961,-1.521493,-38.776636,8.420684,-10.108655,-90.524285,31.588199,-56.830958,26.308890,-9.537391,-133.366417,26.308890,-9.537391,-133.366417,4095,659,0
1745872835.228971,-0.689989,-1.096945,1.824636,-3.107114,-2.824388,-1.647163,-55.294163,11.385420,-12.253122,-124.670488,42.083634,-72.817601,37.078461,-13.893359,-181.777700,37.078461,-13.893359,-181.777700,4095,36,0
1745872835.233974,-0.689989,-1.096945,1.824636,-3.107114,-2.824388,-1.647163,-58.990034,11.869912,-12.111525,-132.398137,43.352641,-74.253003,33.084704,-13.828309,-185.973945,33.084704,-13.828309,-185.973945,4095,45,0
1745872835.238991,-0.727670,-1.126312,1.834246,-3.221047,-2.775012,-1.829300,-56.878568,11.930969,-15.009906,-127.003340,45.227036,-81.810488,64.425515,-20.642543,-212.031442,64.425515,-20.642543,-212.031442,4095,0,0
1745872835.243969,-0.768156,-1.156244,1.842879,-3.752056,-2.689336,-2.001370,-61.546429,12.598826,-19.186240,-135.939883,50.734213,-97.337305,103.246408,-31.143246,-261.321050,103.246408,-31.143246,-261.321050,4095,0,0
1745872835.248972,-0.768156,-1.156244,1.842879,-3.752056,-2.689336,-2.001370,-57.008826,11.486794,-19.504303,-126.760918,48.041742,-96.060872,106.088070,-32.192774,-254.397281,106.088070,-32.192774,-254.397281,4095,0,0
1745872835.253970,-0.768156,-1.156244,1.842879,-3.752056,-2.689336,-2.001370,-47.157715,9.376939,-17.315804,-105.601486,42.053569,-84.192347,98.395599,-28.253056,-222.875368,98.395599,-28.253056,-222.875368,4095,0,0
1745872835.258972,-0.808489,-1.186586,1.851451,-3.550285,-2.651598,-2.173380,-30.197473,7.817341,-18.025042,-69.890851,37.612118,-77.079611,129.052158,-29.772746,-214.587610,129.052158,-29.772746,-214.587610,4095,0,0
1745872835.263976,-0.808489,-1.186586,1.851451,-3.550285,-2.651598,-2.173380,-15.763498,5.871747,-16.262664,-40.108148,31.648814,-64.938420,127.428895,-25.109911,-180.711922,127.428895,-25.109911,-180.711922,4095,0,0
1745872835.269006,-0.808489,-1.186586,1.851451,-3.550285,-2.651598,-2.173380,-4.645956,3.911013,-13.136688,-16.398837,25.538989,-49.817289,114.380087,-18.393039,-141.063197,114.380087,-18.393039,-141.063197,4095,0,0
1745872835.273976,-0.849085,-1.217004,1.858488,-3.805648,-2.434460,-2.315063,-3.364204,7.496767,-13.028880,-13.188330,34.060181,-51.205870,147.638189,-15.936506,-171.444842,147.638189,-15.936506,-171.444842,4095,0,0
1745872835.278975,-0.849085,-1.217004,1.858488,-3.805648,-2.434460,-2.315063,-2.137135,8.871409,-11.374195,-10.237929,36.567685,-45.842630,146.091261,-10.253815,-166.650584,146.091261,-10.253815,-166.650584,4095,556,0
1745872835.283997,-0.890123,-1.247413,1.864653,-3.904701,-2.285239,-2.441410,-3.531896,12.325277,-12.032597,-12.894768,45.356649,-49.635541,185.481305,-10.030565,-209.220856,185.481305,-10.030565,-209.220856,4095,588,0
1745872835.289007,-0.890123,-1.247413,1.864653,-3.904701,-2.285239,-2.441410,-3.975217,12.981804,-10.963930,-13.421228,46.582846,-46.578703,182.058274,-6.883279,-206.165937,182.058274,-6.883279,-206.165937,4095,1039,0
1745872835.293976,-0.971564,-1.307403,1.873810,-4.022411,-1.976004,-2.654420,-6.634192,19.338996,-14.143058,-18.734891,63.706169,-59.238494,300.252106,-12.986449,-330.381191,300.252106,-12.986449,-330.381191,4095,165,0
1745872835.299001,-1.011151,-1.337307,1.876790,-4.116485,-1.821676,-2.766899,-9.843690,24.848798,-17.220490,-25.208981,78.659648,-71.507713,414.698720,-18.839448,-452.177569,414.698720,-18.839448,-452.177569,4095,0,0
1745872835.303980,-1.011151,-1.337307,1.876790,-4.116485,-1.821676,-2.766899,-10.644340,25.248626,-17.034141,-26.682175,79.615948,-71.244210,416.044886,-18.108458,-455.075566,416.044886,-18.108458,-455.075566,4095,0,0
1745872835.308974,-1.011151,-1.337307,1.876790,-4.116485,-1.821676,-2.766899,-9.856202,22.426435,-14.840320,-24.389656,72.309621,-63.329422,374.635312,-15.279948,-410.154538,374.635312,-15.279948,-410.154538,4095,0,0
1745872835.313973,-1.011151,-1.337307,1.876790,-4.116485,-1.821676,-2.766899,-8.151527,17.896031,-11.635749,-19.976979,60.631193,-51.507317,311.044867,-11.461295,-340.254678,311.044867,-11.461295,-340.254678,4095,384,0
1745872835.318975,-1.047781,-1.366766,1.877263,-4.021949,-1.659456,-2.809605,-3.756358,16.811538,-9.228168,-10.515972,57.024944,-41.929452,329.463890,-7.840569,-347.181156,329.463890,-7.840569,-347.181156,4095,902,0
1745872835.323976,-1.080588,-1.396343,1.873371,-4.021049,-1.486928,-2.901051,-0.495409,18.292798,-8.815746,-3.957280,60.386468,-41.155722,408.261457,-7.878486,-418.572019,408.261457,-7.878486,-418.572019,4095,896,0
1745872835.328994,-1.080588,-1.396343,1.873371,-4.021049,-1.486928,-2.901051,1.635422,16.983500,-7.469851,0.313715,56.743379,-36.129078,380.868304,-5.159007,-386.419851,380.868304,-5.159007,-386.419851,4095,1285,0
1745872835.333978,-1.104275,-1.425341,1.861054,-3.991351,-1.261040,-2.991530,3.496614,19.597097,-7.919761,4.021346,62.228821,-40.388236,507.433980,-8.082838,-508.785401,507.433980,-8.082838,-508.785401,4095,867,0
1745872835.338980,-1.104275,-1.425341,1.861054,-3.991351,-1.261040,-2.991530,4.252533,18.864566,-7.238325,5.563418,60.234039,-37.924620,489.249722,-6.779707,-488.848538,489.249722,-6.779707,-488.848538,4095,1054,0
1745872835.343976,-1.118270,-1.459568,1.832005,-4.060600,-1.058339,-3.093412,2.514130,21.053893,-8.415601,2.621077,64.404521,-46.136905,701.837971,-13.332842,-703.564536,701.837971,-13.332842,-703.564536,4095,116,0
1745872835.348976,-1.103336,-1.488943,1.780694,-4.000325,-0.899473,-3.193724,2.582310,23.755850,-10.588896,2.527609,65.669823,-59.820442,1045.731371,-23.810451,-1046.708250,1045.731371,-23.810451,-1046.708250,4095,0,0
1745872835.353978,-1.017471,-1.518095,1.658800,-3.899564,-0.745835,-3.267648,4.778385,26.319284,-12.477851,4.694459,45.164816,-93.230631,1661.945724,-55.583906,-1659.555361,1661.945724,-55.583906,-1659.555361,4095,0,0
1745872835.359001,-1.017471,-1.518095,1.658800,-3.899564,-0.745835,-3.267648,5.585048,24.707394,-12.141554,6.296621,41.194654,-91.646375,1583.731710,-56.322448,-1579.628216,1583.731710,-56.322448,-1579.628216,4095,0,0
1745872835.363979,-0.647238,-1.544396,1.255556,-3.634544,-0.545732,-3.329695,11.869661,25.552422,-11.956890,11.062935,-201.170717,-623.477085,14252.657831,-536.431962,-14246.559559,14252.657831,-536.431962,-14246.559559,4095,0,0
1745872835.368974,-0.647238,-1.544396,1.255556,-3.634544,-0.545732,-3.329695,14.419243,22.976260,-10.382587,16.081324,-207.208126,-617.183705,13929.693491,-537.453502,-13918.462495,13929.693491,-537.453502,-13918.462495,4095,0,0
1745872835.373982,-0.647238,-1.544396,1.255556,-3.634544,-0.545732,-3.329695,14.268970,18.525974,-8.111410,16.249341,-217.115768,-608.001627,13426.237206,-539.820686,-13414.662627,13426.237206,-539.820686,-13414.662627,4095,0,0
1745872835.378983,1.226546,-1.523884,-0.680046,-3.300162,-0.149697,-3.421094,20.617771,23.148467,-7.921998,37.330005,21.683098,-2.448317,-379.839857,9.622533,417.629322,-379.839857,9.622533,417.629322,0,3419,4095
1745872835.383976,1.226546,-1.523884,-0.680046,-3.300162,-0.149697,-3.421094,22.102859,23.234292,-6.833279,40.034177,22.196339,1.057901,-412.632463,6.495244,453.165197,-412.632463,6.495244,453.165197,0,2976,4095
1745872835.388988,1.350907,-1.494248,-0.833547,-3.156572,-0.054212,-3.460729,23.863573,22.785361,-6.277008,40.101255,59.458394,-9.636076,-689.049458,22.373203,731.292251,-689.049458,22.373203,731.292251,0,4095,4095
1745872835.393981,1.383667,-1.463752,-0.894836,-3.135602,0.094292,-3.403340,22.557942,23.341632,-3.752854,38.276108,69.011315,-0.329626,-592.174467,13.162674,634.079918,-592.174467,13.162674,634.079918,0,3920,4095
1745872835.398982,1.383667,-1.463752,-0.894836,-3.135602,0.094292,-3.403340,18.970903,20.838562,-1.694240,32.114456,62.716609,5.213816,-550.376436,6.544947,585.844143,-550.376436,6.544947,585.844143,0,2983,4095
1745872835.403977,1.383667,-1.463752,-0.894836,-3.135602,0.094292,-3.403340,14.381880,16.705983,-0.185856,24.049581,52.156699,8.754912,-468.015044,1.101113,494.897315,-468.015044,1.101113,494.897315,0,2213,4095
1745872835.408980,1.386325,-1.433483,-0.924546,-2.916717,0.256152,-3.375485,15.078695,16.009641,1.475166,26.206635,52.058429,13.882279,-362.565500,-4.097816,392.466276,-362.565500,-4.097816,392.466276,0,1437,4095
1745872835.413985,1.386325,-1.433483,-0.924546,-2.916717,0.256152,-3.375485,13.669855,13.605055,2.345241,23.769074,45.951348,16.034161,-324.413655,-7.333392,351.491187,-324.413655,-7.333392,351.491187,0,974,4095
1745872835.418980,1.375579,-1.403339,-0.940293,-2.940918,0.445102,-3.314467,10.513574,15.045996,4.100628,19.418965,50.710015,20.725749,-298.653929,-10.495353,322.585300,-298.653929,-10.495353,322.585300,0,522,4095
1745872835.423983,1.375579,-1.403339,-0.940293,-2.940918,0.445102,-3.314467,7.226080,14.116398,4.710715,13.618762,48.291208,21.792371,-291.640867,-12.010915,309.590257,-291.640867,-12.010915,309.590257,0,305,4095
1745872835.428979,1.375579,-1.403339,-0.940293,-2.940918,0.445102,-3.314467,4.264949,11.800363,4.519017,8.189927,42.246596,20.327688,-260.309758,-11.746586,272.308810,-260.309758,-11.746586,272.308810,0,343,4095
1745872835.434004,1.357323,-1.373698,-0.947510,-2.807438,0.574974,-3.243695,5.142559,12.072684,5.583596,10.619546,42.629336,23.335961,-222.768433,-13.774981,237.995853,-222.768433,-13.774981,237.995853,0,53,4095
1745872835.438978,1.333733,-1.344196,-0.948710,-2.709554,0.752714,-3.187352,7.446853,15.096283,6.938295,16.051121,50.286776,27.850342,-224.324540,-15.261617,246.681865,-224.324540,-15.261617,246.681865,0,0,4095
1745872835.443987,1.333733,-1.344196,-0.948710,-2.709554,0.752714,-3.187352,8.008606,15.183265,6.955958,17.084764,50.532805,28.070948,-224.552857,-15.418273,247.976933,-224.552857,-15.418273,247.976933,0,0,4095
1745872835.448980,1.333733,-1.344196,-0.948710,-2.709554,0.752714,-3.187352,7.380996,13.377417,6.114666,15.634292,45.802279,25.107755,-203.041285,-13.648915,224.412484,-203.041285,-13.648915,224.412484,0,71,4095
1745872835.453984,1.281389,-1.285031,-0.942170,-2.295176,1.003312,-3.111044,16.239975,16.739003,6.703560,33.653963,53.033369,30.338737,-168.812448,-13.942138,211.024267,-168.812448,-13.942138,211.024267,0,29,4095
1745872835.458985,1.281389,-1.285031,-0.942170,-2.295176,1.003312,-3.111044,19.846701,16.810569,6.253637,40.234687,53.311990,30.225491,-163.030598,-13.754088,211.856909,-163.030598,-13.754088,211.856909,0,56,4095
1745872835.463984,1.259983,-1.255522,-0.938293,-1.864547,1.105783,-3.068716,30.243458,17.306459,6.239930,60.749616,53.296856,34.224823,-126.923546,-16.285015,197.402906,-126.923546,-16.285015,197.402906,0,0,4095
1745872835.468985,1.244154,-1.226104,-0.934325,-1.117159,1.162199,-3.049710,51.433615,16.882719,5.932616,102.154002,50.286177,41.943272,-67.988287,-23.590490,180.775621,-67.988287,-23.590490,180.775621,0,0,4095
1745872835.473999,1.244154,-1.226104,-0.934325,-1.117159,1.162199,-3.049710,58.550083,14.539458,5.008741,115.280980,44.621734,41.628283,-39.636744,-25.109673,164.599571,-39.636744,-25.109673,164.599571,0,0,4095
1745872835.478986,1.244154,-1.226104,-0.934325,-1.117159,1.162199,-3.049710,55.848008,11.286137,3.814720,109.468221,36.129633,36.431284,-18.402352,-22.912277,135.862061,-18.402352,-22.912277,135.862061,0,0,4095
1745872835.483986,1.234867,-1.196398,-0.930860,-0.592848,1.212609,-3.076593,60.155682,9.076762,1.931920,118.517196,28.475614,33.354469,22.115856,-22.103221,103.576286,22.115856,-22.103221,103.576286,4095,0,4095
1745872835.489003,1.230161,-1.166510,-0.927208,-0.005445,1.262220,-3.063063,69.936678,7.778348,0.832047,139.064100,23.194722,35.274916,60.423229,-25.499090,85.536529,60.423229,-25.499090,85.536529,4095,0,4095
1745872835.493989,1.230161,-1.166510,-0.927208,-0.005445,1.262220,-3.063063,67.502519,6.009738,0.039639,133.829043,18.512433,31.535964,68.422545,-23.539255,71.141695,68.422545,-23.539255,71.141695,4095,0,4095
1745872835.498994,1.227151,-1.136699,-0.922942,0.103203,1.296684,-3.062814,60.365756,4.996087,-0.462677,121.356052,15.062232,28.078982,70.358324,-21.362493,56.211317,70.358324,-21.362493,56.211317,4095,0,4095
1745872835.503989,1.227151,-1.136699,-0.922942,0.103203,1.296684,-3.062814,48.466882,3.744351,-0.723004,97.446167,11.280831,21.410764,58.974569,-16.358182,42.404619,58.974569,-16.358182,42.404619,4095,0,4095
1745872835.509006,1.223954,-1.106867,-0.918063,0.180672,1.336727,-3.013215,36.860230,3.473526,0.419440,76.198556,9.874703,19.903467,44.116258,-15.361531,35.874154,44.116258,-15.361531,35.874154,4095,0,4095
1745872835.513987,1.223954,-1.106867,-0.918063,0.180672,1.336727,-3.013215,25.067240,2.878410,1.084710,52.643505,7.905383,15.799348,27.050955,-12.171238,28.617374,27.050955,-12.171238,28.617374,4095,282,4095
1745872835.518986,1.220969,-1.073144,-0.911722,0.276199,1.365200,-2.897476,16.851096,2.846327,4.210463,38.598124,7.568828,20.878048,12.337960,-17.019391,29.885056,12.337960,-17.019391,29.885056,3803,0,4095
1745872835.523989,1.220969,-1.073144,-0.911722,0.276199,1.365200,-2.897476,9.584545,2.477173,5.673212,24.393519,6.538204,21.155140,-0.259250,-17.632932,28.055780,-0.259250,-17.632932,28.055780,1987,0,4095
1745872835.528990,1.220969,-1.073144,-0.911722,0.276199,1.365200,-2.897476,3.816329,1.940112,5.902200,12.615674,4.948321,18.681007,-7.726878,-15.853563,23.150591,-7.726878,-15.853563,23.150591,918,0,4095
1745872835.533988,1.219055,-1.045015,-0.905649,0.401767,1.371033,-2.777545,2.778380,1.505906,8.261159,12.162107,3.763501,24.551955,-8.504433,-21.752091,23.893825,-8.504433,-21.752091,23.893825,807,0,4095
1745872835.538996,1.219055,-1.045015,-0.905649,0.401767,1.371033,-2.777545,1.779776,1.046017,8.743173,10.315877,2.652033,25.285457,-8.988002,-22.823620,22.318372,-8.988002,-22.823620,22.318372,738,0,4095
1745872835.543986,1.218571,-1.017569,-0.899286,0.605174,1.410946,-2.744781,5.906430,1.604168,8.777379,19.644044,3.452761,27.516703,-0.975538,-24.636216,24.234573,-0.975538,-24.636216,24.234573,1884,0,4095
1745872835.548991,1.219425,-0.989970,-0.892760,0.752962,1.437289,-2.736968,11.427931,2.408270,7.916531,31.637920,4.979296,28.295096,9.677306,-24.852509,26.268369,9.677306,-24.852509,26.268369,3427,0,4095
1745872835.553998,1.219425,-0.989970,-0.892760,0.752962,1.437289,-2.736968,13.517175,2.621162,6.399831,35.268275,5.349766,25.356395,14.318745,-21.965847,25.058954,14.318745,-21.965847,25.058954,4084,0,4095
1745872835.558990,1.222966,-0.962090,-0.886416,1.008211,1.409136,-2.784021,19.421991,1.745585,3.509065,46.874151,1.950400,20.757209,34.092313,-18.849342,15.580227,34.092313,-18.849342,15.580227,4095,0,4095
1745872835.564032,1.222966,-0.962090,-0.886416,1.008211,1.409136,-2.784021,20.800707,0.970750,1.228866,48.505855,-0.302786,15.236103,41.463185,-14.426888,8.584557,41.463185,-14.426888,8.584557,4095,0,3272
1745872835.568990,1.225080,-0.903842,-0.877066,0.367626,1.177411,-3.061540,3.543453,-5.258949,-7.078707,3.890682,-15.545039,-17.832160,30.142216,11.509326,-33.411265,30.142216,11.509326,-33.411265,4095,3686,0
1745872835.573989,1.225080,-0.903842,-0.877066,0.367626,1.177411,-3.061540,-7.926165,-8.605256,-11.533175,-24.798080,-25.144451,-37.170538,21.248278,26.450549,-58.604845,21.248278,26.450549,-58.604845,4095,4095,0
1745872835.578987,1.225080,-0.903842,-0.877066,0.367626,1.177411,-3.061540,-14.209710,-9.668122,-12.938445,-39.850037,-28.310057,-44.895895,13.304330,32.646088,-67.651462,13.304330,32.646088,-67.651462,3940,4095,0
1745872835.584011,1.225080,-0.903842,-0.877066,0.367626,1.177411,-3.061540,-16.456716,-9.154494,-12.240194,-44.461225,-27.013605,-44.330176,6.900390,32.553171,-65.369763,6.900390,32.553171,-65.369763,3034,4095,0
1745872835.589052,1.225080,-0.903842,-0.877066,0.367626,1.177411,-3.061540,-15.838244,-7.692862,-10.278606,-41.808374,-23.014603,-38.516044,2.271948,28.438189,-56.102601,2.271948,28.438189,-56.102601,2378,4095,0
1745872835.593992,1.225080,-0.903842,-0.877066,0.367626,1.177411,-3.061540,-13.523217,-5.851147,-7.812494,-35.011130,-17.907883,-30.269313,-0.582853,22.409911,-43.818099,-0.582853,22.409911,-43.818099,1940,4095,0
1745872835.598940,1.225080,-0.903842,-0.877066,0.367626,1.177411,-3.061540,-10.430322,-3.978286,-5.307355,-26.437227,-12.682179,-21.440247,-2.053825,15.874072,-31.033626,-2.053825,15.874072,-31.033626,1730,4095,0
1745872835.603988,1.195756,-0.844059,-0.868469,-2.108829,1.407213,-3.032373,-68.410687,3.407021,-2.312841,-159.387257,13.396883,-45.441134,-154.685853,47.190064,-6.290798,-154.685853,47.190064,-6.290798,0,4095,1123
1745872835.608995,1.163112,-0.814466,-0.861262,-3.259612,1.921191,-2.718041,-124.400435,20.208830,7.555938,-285.299529,59.281600,-54.212866,-320.200107,73.273898,47.982592,-320.200107,73.273898,47.982592,0,4095,4095
1745872835.613992,1.121812,-0.785486,-0.850169,-3.865968,2.165433,-2.549692,-159.327438,34.313989,16.979111,-366.941148,96.217369,-49.506308,-432.145480,86.362911,92.204714,-432.145480,86.362911,92.204714,0,4095,4095
1745872835.618992,1.076326,-0.757137,-0.838901,-4.293588,2.286023,-2.311758,-172.407534,41.996555,26.695297,-398.534571,116.661048,-30.418892,-481.933847,82.138642,121.424017,-481.933847,82.138642,121.424017,0,4095,4095
1745872835.623999,1.076326,-0.757137,-0.838901,-4.293588,2.286023,-2.311758,-159.541209,41.710010,29.573697,-365.339101,117.230154,-15.227508,-456.024689,69.036957,132.032422,-456.024689,69.036957,132.032422,0,4095,4095
1745872835.628991,1.030206,-0.729807,-0.827765,-4.325408,2.290746,-2.183517,-132.673168,36.537158,30.902878,-304.470407,104.874719,6.371983,-387.843797,48.509586,125.048995,-387.843797,48.509586,125.048995,0,4095,4095
1745872835.633996,0.983443,-0.701368,-0.817324,-4.309622,2.497614,-2.207946,-98.993840,33.854989,27.364272,-226.586630,99.271244,19.785196,-305.642799,38.542727,122.517631,-305.642799,38.542727,122.517631,0,4095,4095
1745872835.638997,0.983443,-0.701368,-0.817324,-4.309622,2.497614,-2.207946,-65.576176,28.008405,21.772701,-146.117501,86.081422,24.345386,-218.034629,27.437508,111.453871,-218.034629,27.437508,111.453871,0,4095,4095
1745872835.644011,0.983443,-0.701368,-0.817324,-4.309622,2.497614,-2.207946,-36.324998,20.858865,15.551135,-76.586020,69.479609,24.505819,-136.905856,18.103906,93.480920,-136.905856,18.103906,93.480920,0,4095,4095
1745872835.648998,0.941181,-0.672440,-0.807750,-3.818722,2.464045,-2.165482,-1.499950,12.990584,10.774221,7.204923,48.410836,33.294681,-39.560528,1.595364,75.077340,-39.560528,1.595364,75.077340,0,2283,4095
1745872835.653994,0.941181,-0.672440,-0.807750,-3.818722,2.464045,-2.165482,20.772340,6.413911,6.428946,61.200356,33.388340,33.908525,23.814976,-7.746529,60.018558,23.814976,-7.746529,60.018558,4095,915,4095
1745872835.659027,0.941181,-0.672440,-0.807750,-3.818722,2.464045,-2.165482,32.409789,1.431470,2.867004,88.569368,21.669223,30.597364,60.278375,-11.970880,45.418413,60.278375,-11.970880,45.418413,4095,311,4095
1745872835.663996,0.903768,-0.643625,-0.800421,-3.553250,2.445558,-2.140902,42.148188,-2.296669,0.895992,113.128282,11.247271,31.224558,92.007499,-17.573827,35.195485,92.007499,-17.573827,35.195485,4095,0,4095
1745872835.668994,0.836171,-0.586025,-0.785107,-2.940863,2.682360,-1.893568,58.230012,1.404311,5.587290,162.832657,19.410896,50.926131,130.610662,-24.780068,58.261986,130.610662,-24.780068,58.261986,4095,0,4095
1745872835.674002,0.836171,-0.586025,-0.785107,-2.940863,2.682360,-1.893568,61.280657,3.577756,7.875349,172.312419,24.944311,58.868753,133.830488,-26.965046,69.580845,133.830488,-26.965046,69.580845,4095,0,4095
1745872835.678997,0.807493,-0.557207,-0.775403,-2.598724,2.812379,-1.625809,64.066842,7.691904,14.906280,187.021355,34.939568,76.544879,138.321144,-31.153876,92.092554,138.321144,-31.153876,92.092554,4095,0,4095
1745872835.684001,0.807493,-0.557207,-0.775403,-2.598724,2.812379,-1.625809,57.985658,9.357794,17.537512,172.127154,38.954461,80.277739,120.011570,-31.075536,98.551055,120.011570,-31.075536,98.551055,4095,0,4095
1745872835.689033,0.807493,-0.557207,-0.775403,-2.598724,2.812379,-1.625809,46.964765,9.262229,17.046374,142.182449,38.111670,73.146153,93.518099,-26.505192,92.024740,93.518099,-26.505192,92.024740,4095,0,4095
1745872835.693999,0.784529,-0.530154,-0.766224,-1.865082,2.786978,-1.497958,52.203647,7.450578,17.764398,158.020943,31.130861,75.431658,113.839876,-31.259861,87.371925,113.839876,-31.259861,87.371925,4095,0,4095
1745872835.698997,0.768650,-0.503006,-0.757513,-1.126526,2.744956,-1.498752,67.286931,4.358805,16.042720,199.409183,21.231123,76.171984,161.160962,-37.690144,79.342997,161.160962,-37.690144,79.342997,4095,0,4095
1745872835.704045,0.768650,-0.503006,-0.757513,-1.126526,2.744956,-1.498752,68.604277,1.844715,12.959434,201.386539,15.098018,68.605696,168.476781,-36.839103,68.268766,168.476781,-36.839103,68.268766,4095,0,4095
1745872835.708996,0.768650,-0.503006,-0.757513,-1.126526,2.744956,-1.498752,61.017961,0.065118,9.467100,178.699746,10.083068,55.757092,152.790032,-31.512193,53.747712,152.790032,-31.512193,53.747712,4095,0,4095
1745872835.713996,0.758578,-0.475522,-0.749115,-0.524039,2.727595,-1.513504,63.513364,-1.509473,5.717581,185.129061,3.338282,45.335660,167.002592,-28.762988,39.594515,167.002592,-28.762988,39.594515,4095,0,4095
1745872835.718995,0.752712,-0.448287,-0.741916,-0.197482,2.692894,-1.581276,65.310786,-3.170093,0.986695,188.952267,-2.806010,32.474267,178.476012,-24.248020,24.170999,178.476012,-24.248020,24.170999,4095,0,4095
1745872835.724005,0.752712,-0.448287,-0.741916,-0.197482,2.692894,-1.581276,58.435316,-3.834018,-2.134168,168.211701,-5.234431,21.557669,162.365717,-18.557557,13.487957,162.365717,-18.557557,13.487957,4095,0,3966
1745872835.729001,0.751040,-0.420948,-0.735372,0.193688,2.665289,-1.601350,56.511192,-4.457827,-4.330272,163.107914,-8.734303,13.421136,161.384094,-15.543170,4.218574,161.384094,-15.543170,4.218574,4095,0,2654
1745872835.734015,0.751230,-0.393928,-0.728967,0.354655,2.611108,-1.543152,52.307526,-5.638135,-3.763471,152.744692,-11.969529,11.328093,152.699191,-16.479786,0.118547,152.699191,-16.479786,0.118547,4095,0,2074
1745872835.739008,0.751230,-0.393928,-0.728967,0.354655,2.611108,-1.543152,43.246725,-5.688891,-2.945282,127.246173,-12.195036,9.483307,127.825060,-15.385459,-1.508228,127.825060,-15.385459,-1.508228,4095,0,1808
1745872835.744002,0.751230,-0.393928,-0.728967,0.354655,2.611108,-1.543152,32.227437,-5.026029,-2.067508,96.211693,-10.934003,7.128671,97.148117,-12.856705,-2.439756,97.148117,-12.856705,-2.439756,4095,184,1675
1745872835.748998,0.752511,-0.367344,-0.721295,0.480930,2.712459,-1.399071,24.402055,-1.510446,2.268582,77.827323,-2.985851,14.299247,74.595934,-11.952760,8.997621,74.595934,-11.952760,8.997621,4095,313,3330
1745872835.754008,0.752511,-0.367344,-0.721295,0.480930,2.712459,-1.399071,16.446130,0.904578,4.740566,56.021093,2.546404,17.559474,50.418870,-10.142633,15.599078,50.418870,-10.142633,15.599078,4095,572,4095
1745872835.759000,0.752511,-0.367344,-0.721295,0.480930,2.712459,-1.399071,9.418558,2.315176,5.716968,36.259429,5.593847,17.417879,29.895477,-7.821299,17.720068,29.895477,-7.821299,17.720068,4095,904,4095
1745872835.764003,0.756887,-0.315749,-0.703736,0.696105,2.722924,-1.262708,9.084174,3.182826,8.979106,37.486315,7.400735,24.174704,30.085009,-11.219688,23.834536,30.085009,-11.219688,23.834536,4095,418,4095
1745872835.769009,0.760921,-0.290445,-0.695093,0.739212,2.659568,-1.273999,8.815213,1.787169,9.664558,36.440841,4.303057,24.874567,30.169522,-14.036944,21.898722,30.169522,-14.036944,21.898722,4095,15,4095
1745872835.774004,0.760921,-0.290445,-0.695093,0.739212,2.659568,-1.273999,7.565638,0.688001,8.912866,32.510120,1.719488,22.486524,27.288236,-14.261200,18.234217,27.288236,-14.261200,18.234217,4095,0,4095
1745872835.779067,0.767150,-0.265159,-0.686875,0.979419,2.634844,-1.321972,11.786652,-0.715997,6.135697,43.804421,-2.832844,16.377980,41.136650,-13.407077,10.179907,41.136650,-13.407077,10.179907,4095,105,3498
1745872835.784004,0.767150,-0.265159,-0.686875,0.979419,2.634844,-1.321972,12.932693,-1.489711,3.680220,46.426991,-5.048544,10.941044,45.239698,-11.228437,4.530577,45.239698,-11.228437,4.530577,4095,417,2698
1745872835.789018,0.773637,-0.239737,-0.679053,0.929447,2.607970,-1.368729,10.876443,-2.468752,0.499989,39.319751,-7.868414,2.575013,40.213389,-7.428130,-3.763523,40.213389,-7.428130,-3.763523,4095,961,1485
1745872835.794013,0.773637,-0.239737,-0.679053,0.929447,2.607970,-1.368729,8.247216,-2.782096,-1.563361,30.971338,-9.077906,-2.880442,33.025524,-4.481417,-8.651121,33.025524,-4.481417,-8.651121,4095,1382,786
1745872835.799007,0.780131,-0.213785,-0.670811,0.928722,2.664844,-1.370487,5.558269,-1.248507,-2.720448,23.498180,-6.186482,-5.942155,25.359878,-0.217932,-8.774975,25.359878,-0.217932,-8.774975,4095,1992,768
1745872835.804013,0.786087,-0.188119,-0.662257,0.811289,2.695761,-1.356251,0.290663,0.635786,-2.771971,8.399554,-1.829512,-6.701666,9.547501,3.449286,-6.138375,9.547501,3.449286,-6.138375,3408,2545,1145
1745872835.809004,0.786087,-0.188119,-0.662257,0.811289,2.695761,-1.356251,-3.064541,1.745417,-2.465066,-1.526883,0.608918,-6.495288,-0.735165,5.026297,-4.233522,-0.735165,5.026297,-4.233522,1918,2768,1418
1745872835.814009,0.786087,-0.188119,-0.662257,0.811289,2.695761,-1.356251,-4.819335,2.236175,-1.968513,-6.646837,1.765211,-5.659653,-6.123286,5.252067,-2.799562,-6.123286,5.252067,-2.799562,1147,2800,1623
1745872835.819009,0.790361,-0.162146,-0.653252,0.587325,2.721642,-1.352650,-10.822756,2.905853,-1.325395,-24.169600,4.087809,-4.789705,-24.093509,6.279736,-0.471338,-24.093509,6.279736,-0.471338,0,2946,1956
1745872835.824007,0.792800,-0.136096,-0.644018,0.372397,2.763600,-1.346356,-18.558321,4.001214,-0.602238,-46.909281,7.349144,-3.618750,-47.278357,7.735734,2.720276,-47.278357,7.735734,2.720276,0,3152,2442
1745872835.829011,0.792800,-0.136096,-0.644018,0.372397,2.763600,-1.346356,-21.183079,4.204555,-0.070406,-54.705593,7.883715,-2.819998,-55.203586,7.541956,3.670455,-55.203586,7.541956,3.670455,0,3124,2576
1745872835.834006,0.792800,-0.136096,-0.644018,0.372397,2.763600,-1.346356,-20.245069,3.817945,0.273798,-51.838086,7.126656,-2.000753,-52.340970,6.427046,3.706509,-52.340970,6.427046,3.706509,0,2967,2581
1745872835.839015,0.794441,-0.109799,-0.634948,0.311243,2.731918,-1.402250,-18.668804,2.326689,-0.913393,-47.857919,3.804131,-4.110808,-47.839593,5.598439,-0.167240,-47.839593,5.598439,-0.167240,0,2849,2000
1745872835.844005,0.794441,-0.109799,-0.634948,0.311243,2.731918,-1.402250,-15.390142,1.103120,-1.548739,-38.079527,1.010644,-5.358359,-37.745111,4.531182,-3.051825,-37.745111,4.531182,-3.051825,0,2698,1587
1745872835.849014,0.794441,-0.109799,-0.634948,0.311243,2.731918,-1.402250,-11.421287,0.190295,-1.762897,-26.165470,-0.999480,-5.522789,-25.660246,3.240038,-4.610593,-25.660246,3.240038,-4.610593,0,2515,1364
1745872835.854008,0.793146,-0.082959,-0.626128,-0.179495,2.801113,-1.443783,-19.529098,1.285080,-2.698036,-50.358573,3.012894,-7.180462,-50.118187,7.230408,-2.900957,-50.118187,7.230408,-2.900957,0,3080,1609
1745872835.859006,0.788017,-0.055969,-0.617839,-0.622035,2.769955,-1.527140,-33.111782,1.058223,-5.001478,-92.302317,3.560727,-11.907708,-91.973237,10.953252,-5.882759,-91.973237,10.953252,-5.882759,0,3607,1182
1745872835.864008,0.788017,-0.055969,-0.617839,-0.622035,2.769955,-1.527140,-37.657307,0.784922,-5.847535,-106.094506,2.748400,-14.120408,-105.645728,11.949063,-8.022527,-105.645728,11.949063,-8.022527,0,3748,876
1745872835.869015,0.788017,-0.055969,-0.617839,-0.622035,2.769955,-1.527140,-35.912585,0.515651,-5.665339,-100.811921,2.209870,-13.667726,-100.359639,11.248331,-8.085163,-100.359639,11.248331,-8.085163,0,3649,867
1745872835.874009,0.764032,-0.000489,-0.598904,-1.490363,3.007724,-1.290577,-51.661981,6.101242,0.932725,-145.670244,19.723710,5.198133,-145.678747,10.645290,17.398942,-145.678747,10.645290,17.398942,0,3564,4095
1745872835.879009,0.764032,-0.000489,-0.598904,-1.490363,3.007724,-1.290577,-55.318257,8.893298,4.998621,-156.729493,26.693879,14.784879,-156.743736,9.045643,29.143307,-156.743736,9.045643,29.143307,0,3337,4095
1745872835.884011,0.752950,0.027403,-0.587727,-1.128003,3.106211,-1.196573,-41.971678,11.983845,9.262547,-115.596867,32.851074,25.798792,-114.465158,6.329516,41.303616,-114.465158,6.329516,41.303616,0,2953,4095
1745872835.889040,0.752950,0.027403,-0.587727,-1.128003,3.106211,-1.196573,-28.310648,12.471957,10.832276,-74.331972,34.228277,28.938900,-73.111647,5.187237,44.537812,-73.111647,5.187237,44.537812,0,2791,4095
1745872835.894011,0.744589,0.054650,-0.576328,-0.926781,3.047355,-1.114601,-11.421783,9.815108,12.480837,-24.068330,27.695133,31.626745,-21.769358,-1.066396,42.088235,-21.769358,-1.066396,42.088235,0,1871,4095
1745872835.899009,0.740410,0.081680,-0.565700,-0.445542,3.020025,-1.201528,12.524111,6.256775,9.883084,47.346965,17.111052,22.701509,49.663749,-2.682992,28.395698,49.663749,-2.682992,28.395698,4095,1640,4095
1745872835.904016,0.740410,0.081680,-0.565700,-0.445542,3.020025,-1.201528,26.159138,3.235069,7.025232,88.785614,9.878786,14.339262,90.197677,-2.380696,17.306965,90.197677,-2.380696,17.306965,4095,1683,4095
1745872835.909010,0.738489,0.109360,-0.556068,-0.268635,2.963161,-1.306038,35.880137,-0.457872,1.805417,117.308350,-0.196023,-0.424599,117.259387,0.140872,-0.448622,117.259387,0.140872,-0.448622,4095,2077,1959
1745872835.914012,0.738948,0.137406,-0.546674,-0.004320,3.010313,-1.334232,44.129477,-1.587086,-2.415586,142.640483,-4.925533,-13.038024,140.849129,5.140409,-13.078076,140.849129,5.140409,-13.078076,4095,2784,152
1745872835.919008,0.738948,0.137406,-0.546674,-0.004320,3.010313,-1.334232,43.935465,-2.105913,-4.785644,142.442842,-6.573964,-18.445283,139.945284,7.563774,-18.233831,139.945284,7.563774,-18.233831,4095,3127,0
1745872835.924012,0.738948,0.137406,-0.546674,-0.004320,3.010313,-1.334232,38.430645,-2.176727,-5.701321,126.057874,-6.867982,-19.637070,123.411120,8.149124,-19.323064,123.411120,8.149124,-19.323064,4095,3210,0
1745872835.929014,0.742044,0.165513,-0.537005,0.194526,3.007384,-1.313775,35.111728,-2.026321,-5.079499,115.880885,-7.384707,-19.133259,112.691501,7.486999,-19.358009,112.691501,7.486999,-19.358009,4095,3117,0
1745872835.934013,0.746436,0.193334,-0.526835,0.355980,2.997976,-1.260436,32.666712,-1.913426,-2.757391,108.005841,-7.480219,-14.622796,104.909780,4.437933,-16.114285,104.909780,4.437933,-16.114285,4095,2685,0
1745872835.939018,0.746436,0.193334,-0.526835,0.355980,2.997976,-1.260436,27.113213,-1.607333,-0.948887,91.039271,-6.316552,-9.230537,88.872904,1.630710,-11.275441,88.872904,1.630710,-11.275441,4095,2288,410
1745872835.944015,0.752287,0.220855,-0.516104,0.399183,3.051977,-1.217152,21.343607,0.104829,1.368500,73.665271,-2.493746,-2.927305,72.802831,0.179502,-3.936936,72.802831,0.179502,-3.936936,4095,2082,1460
1745872835.949013,0.752287,0.220855,-0.516104,0.399183,3.051977,-1.217152,15.080401,1.175638,2.667737,54.723588,0.232899,1.844610,55.061698,-1.090394,1.543433,55.061698,-1.090394,1.543433,4095,1868,2275
1745872835.954008,0.752287,0.220855,-0.516104,0.399183,3.051977,-1.217152,9.275149,1.708880,3.162864,37.354521,1.607435,4.553910,38.347632,-1.938098,4.533430,38.347632,-1.938098,4.533430,4095,1746,2699
1745872835.959020,0.752287,0.220855,-0.516104,0.399183,3.051977,-1.217152,4.452418,1.837706,3.089120,23.053475,1.960797,5.632407,24.277591,-2.417046,5.587940,24.277591,-2.417046,5.587940,4095,1678,2848
1745872835.964015,0.767452,0.276613,-0.494514,0.680269,3.012829,-1.342990,7.748208,0.735368,-0.415854,32.751998,-2.553593,-4.274540,31.375334,1.130051,-5.040904,31.375334,1.130051,-5.040904,4095,2217,1302
1745872835.969014,0.776968,0.304759,-0.484281,0.758996,2.998722,-1.417890,10.816344,-0.398402,-4.419865,42.624217,-6.388248,-15.144074,37.818621,6.062736,-16.015295,37.818621,6.062736,-16.015295,4095,2915,0
1745872835.974078,0.776968,0.304759,-0.484281,0.758996,2.998722,-1.417890,11.440282,-1.075405,-6.436983,45.146819,-8.343992,-20.148931,38.787342,8.177219,-21.193812,38.787342,8.177219,-21.193812,4095,3214,0
1745872835.979098,0.776968,0.304759,-0.484281,0.758996,2.998722,-1.417890,10.404516,-1.363785,-6.893530,42.286076,-9.049932,-20.913948,35.599321,8.210223,-22.284511,35.599321,8.210223,-22.284511,4095,3219,0
1745872835.984096,0.787459,0.333340,-0.474044,0.792451,2.988711,-1.475589,9.293544,-1.622648,-7.746216,39.166968,-10.015861,-22.947199,31.102721,9.191859,-24.646161,31.102721,9.191859,-24.646161,4095,3358,0
1745872835.989099,0.787459,0.333340,-0.474044,0.792451,2.988711,-1.475589,7.451270,-1.587777,-7.337139,33.676432,-9.792046,-21.318277,26.065105,8.195601,-23.261934,26.065105,8.195601,-23.261934,4095,3217,0
1745872835.994076,0.796210,0.361649,-0.463865,0.482716,2.981422,-1.510471,-2.170328,-1.549854,-7.035235,5.877941,-8.125954,-16.736028,-0.747075,6.277949,-18.724421,-0.747075,6.277949,-18.724421,1917,2945,0
1745872835.999072,0.803133,0.390267,-0.453130,0.270080,3.032298,-1.500962,-13.230395,-0.091546,-5.753353,-25.474650,-3.570994,-8.493816,-28.958119,3.631701,-9.156540,-28.958119,3.631701,-9.156540,0,2571,713
1745872836.004127,0.803133,0.390267,-0.453130,0.270080,3.032298,-1.500962,-18.674711,0.853517,-4.220596,-41.681313,-0.954353,-2.405021,-42.650852,1.067741,-2.548499,-42.650852,1.067741,-2.548499,0,2208,1659
1745872836.009030,0.806959,0.419119,-0.441697,-0.165715,3.064668,-1.503775,-30.202960,2.104920,-2.839217,-74.022384,4.364180,7.105416,-70.428606,-2.112748,8.830886,-70.428606,-2.112748,8.830886,0,1721,3307
1745872836.014055,0.806959,0.419119,-0.441697,-0.165715,3.064668,-1.503775,-34.084483,2.667943,-1.594475,-85.571063,6.033573,11.897171,-79.963527,-4.418577,13.779235,-79.963527,-4.418577,13.779235,0,1391,4007
1745872836.019071,0.809041,0.448158,-0.429698,-0.372657,3.099905,-1.493688,-37.408257,3.559426,-0.365097,-94.247835,9.293854,17.583360,-85.179660,-6.309222,20.927871,-85.179660,-6.309222,20.927871,0,1121,4095
1745872836.024259,0.809373,0.477488,-0.417945,-0.681897,3.086278,-1.561629,-42.671221,3.341595,-1.242470,-107.785546,10.344842,19.060794,-97.106371,-6.659802,23.238362,-97.106371,-6.659802,23.238362,0,1071,4095
1745872836.029084,0.809373,0.477488,-0.417945,-0.681897,3.086278,-1.561629,-40.488471,2.805373,-1.598801,-101.535820,8.991126,17.012856,-92.094770,-6.111391,20.544146,-92.094770,-6.111391,20.544146,0,1149,4095
1745872836.034028,0.806050,0.507027,-0.405854,-1.028011,3.121121,-1.555559,-42.705937,2.969208,-1.498984,-106.274141,11.047293,19.559745,-94.324183,-6.464860,24.609620,-94.324183,-6.464860,24.609620,0,1099,4095
1745872836.039213,0.806050,0.507027,-0.405854,-1.028011,3.121121,-1.555559,-38.820036,2.705471,-1.244199,-95.724983,10.361670,18.159730,-84.588235,-5.929362,22.934904,-84.588235,-5.929362,22.934904,0,1175,4095
1745872836.044080,0.806050,0.507027,-0.405854,-1.028011,3.121121,-1.555559,-31.744179,2.216482,-0.941174,-76.434374,9.055742,15.214240,-66.953807,-4.708183,19.524183,-66.953807,-4.708183,19.524183,0,1350,4095
1745872836.049038,0.806050,0.507027,-0.405854,-1.028011,3.121121,-1.555559,-23.385237,1.636134,-0.632658,-53.620666,7.495342,11.612861,-46.150511,-3.189927,15.383962,-46.150511,-3.189927,15.383962,0,1567,4095
1745872836.054054,0.806050,0.507027,-0.405854,-1.028011,3.121121,-1.555559,-15.168516,1.064132,-0.357472,-31.180878,5.951461,8.003618,-25.717538,-1.654560,11.251147,-25.717538,-1.654560,11.251147,0,1787,3649
1745872836.059031,0.793468,0.567020,-0.380428,-1.478813,3.227576,-1.506937,-19.156643,3.171575,1.044498,-41.197303,13.096208,15.340039,-28.401986,-1.748832,23.822031,-28.401986,-1.748832,23.822031,0,1773,4095
1745872836.064022,0.789207,0.596724,-0.366663,-1.240638,3.218325,-1.432360,-13.533952,3.898432,3.632199,-27.353942,13.849305,19.247930,-11.465187,-3.906509,28.275038,-11.465187,-3.906509,28.275038,383,1465,4095
1745872836.069029,0.789207,0.596724,-0.366663,-1.240638,3.218325,-1.432360,-8.307224,3.882535,4.830258,-14.158805,13.846061,19.426003,1.813599,-4.035189,28.423897,1.813599,-4.035189,28.423897,2314,1446,4095
1745872836.074023,0.787171,0.626536,-0.352489,-1.084971,3.237729,-1.424063,-0.184315,3.871699,5.197039,6.963184,12.774188,16.128002,21.752817,-2.407735,25.223568,21.752817,-2.407735,25.223568,4095,1679,4095
1745872836.079022,0.787953,0.655775,-0.338539,-0.772011,3.174096,-1.451636,12.650048,1.832453,4.118183,39.861424,6.017736,5.467441,46.110302,0.368364,10.247871,46.110302,0.368364,10.247871,4095,2109,3507
1745872836.084040,0.787953,0.655775,-0.338539,-0.772011,3.174096,-1.451636,19.244867,0.312225,2.926814,57.669189,2.048961,-1.810868,57.804081,2.728872,0.221217,57.804081,2.728872,0.221217,4095,2443,2088
1745872836.089073,0.790581,0.685487,-0.324952,-0.617545,3.148273,-1.508665,24.849045,-1.326059,0.403686,72.198259,-3.088075,-12.261688,63.349782,6.542888,-13.977530,63.349782,6.542888,-13.977530,4095,2983,24
1745872836.094041,0.790581,0.685487,-0.324952,-0.617545,3.148273,-1.508665,25.294922,-2.183850,-1.217041,74.325113,-5.389473,-17.038219,61.391255,8.318986,-20.431018,61.391255,8.318986,-20.431018,4095,3234,0
1745872836.099053,0.790581,0.685487,-0.324952,-0.617545,3.148273,-1.508665,22.493862,-2.466223,-2.105522,67.714931,-6.070448,-17.839999,53.924035,8.409841,-21.784841,53.924035,8.409841,-21.784841,4095,3247,0
1745872836.104027,0.790581,0.685487,-0.324952,-0.617545,3.148273,-1.508665,17.989922,-2.341991,-2.405356,56.397764,-5.621760,-15.987735,43.933182,7.408944,-19.689724,43.933182,7.408944,-19.689724,4095,3106,0
1745872836.109023,0.794959,0.715097,-0.311218,-0.455031,3.132002,-1.522340,16.910475,-2.376068,-2.638164,52.860201,-6.415906,-16.131589,39.072053,7.022142,-21.028422,39.072053,7.022142,-21.028422,4095,3051,0
1745872836.114029,0.794959,0.715097,-0.311218,-0.455031,3.132002,-1.522340,14.153861,-2.106497,-2.462459,45.808662,-5.622503,-13.972463,33.825484,6.036514,-18.275649,33.825484,6.036514,-18.275649,4095,2911,0
1745872836.119022,0.800701,0.744650,-0.297823,-0.405882,3.073003,-1.596175,11.884563,-3.121989,-3.856509,39.799223,-8.148879,-16.819566,23.615478,6.400558,-23.879876,23.615478,6.400558,-23.879876,4095,2963,0
1745872836.124023,0.800528,0.774871,-0.284149,-1.283648,3.101643,-1.648027,-12.521403,-2.681762,-5.539156,-19.127662,-2.179987,-5.970860,-24.730735,2.767445,-8.008694,-24.730735,2.767445,-8.008694,0,2449,878
1745872836.129022,0.793375,0.805149,-0.272087,-2.012313,3.043859,-1.811184,-44.261231,-3.490351,-9.920489,-93.662726,0.173972,1.319533,-92.570853,-0.818432,1.514526,-92.570853,-0.818432,1.514526,0,1907,2271
1745872836.134024,0.793375,0.805149,-0.272087,-2.012313,3.043859,-1.811184,-58.928249,-3.574506,-11.478206,-128.059260,0.524730,5.638705,-123.555555,-3.650775,6.247042,-123.555555,-3.650775,6.247042,0,1501,2941
1745872836.139025,0.793375,0.805149,-0.272087,-2.012313,3.043859,-1.811184,-60.978418,-3.189573,-11.056146,-133.271720,1.604992,8.131876,-126.147754,-4.669976,9.881580,-126.147754,-4.669976,9.881580,0,1355,3456
1745872836.144028,0.793375,0.805149,-0.272087,-2.012313,3.043859,-1.811184,-54.801008,-2.555105,-9.433957,-119.395469,3.014452,9.165837,-110.471964,-4.418249,12.377702,-110.471964,-4.418249,12.377702,0,1391,3809
1745872836.149026,0.754886,0.867721,-0.242364,-3.959468,3.372492,-1.513059,-91.874956,6.208118,0.049016,-205.629618,36.474423,62.060300,-122.810571,-15.957910,108.564285,-122.810571,-15.957910,108.564285,0,0,4095
1745872836.154025,0.730339,0.899448,-0.223159,-4.476223,3.542462,-1.339620,-116.738286,15.155537,10.290902,-265.045267,63.096501,109.280908,-109.589884,-25.900083,198.542305,-109.589884,-25.900083,198.542305,0,0,4095
1745872836.159023,0.707041,0.930709,-0.201530,-4.379177,3.522649,-1.119178,-115.792711,18.472886,20.905929,-265.322415,72.075748,141.066172,-58.427769,-36.836540,257.959381,-58.427769,-36.836540,257.959381,0,0,4095
1745872836.164033,0.707041,0.930709,-0.201530,-4.379177,3.522649,-1.119178,-100.985830,18.310215,25.072920,-234.013249,71.779072,145.224331,-23.132089,-39.763186,262.929827,-23.132089,-39.763186,262.929827,0,0,4095
1745872836.169032,0.707041,0.930709,-0.201530,-4.379177,3.522649,-1.119178,-79.255800,15.960543,24.623429,-184.234159,65.165851,131.072222,6.429550,-35.598102,237.722402,6.429550,-35.598102,237.722402,2967,0,4095
1745872836.174026,0.688918,0.960947,-0.179072,-3.988728,3.514182,-1.050968,-46.274773,12.316187,22.996478,-107.149375,52.651677,107.789460,59.843712,-27.878323,203.716119,59.843712,-27.878323,203.716119,4095,0,4095
1745872836.179025,0.667235,0.997559,-0.154099,-3.929834,3.523034,-1.206743,-18.279006,8.717816,15.336833,-40.668007,40.224877,70.177878,83.287728,-11.829122,147.540067,83.287728,-11.829122,147.540067,4095,331,4095
1745872836.184029,0.667235,0.997559,-0.154099,-3.929834,3.523034,-1.206743,1.687677,5.370805,8.606989,7.133925,30.050950,37.838271,81.984336,0.191165,89.091761,81.984336,0.191165,89.091761,4095,2084,4095
1745872836.189028,0.650845,1.028902,-0.135851,-3.459106,3.398438,-1.295181,25.622699,-0.453511,1.134948,61.545795,11.154435,0.797116,73.825011,8.391218,14.332600,73.825011,8.391218,14.332600,4095,3245,4086
1745872836.194033,0.650845,1.028902,-0.135851,-3.459106,3.398438,-1.295181,37.640244,-4.086626,-3.736458,90.417859,1.472029,-21.638191,63.303731,14.280795,-31.648270,63.303731,14.280795,-31.648270,4095,4078,0
1745872836.199029,0.636996,1.060591,-0.118108,-3.079410,3.335937,-1.298498,49.906478,-7.408490,-6.433955,116.085395,-8.955080,-36.760581,53.762458,14.665696,-71.418483,53.762458,14.665696,-71.418483,4095,4095,0
1745872836.204028,0.628428,1.091333,-0.099680,-2.749304,3.353506,-1.205747,59.653482,-8.175039,-5.082628,134.533489,-11.929359,-36.260202,64.628286,11.666126,-78.789281,64.628286,11.666126,-78.789281,4095,3708,0
1745872836.209023,0.628428,1.091333,-0.099680,-2.749304,3.353506,-1.205747,58.513736,-7.659127,-3.606683,131.386764,-10.397389,-30.830647,71.661522,9.713526,-67.315573,71.661522,9.713526,-67.315573,4095,3432,0
1745872836.214056,0.628428,1.091333,-0.099680,-2.749304,3.353506,-1.205747,50.579856,-6.386849,-2.221565,113.866668,-6.828054,-22.276493,71.486531,7.572188,-47.766122,71.486531,7.572188,-47.766122,4095,3129,0
1745872836.219030,0.628428,1.091333,-0.099680,-2.749304,3.353506,-1.205747,39.427723,-4.809979,-1.085248,89.639673,-2.457901,-12.919201,66.759708,5.606531,-25.787723,66.759708,5.606531,-25.787723,4095,2850,0
1745872836.224030,0.626600,1.121647,-0.076437,-2.358547,3.382199,-0.995097,37.092204,-2.516542,4.931163,81.342890,3.266217,9.874591,101.911033,-3.144679,22.832767,101.911033,-3.144679,22.832767,4095,1574,4095
1745872836.229029,0.646015,1.179390,-0.020531,-1.445820,3.248376,-0.819993,53.430558,-4.035899,12.421904,109.556959,-1.913194,30.319937,165.429077,-19.780544,60.443218,165.429077,-19.780544,60.443218,4095,0,4095
1745872836.234035,0.646015,1.179390,-0.020531,-1.445820,3.248376,-0.819993,57.227910,-4.503429,15.643803,115.995452,-2.307693,39.234023,188.539056,-25.461909,78.478657,188.539056,-25.461909,78.478657,4095,0,4095
1745872836.238993,0.662884,1.207686,0.009907,-1.221075,3.231119,-0.966970,58.104139,-4.667558,12.187405,117.504513,-4.503685,29.167695,170.718460,-21.499493,56.925685,170.718460,-21.499493,56.925685,4095,0,4095
1745872836.244038,0.662884,1.207686,0.009907,-1.221075,3.231119,-0.966970,51.548872,-4.201500,8.461808,105.742302,-4.033933,19.533095,139.730133,-15.200159,36.358523,139.730133,-15.200159,36.358523,4095,0,4095
1745872836.249034,0.680371,1.236959,0.040256,-1.265349,3.290181,-1.171109,40.006298,-1.945730,0.093444,84.321653,-0.335247,-1.070741,81.313658,0.412982,-3.183764,81.313658,0.412982,-3.183764,4095,2115,1568
1745872836.254033,0.680371,1.236959,0.040256,-1.265349,3.290181,-1.171109,27.805085,-0.279866,-5.214681,61.899953,2.669320,-13.773865,35.869722,10.739849,-27.551283,35.869722,10.739849,-27.551283,4095,3577,0
1745872836.258988,0.700761,1.266589,0.072224,-1.096152,3.239599,-1.270279,20.886754,-0.429344,-10.318826,48.843101,1.023933,-27.116344,-15.071642,18.267254,-66.990644,-15.071642,18.267254,-66.990644,0,4095,0
1745872836.264040,0.700761,1.266589,0.072224,-1.096152,3.239599,-1.270279,13.848821,-0.473392,-12.355473,35.734072,0.933519,-31.534437,-39.122696,21.046932,-78.459254,-39.122696,21.046932,-78.459254,0,4095,0
1745872836.269035,0.722776,1.296348,0.106288,-1.207548,3.198050,-1.356225,5.025109,-1.459300,-14.200352,18.363967,-0.059187,-33.575904,-71.211234,22.165028,-93.057901,-71.211234,22.165028,-93.057901,0,4095,0
1745872836.274042,0.722776,1.296348,0.106288,-1.207548,3.198050,-1.356225,-1.186801,-1.905716,-13.629997,6.192291,-0.325439,-29.906539,-74.234345,19.538175,-83.553638,-74.234345,19.538175,-83.553638,0,4095,0
1745872836.279028,0.752024,1.325524,0.147904,-1.207407,3.193716,-1.281541,-4.949022,-2.059525,-9.778493,-2.083597,2.760801,-11.972804,-29.480909,10.195078,-28.242577,-29.480909,10.195078,-28.242577,0,3500,0
1745872836.284032,0.792340,1.354391,0.201238,-1.309925,3.220074,-1.258238,-9.247589,-1.259225,-5.564790,-11.081911,9.724943,9.129925,49.573651,0.328176,62.104103,49.573651,0.328176,62.104103,4095,2103,4095
1745872836.289058,0.792340,1.354391,0.201238,-1.309925,3.220074,-1.258238,-10.838356,-0.595735,-2.202676,-14.987515,12.309002,20.856059,91.489315,-6.206338,109.019647,91.489315,-6.206338,109.019647,4095,1136,4095
1745872836.294031,0.792340,1.354391,0.201238,-1.309925,3.220074,-1.258238,-10.504513,-0.108385,0.166933,-14.986707,14.048329,28.764507,122.382191,-10.615820,140.649461,122.382191,-10.615820,140.649461,4095,505,4095
1745872836.299040,0.792340,1.354391,0.201238,-1.309925,3.220074,-1.258238,-9.009388,0.215951,1.659239,-12.554688,15.071368,33.430535,143.030421,-13.219666,159.300701,143.030421,-13.219666,159.300701,4095,132,4095
1745872836.304034,0.844155,1.381831,0.266241,-1.319783,3.136467,-1.229453,-7.203719,-1.652417,3.101111,-9.022520,15.002460,42.427805,196.995604,-21.743884,209.751909,196.995604,-21.743884,209.751909,4095,0,4095
1745872836.309033,0.914280,1.408546,0.349389,-1.307757,3.117475,-1.266755,-4.884520,-3.098443,2.721034,-3.994139,17.803069,49.224313,265.705164,-28.125428,273.288596,265.705164,-28.125428,273.288596,4095,0,4095
1745872836.314038,0.914280,1.408546,0.349389,-1.307757,3.117475,-1.266755,-2.817041,-3.634435,2.146802,-0.015447,16.236465,46.799230,253.060144,-27.160657,256.443647,253.060144,-27.160657,256.443647,4095,0,4095
1745872836.319032,0.914280,1.408546,0.349389,-1.307757,3.117475,-1.266755,-1.167289,-3.527534,1.521481,3.146518,16.160340,44.474844,247.186595,-25.365920,247.287884,247.186595,-25.365920,247.287884,4095,0,4095
1745872836.324034,1.005903,1.434260,0.454176,-1.341655,3.025166,-1.370068,-0.809835,-5.290346,-1.593077,4.575381,19.501761,43.855110,295.342922,-26.602224,293.499018,295.342922,-26.602224,293.499018,4095,0,4095
1745872836.329036,1.132772,1.458431,0.594018,-1.322884,2.957818,-1.445230,-0.024341,-7.407519,-5.210032,7.081411,30.601221,52.420994,449.712187,-34.492457,445.439861,449.712187,-34.492457,445.439861,4095,0,4095
1745872836.334037,1.320205,1.480228,0.795101,-1.422231,2.904330,-1.506846,-1.958898,-9.148361,-8.367338,5.053129,62.138227,89.667727,912.738292,-71.458205,911.420617,912.738292,-71.458205,911.420617,4095,0,4095
1745872836.339044,1.320205,1.480228,0.795101,-1.422231,2.904330,-1.506846,-2.943908,-9.128718,-9.340671,3.416838,62.086836,86.780650,902.670575,-68.674047,902.954492,902.670575,-68.674047,902.954492,4095,0,4095
1745872836.344037,1.606287,1.496851,1.095037,-1.445271,2.925593,-1.534354,-3.767894,-7.477826,-9.482985,2.229436,135.878740,227.645659,1726.239396,-232.323747,1728.734103,1726.239396,-232.323747,1728.734103,4095,0,4095
1745872836.349031,1.606287,1.496851,1.095037,-1.445271,2.925593,-1.534354,-3.829083,-5.518900,-8.414236,2.032310,140.922230,230.867705,1792.537294,-235.722723,1795.411336,1792.537294,-235.722723,1795.411336,4095,0,4095
1745872836.354045,1.606287,1.496851,1.095037,-1.445271,2.925593,-1.534354,-3.398084,-3.597456,-6.702909,2.640057,145.857356,236.004030,1857.261287,-241.030929,1859.703275,1857.261287,-241.030929,1859.703275,4095,0,4095
1745872836.359037,2.224066,1.503585,1.735177,-1.541729,2.934993,-1.555463,-5.069622,-1.717626,-5.320666,-21.218571,185.670733,485.191415,-2211.758307,-498.139005,-2195.496800,-2211.758307,-498.139005,-2195.496800,0,0,0
1745872836.364053,2.224066,1.503585,1.735177,-1.541729,2.934993,-1.555463,-5.510677,-0.311290,-3.788699,-22.027070,188.398174,489.837182,-2222.338633,-503.485914,-2205.290740,-2222.338633,-503.485914,-2205.290740,0,0,0
1745872836.369039,2.790484,1.481580,2.326699,-1.572369,2.929704,-1.639683,-5.860791,0.480620,-4.420074,-31.108440,77.750850,158.904468,-1400.179191,-127.660909,-1374.537464,-1400.179191,-127.660909,-1374.537464,0,0,0
1745872836.374035,2.790484,1.481580,2.326699,-1.572369,2.929704,-1.639683,-5.367643,0.924397,-4.281206,-30.152453,78.584879,159.267581,-1399.828038,-128.568944,-1375.144713,-1399.828038,-128.568944,-1375.144713,0,0,0
1745872836.379050,2.790484,1.481580,2.326699,-1.572369,2.929704,-1.639683,-4.395548,1.092774,-3.667483,-28.342323,78.835042,161.348076,-1418.894939,-129.519409,-1396.105106,-1418.894939,-129.519409,-1396.105106,0,0,0
1745872836.384039,3.083276,1.443625,2.644389,-1.528046,2.895480,-1.735308,-2.162036,0.227953,-5.169867,-19.764240,26.666802,38.893845,-311.278228,-28.888350,-293.887254,-311.278228,-28.888350,-293.887254,0,0,0
1745872836.389051,3.083276,1.443625,2.644389,-1.528046,2.895480,-1.735308,-0.476604,-0.349997,-5.491826,-16.448670,25.665047,37.500732,-297.542355,-27.807102,-283.382118,-297.542355,-27.807102,-283.382118,0,0,0
1745872836.394049,3.083276,1.443625,2.644389,-1.528046,2.895480,-1.735308,0.643671,-0.671129,-5.020557,-14.339057,25.087482,39.084456,-308.061177,-27.322824,-296.113363,-308.061177,-27.322824,-296.113363,0,0,0
1745872836.399039,-3.049432,1.400773,2.819419,-1.508772,2.778087,-1.780250,1.744050,-3.662600,-5.208289,-8.724072,4.017986,10.935415,-74.303725,-2.994550,-66.539094,-74.303725,-2.994550,-66.539094,0,1595,0
1745872836.404037,-3.049432,1.400773,2.819419,-1.508772,2.778087,-1.780250,2.228407,-5.111189,-4.690821,-7.848832,1.448123,12.654833,-82.023592,-0.277355,-75.259950,-82.023592,-0.277355,-75.259950,0,1984,0
1745872836.409049,-3.049432,1.400773,2.819419,-1.508772,2.778087,-1.780250,2.262228,-5.403013,-3.786687,-7.944141,0.975401,15.931390,-100.869648,0.494901,-94.285023,-100.869648,0.494901,-94.285023,0,2127,0
1745872836.414040,-2.963391,1.356856,2.929804,-1.469907,2.680664,-1.791612,2.956665,-7.306865,-3.031516,-4.421871,-7.969578,8.631338,-37.017835,9.373365,-33.356425,-37.017835,9.373365,-33.356425,0,3384,0
1745872836.419037,-2.963391,1.356856,2.929804,-1.469907,2.680664,-1.791612,3.035405,-7.620384,-2.182520,-4.451892,-8.450622,11.650758,-50.332715,10.382015,-46.951217,-50.332715,10.382015,-46.951217,0,3526,0
1745872836.424051,-2.963391,1.356856,2.929804,-1.469907,2.680664,-1.791612,2.712746,-6.883889,-1.375608,-5.294677,-7.026869,14.718547,-66.233527,9.524606,-62.360547,-66.233527,9.524606,-62.360547,0,3405,0
1745872836.429041,-2.907312,1.312246,3.010355,-1.457006,2.635134,-1.850773,2.492726,-6.690102,-2.146045,-4.587095,-8.847350,7.871383,-25.770922,10.432946,-21.912153,-25.770922,10.432946,-21.912153,0,3534,0
1745872836.434038,-2.907312,1.312246,3.010355,-1.457006,2.635134,-1.850773,2.048693,-5.749891,-2.372293,-5.444689,-7.144544,7.307441,-26.049094,8.645742,-21.312810,-26.049094,8.645742,-21.312810,0,3281,0
1745872836.439048,-2.907312,1.312246,3.010355,-1.457006,2.635134,-1.850773,1.515707,-4.448112,-2.224768,-6.595417,-4.729125,8.153401,-32.431311,6.492693,-26.724164,-32.431311,6.492693,-26.724164,0,2976,0
1745872836.444042,-2.868475,1.266410,3.073797,-1.461852,2.655594,-1.918299,0.875568,-2.582056,-3.511459,-7.158305,-2.532109,2.146611,-11.564009,3.017272,-4.617988,-11.564009,3.017272,-4.617988,369,2484,1363
1745872836.449044,-2.853533,1.243272,3.100916,-1.442819,2.649647,-1.931363,0.829158,-1.229167,-4.217319,-6.745417,-0.533809,-1.007461,-3.456045,0.225603,3.474047,-3.456045,0.225603,3.474047,1529,2089,2549
1745872836.454049,-2.853533,1.243272,3.100916,-1.442819,2.649647,-1.931363,0.698067,-0.222080,-4.146733,-7.080504,1.342728,-0.557292,-6.630567,-1.445726,0.475198,-6.630567,-1.445726,0.475198,1075,1817,2124
1745872836.459044,-2.840819,1.219770,3.125836,-1.436311,2.674085,-1.964903,0.689121,1.038499,-4.415044,-6.984393,3.390671,-1.720929,-5.238978,-3.748296,1.858762,-5.238978,-3.748296,1.858762,1274,1487,2320
1745872836.464042,-2.828084,1.191090,-3.129878,-1.441955,2.707213,-2.025259,0.460911,2.521180,-5.523173,-7.250628,5.812808,-5.421757,1.180990,-7.201537,9.078229,1.180990,-7.201537,9.078229,2224,993,3342
1745872836.469044,-2.816885,1.161952,-3.103679,-1.450450,2.713913,-2.093748,0.051753,3.315103,-7.226729,-7.690083,6.939827,-11.064608,11.403356,-10.107138,20.808458,11.403356,-10.107138,20.808458,3671,577,4095
1745872836.474041,-2.816885,1.161952,-3.103679,-1.450450,2.713913,-2.093748,-0.213028,3.410568,-7.417689,-8.169402,7.098190,-11.598519,11.975345,-10.427560,21.954197,11.975345,-10.427560,21.954197,3752,532,4095
1745872836.479053,-2.816885,1.161952,-3.103679,-1.450450,2.713913,-2.093748,-0.354916,3.052665,-6.628704,-8.769276,6.571758,-8.883316,5.823659,-9.062403,15.903708,5.823659,-9.062403,15.903708,2881,727,4095
1745872836.484043,-2.807341,1.133143,-3.078316,-1.609139,2.597783,-2.127337,-4.280915,-0.386193,-6.141274,-17.026347,0.220827,-5.872481,-5.325478,-2.135147,12.918446,-5.325478,-2.135147,12.918446,1262,1718,3885
1745872836.489073,-2.807341,1.133143,-3.078316,-1.609139,2.597783,-2.127337,-6.259383,-2.532868,-5.074928,-21.552149,-3.509004,-1.750084,-15.558771,2.740664,6.617042,-15.558771,2.740664,6.617042,0,2445,2993
1745872836.494046,-2.807189,1.102586,-3.054442,-2.559536,2.814690,-2.217400,-29.887822,1.724310,-5.982349,-72.965032,4.810420,12.297656,-99.057192,-0.507794,-29.238937,-99.057192,-0.507794,-29.238937,0,1951,0
1745872836.499045,-2.807189,1.102586,-3.054442,-2.559536,2.814690,-2.217400,-41.298275,4.226077,-5.831626,-97.531249,10.060923,18.367982,-138.369424,-3.475138,-45.763357,-138.369424,-3.475138,-45.763357,0,1526,0
1745872836.504052,-2.807189,1.102586,-3.054442,-2.559536,2.814690,-2.217400,-43.463653,5.293018,-5.020943,-102.573561,12.297204,22.272479,-152.156098,-4.306067,-55.562310,-152.156098,-4.306067,-55.562310,0,1407,0
1745872836.509044,-2.807189,1.102586,-3.054442,-2.559536,2.814690,-2.217400,-39.504988,5.317194,-3.895021,-94.623723,12.343535,24.313191,-148.048083,-3.680058,-59.867466,-148.048083,-3.680058,-59.867466,0,1497,0
1745872836.514047,-2.808525,1.072409,-3.026754,-3.093493,2.676014,-2.476409,-45.249255,1.282244,-9.053699,-108.182478,3.580588,13.366952,-133.545831,0.986427,-28.875988,-133.545831,0.986427,-28.875988,0,2196,0
1745872836.519048,-2.808525,1.072409,-3.026754,-3.093493,2.676014,-2.476409,-43.333071,-1.425116,-11.204292,-102.898849,-1.929282,4.779203,-110.039080,3.385786,-8.129100,-110.039080,3.385786,-8.129100,0,2536,860
1745872836.524046,-2.825466,1.041472,-3.003198,-4.449916,2.911824,-2.247002,-70.035813,2.813129,-5.573237,-164.060775,6.705510,44.480415,-239.890189,7.455189,-87.852100,-239.890189,7.455189,-87.852100,0,3112,0
1745872836.529069,-2.825466,1.041472,-3.003198,-4.449916,2.911824,-2.247002,-78.394763,5.161254,-1.308062,-184.586854,12.125686,63.164992,-293.652930,8.112409,-126.358404,-293.652930,8.112409,-126.358404,0,3205,0
1745872836.534050,-2.889555,0.976485,-2.967460,-5.620608,3.308328,-1.847521,-102.591449,15.676369,11.273154,-249.558181,32.124296,125.223644,-440.850142,0.118591,-230.879908,-440.850142,0.118591,-230.879908,0,2074,0
1745872836.539054,-2.889555,0.976485,-2.967460,-5.620608,3.308328,-1.847521,-105.459134,20.453362,17.902832,-259.628499,41.826053,149.181987,-488.831305,-3.301979,-276.636418,-488.831305,-3.301979,-276.636418,0,1551,0
1745872836.544047,-2.927947,0.943408,-2.955123,-5.330662,3.427472,-1.526869,-87.264356,23.877218,27.737068,-224.727603,47.834904,169.229471,-466.789075,-10.866645,-299.002448,-466.789075,-10.866645,-299.002448,0,469,0
1745872836.549049,-2.967337,0.909525,-2.943782,-5.311384,3.518202,-1.467569,-64.575178,25.350379,32.032464,-178.266336,47.557770,171.116777,-405.435892,-17.170178,-287.843508,-405.435892,-17.170178,-287.843508,0,0,0
1745872836.554052,-2.967337,0.909525,-2.943782,-5.311384,3.518202,-1.467569,-42.306329,23.173350,30.820948,-125.492245,43.001098,155.076958,-331.345802,-15.463417,-260.834290,-331.345802,-15.463417,-260.834290,0,0,0
1745872836.559050,-2.997572,0.876999,-2.928267,-4.567224,3.296740,-1.648865,-4.830292,13.535114,21.839321,-35.889224,21.322001,100.437434,-159.074167,-6.686096,-160.225254,-159.074167,-6.686096,-160.225254,0,1067,0
1745872836.564051,-3.022569,0.844230,-2.911235,-4.019230,3.467881,-1.702053,32.915109,9.970057,12.175032,58.435072,13.220361,46.399156,4.831026,-7.617245,-71.714929,4.831026,-7.617245,-71.714929,2741,934,0
1745872836.569052,-3.022569,0.844230,-2.911235,-4.019230,3.467881,-1.702053,52.748301,6.493961,4.572071,110.455279,6.227083,11.089448,97.234028,-4.866231,-17.688236,97.234028,-4.866231,-17.688236,4095,1327,0
1745872836.574046,-3.022569,0.844230,-2.911235,-4.019230,3.467881,-1.702053,58.820730,3.503744,-0.789584,128.069199,0.447821,-9.519538,138.644715,-1.575033,14.148603,138.644715,-1.575033,14.148603,4095,1798,4060
1745872836.579045,-3.022569,0.844230,-2.911235,-4.019230,3.467881,-1.702053,55.471805,1.180936,-4.089405,121.833582,-3.867914,-18.360604,142.863058,1.660353,28.134580,142.863058,1.660353,28.134580,4095,2292,4095
1745872836.584047,-3.022569,0.844230,-2.911235,-4.019230,3.467881,-1.702053,46.555751,-0.433799,-5.676723,101.230423,-6.726263,-18.652017,122.967364,4.463876,29.081072,122.967364,4.463876,29.081072,4095,2689,4095
1745872836.589101,-3.022569,0.844230,-2.911235,-4.019230,3.467881,-1.702053,35.092182,-1.411846,-5.987860,73.778858,-8.327068,-13.440403,89.907196,6.672198,21.577525,89.907196,6.672198,21.577525,4095,3001,4095
1745872836.594053,-3.038623,0.811824,-2.892838,-3.054774,3.419390,-1.801181,47.115696,-3.018980,-7.850890,104.058149,-10.400499,-30.626742,137.303987,7.197349,45.821955,137.303987,7.197349,45.821955,4095,3076,4095
1745872836.599055,-3.038623,0.811824,-2.892838,-3.054774,3.419390,-1.801181,49.107925,-3.683251,-8.092781,109.073545,-11.627416,-32.519501,144.437308,8.223216,48.741043,144.437308,8.223216,48.741043,4095,3221,4095
1745872836.604052,-3.047501,0.712871,-2.842832,-0.771841,3.467352,-1.581017,100.245096,-2.477466,-1.864130,243.725355,-5.491978,-52.647869,289.485932,0.521286,69.969412,289.485932,0.521286,69.969412,4095,2131,4095
1745872836.609052,-3.047501,0.712871,-2.842832,-0.771841,3.467352,-1.581017,120.350194,-1.410723,2.307750,292.818584,-3.594928,-50.807469,336.841024,-1.194462,67.311745,336.841024,-1.194462,67.311745,4095,1853,4095
1745872836.614052,-3.043203,0.680768,-2.828505,-0.419300,3.448534,-1.564483,126.959281,-1.024271,5.068770,313.028348,-2.347245,-47.402361,351.422091,-2.320489,61.001542,351.422091,-2.320489,61.001542,4095,1692,4095
1745872836.619056,-3.043203,0.680768,-2.828505,-0.419300,3.448534,-1.564483,115.576843,-0.654097,6.194849,282.939142,-1.511761,-37.867015,313.580785,-2.215265,48.684691,313.580785,-2.215265,48.684691,4095,1707,4095
1745872836.624053,-3.038137,0.647973,-2.814219,-0.472812,3.509112,-1.639863,92.918057,1.143109,4.301143,227.712716,1.746669,-30.391228,250.459631,-4.875881,37.687207,250.459631,-4.875881,37.687207,4095,1326,4095
1745872836.629053,-3.036169,0.614700,-2.799071,-0.761208,3.501754,-1.765837,60.136828,1.960442,-0.510010,144.946997,2.821688,-25.170443,162.407523,-5.454672,30.275892,162.407523,-5.454672,30.275892,4095,1243,4095
1745872836.634067,-3.036169,0.614700,-2.799071,-0.761208,3.501754,-1.765837,31.953052,2.238148,-3.499597,71.533096,3.453293,-19.354288,84.863650,-5.470744,23.114678,84.863650,-5.470744,23.114678,4095,1241,4095
1745872836.639074,-3.036169,0.614700,-2.799071,-0.761208,3.501754,-1.765837,10.242737,2.138006,-4.955046,14.545509,3.420991,-12.394831,22.992790,-4.706288,14.647267,22.992790,-4.706288,14.647267,4095,1350,4095
1745872836.644054,-3.036169,0.614700,-2.799071,-0.761208,3.501754,-1.765837,-4.659680,1.813832,-5.264832,-24.926532,2.976837,-5.601322,-21.215430,-3.549729,6.434911,-21.215430,-3.549729,6.434911,0,1516,2968
1745872836.649055,-3.034033,0.580666,-2.784262,-0.693882,3.642216,-1.725826,-11.921535,4.828216,-3.838969,-45.345191,8.520337,2.000389,-47.250241,-8.256351,-3.472689,-47.250241,-8.256351,-3.472689,0,842,1527
1745872836.654055,-3.032739,0.546232,-2.770660,-0.674731,3.681056,-1.696302,-14.583658,7.094368,-1.743621,-53.832660,12.641613,9.007479,-60.111116,-11.588226,-12.086236,-60.111116,-11.588226,-12.086236,0,365,294
1745872836.659063,-3.032739,0.546232,-2.770660,-0.674731,3.681056,-1.696302,-14.480746,7.659550,-0.202207,-54.309828,13.733706,13.418263,-63.326004,-12.194670,-17.356437,-63.326004,-12.194670,-17.356437,0,279,0
1745872836.664055,-3.031368,0.512168,-2.757209,-0.537606,3.582713,-1.686554,-9.288188,4.672012,1.032067,-40.571453,8.548205,12.992992,-48.360549,-7.067081,-15.893900,-48.360549,-7.067081,-15.893900,0,1012,0
1745872836.669054,-3.031297,0.478216,-2.744299,-0.727472,3.619715,-1.665460,-9.511997,3.113517,2.204886,-41.839099,5.408227,16.810429,-50.808332,-3.525004,-19.490021,-50.808332,-3.525004,-19.490021,0,1519,0
1745872836.674062,-3.031297,0.478216,-2.744299,-0.727472,3.619715,-1.665460,-8.486841,1.743736,2.677718,-39.177155,2.970243,17.606973,-48.417663,-1.014157,-20.079500,-48.417663,-1.014157,-20.079500,0,1879,0
1745872836.679056,-3.032028,0.443447,-2.731700,-0.666690,3.702519,-1.686280,-5.313432,2.692957,2.138064,-30.675484,4.647297,14.160628,-37.602800,-3.071022,-16.145504,-37.602800,-3.071022,-16.145504,0,1584,0
1745872836.684054,-3.032028,0.443447,-2.731700,-0.666690,3.702519,-1.686280,-2.653693,2.964827,1.534791,-22.912131,5.082050,11.363450,-28.541340,-3.809028,-13.120005,-28.541340,-3.809028,-13.120005,0,1479,146
1745872836.689075,-3.032386,0.408223,-2.718847,-0.597222,3.707188,-1.725674,1.072069,2.887889,-0.006545,-12.199283,4.887598,5.024680,-14.590015,-4.310844,-6.022313,-14.590015,-4.310844,-6.022313,0,1407,1162
1745872836.694061,-3.032386,0.408223,-2.718847,-0.597222,3.707188,-1.725674,3.276865,2.485379,-0.972266,-5.521021,4.100896,1.463268,-6.343461,-3.916985,-2.071746,-6.343461,-3.916985,-2.071746,1116,1463,1727
1745872836.699058,-3.032177,0.373338,-2.706301,-0.467481,3.719408,-1.699919,7.452774,2.225748,-0.835770,6.802051,3.766623,-0.531686,6.847960,-3.802158,0.125872,6.847960,-3.802158,0.125872,3026,1480,2075
1745872836.704065,-3.032517,0.338170,-2.693778,-0.549790,3.765549,-1.741009,7.166753,2.920257,-1.654809,5.778513,4.767718,-2.044748,6.310810,-4.961974,1.604458,6.310810,-4.961974,1.604458,2950,1314,2284
1745872836.709062,-3.032517,0.338170,-2.693778,-0.549790,3.765549,-1.741009,6.107654,3.000513,-1.968786,2.810114,4.901976,-2.523555,3.504657,-5.147556,2.093502,3.504657,-5.147556,2.093502,2553,1287,2353
1745872836.714057,-3.032689,0.302768,-2.681444,-0.395225,3.759318,-1.706143,8.474013,2.531737,-1.073117,9.976498,4.295595,-1.718557,10.364305,-4.456935,1.300654,10.364305,-4.456935,1.300654,3524,1386,2241
1745872836.719061,-3.032689,0.302768,-2.681444,-0.395225,3.759318,-1.706143,8.936085,1.924533,-0.373969,11.113725,3.240727,-0.023008,11.010843,-3.224029,-0.345053,11.010843,-3.224029,-0.345053,3615,1562,1974
1745872836.724057,-3.032689,0.302768,-2.681444,-0.395225,3.759318,-1.706143,8.133079,1.305377,0.113281,8.613680,2.160657,1.500934,8.074252,-1.984722,-1.809171,8.074252,-1.984722,-1.809171,3200,1740,1765
1745872836.729057,-3.033552,0.261279,-2.667580,-0.424239,3.771613,-1.690544,5.918461,1.054836,0.789990,2.212501,1.632446,4.105930,1.073945,-1.180183,-4.407610,1.073945,-1.180183,-4.407610,2209,1855,1393
1745872836.734059,-3.031871,0.225832,-2.655845,-0.099481,3.803574,-1.688555,11.751241,1.550363,1.170181,19.601730,3.005173,2.058221,19.056091,-2.761723,-2.436790,19.056091,-2.761723,-2.436790,4095,1628,1675
1745872836.739061,-3.031871,0.225832,-2.655845,-0.099481,3.803574,-1.688555,13.999793,1.673706,1.267185,26.256664,3.221725,1.780115,25.769088,-3.007426,-2.177485,25.769088,-3.007426,-2.177485,4095,1593,1712
1745872836.744059,-3.030533,0.190213,-2.644168,-0.084465,3.763151,-1.693220,14.072917,0.556608,1.058958,26.887712,1.183253,1.360773,26.602071,-1.025148,-1.510780,26.602071,-1.025148,-1.510780,4095,1877,1807
1745872836.749062,-3.030533,0.190213,-2.644168,-0.084465,3.763151,-1.693220,12.395053,-0.218919,0.797371,21.933690,-0.213627,0.979287,21.750857,0.320846,-0.967019,21.750857,0.320846,-0.967019,4095,2102,1885
1745872836.754057,-3.030533,0.190213,-2.644168,-0.084465,3.763151,-1.693220,9.817769,-0.681816,0.534552,14.293094,-1.047257,0.794216,14.163465,1.128829,-0.685621,14.163465,1.128829,-0.685621,4062,2217,1926
1745872836.759060,-3.028288,0.154816,-2.632394,0.010030,3.751965,-1.727536,9.298880,-1.165819,-0.538561,12.773322,-1.853872,-2.247220,13.154497,1.587909,2.471979,13.154497,1.587909,2.471979,3919,2282,2407
1745872836.764061,-3.026766,0.119173,-2.620526,-0.010052,3.794619,-1.744887,7.338855,-0.283682,-1.576141,6.826643,-0.413581,-4.358373,7.350755,-0.088501,4.408324,7.350755,-0.088501,4.408324,3097,2011,2681
1745872836.769072,-3.026766,0.119173,-2.620526,-0.010052,3.794619,-1.744887,5.195395,0.310238,-2.040187,0.434140,0.631530,-5.251946,1.050206,-1.229110,5.181755,1.050206,-1.229110,5.181755,2205,1848,2790
1745872836.774062,-3.023666,0.083254,-2.608939,0.260074,3.781543,-1.714604,9.814741,0.326224,-1.341753,14.807963,1.057517,-5.259224,15.233398,-1.668938,5.115996,15.233398,-1.668938,5.115996,4095,1785,2781
1745872836.779065,-3.023666,0.083254,-2.608939,0.260074,3.781543,-1.714604,11.545798,0.296466,-0.734389,19.976505,1.033937,-3.849138,20.285322,-1.479620,3.713621,20.285322,-1.479620,3.713621,4095,1812,2582
1745872836.784077,-3.023666,0.083254,-2.608939,0.260074,3.781543,-1.714604,11.223956,0.241183,-0.259313,18.962036,0.960899,-2.595061,19.167647,-1.259543,2.472548,19.167647,-1.259543,2.472548,4095,1843,2407
1745872836.789078,-3.019356,0.011686,-2.586288,0.225984,3.808190,-1.731873,8.807052,0.829682,-0.351147,11.622440,1.845863,-2.093454,11.644091,-2.087350,1.852889,11.644091,-2.087350,1.852889,3705,1725,2319
1745872836.794065,-3.019356,0.011686,-2.586288,0.225984,3.808190,-1.731873,6.206662,1.099433,-0.366154,3.755906,2.329560,-2.083600,3.776754,-2.566236,1.784125,3.776754,-2.566236,1.784125,2591,1656,2309
1745872836.799064,-3.017708,-0.024309,-2.575090,0.188306,3.816150,-1.733464,2.874944,1.331332,-0.369919,-6.305225,2.625831,-1.916077,-6.343566,-2.842473,1.577389,-6.343566,-2.842473,1.577389,1116,1617,2280
1745872836.804065,-3.015663,-0.060349,-2.563769,0.334906,3.811418,-1.746285,4.006951,1.199030,-0.641169,-2.986422,2.547577,-3.393955,-3.170535,-2.953674,3.052669,-3.170535,-2.953674,3.052669,1570,1601,2489
1745872836.809064,-3.015663,-0.060349,-2.563769,0.334906,3.811418,-1.746285,4.231783,0.968501,-0.734117,-2.313578,2.128865,-3.631990,-2.515137,-2.568174,3.341935,-2.515137,-2.568174,3.341935,1664,1656,2530
1745872836.814063,-3.015663,-0.060349,-2.563769,0.334906,3.811418,-1.746285,3.855821,0.704111,-0.703015,-3.447751,1.655735,-3.591809,-3.650493,-2.093744,3.361531,-3.650493,-2.093744,3.361531,1501,1724,2533
1745872836.819065,-3.013947,-0.096724,-2.552296,0.265842,3.839608,-1.760409,1.452499,1.141455,-0.943373,-10.931729,2.253167,-4.138489,-11.302176,-2.761663,3.835923,-11.302176,-2.761663,3.835923,406,1628,2600
1745872836.824064,-3.012419,-0.132754,-2.541257,0.344677,3.813818,-1.725247,1.686791,0.646290,-0.118446,-9.600869,1.467098,-2.515645,-9.908772,-1.778928,2.326169,-9.908772,-1.778928,2.326169,606,1769,2386
1745872836.829067,-3.012419,-0.132754,-2.541257,0.344677,3.813818,-1.725247,1.628424,0.253548,0.418411,-9.699944,0.793505,-1.154714,-9.839210,-0.935639,1.052136,-9.839210,-0.935639,1.052136,616,1890,2206
1745872836.834064,-3.012419,-0.132754,-2.541257,0.344677,3.813818,-1.725247,1.392069,-0.025521,0.706166,-10.369689,0.308800,-0.458896,-10.425147,-0.365340,0.418981,-10.425147,-0.365340,0.418981,532,1971,2116
1745872836.839065,-3.011251,-0.168935,-2.530195,0.273354,3.834951,-1.719713,-0.675770,0.318751,0.937489,-16.428759,0.767895,0.032045,-16.406316,-0.757217,-0.133479,-16.406316,-0.757217,-0.133479,0,1915,2005
1745872836.844065,-3.011302,-0.204838,-2.518783,0.138882,3.788484,-1.771831,-5.194893,-0.641008,-0.307928,-30.667638,-1.320027,-3.797916,-31.485602,0.815406,4.021295,-31.485602,0.815406,4.021295,0,2172,2626
1745872836.849067,-3.011302,-0.204838,-2.518783,0.138882,3.788484,-1.771831,-7.418147,-1.169829,-1.058346,-37.459189,-2.324044,-6.282598,-38.816074,1.488098,6.670751,-38.816074,1.488098,6.670751,0,2267,3001
1745872836.854068,-3.015073,-0.241729,-2.506864,-0.097321,3.893666,-1.800721,-13.702032,1.216554,-2.110895,-56.994643,1.401381,-9.833641,-59.356153,-2.631016,9.865032,-59.356153,-2.631016,9.865032,0,1647,3453
1745872836.859063,-3.015073,-0.241729,-2.506864,-0.097321,3.893666,-1.800721,-15.995063,2.575374,-2.517523,-63.884186,3.804601,-11.413790,-66.557403,-5.214414,11.167165,-66.557403,-5.214414,11.167165,0,1277,3638
1745872836.864067,-3.021165,-0.278102,-2.493218,-0.376258,3.651356,-1.950225,-22.328136,-2.819692,-6.132356,-84.779065,-6.968001,-22.704514,-91.453273,4.189889,24.311271,-91.453273,4.189889,24.311271,0,2650,4095
1745872836.869069,-3.021165,-0.278102,-2.493218,-0.376258,3.651356,-1.950225,-23.593332,-5.884518,-7.665474,-88.963911,-12.556640,-27.319045,-97.137717,9.183677,29.773656,-97.137717,9.183677,29.773656,0,3357,4095
1745872836.874072,-3.021165,-0.278102,-2.493218,-0.376258,3.651356,-1.950225,-21.500242,-7.101264,-7.695081,-82.820644,-14.728770,-26.857603,-90.938163,11.395511,29.568632,-90.938163,11.395511,29.568632,0,3670,4095
1745872836.879070,-3.037746,-0.314439,-2.479995,-1.852405,3.802491,-1.809092,-53.696726,-3.298276,-3.314301,-174.532567,-10.650986,-18.656773,-180.926672,8.659645,20.673989,-180.926672,8.659645,20.673989,0,3283,4095
1745872836.884067,-3.095377,-0.388580,-2.455053,-3.268336,4.267718,-1.331299,-102.154675,10.901226,11.560231,-303.135806,13.157077,8.321862,-299.483658,-12.758561,-9.639469,-299.483658,-12.758561,-9.639469,0,198,644
1745872836.889108,-3.095377,-0.388580,-2.455053,-3.268336,4.267718,-1.331299,-120.474831,18.618773,19.627287,-352.543992,27.050489,23.573894,-342.391618,-25.932499,-26.796150,-342.391618,-25.932499,-26.796150,0,0,0
1745872836.894068,-3.125478,-0.427063,-2.445654,-2.759991,4.178751,-1.026576,-104.724715,18.962793,29.632421,-296.914979,29.071037,51.485046,-273.275492,-28.237626,-57.072734,-273.275492,-28.237626,-57.072734,0,0,0
1745872836.899071,-3.125478,-0.427063,-2.445654,-2.759991,4.178751,-1.026576,-81.914134,16.877581,32.432468,-231.046697,25.397484,68.679730,-199.610363,-24.287472,-75.896636,-199.610363,-24.287472,-75.896636,0,0,0
1745872836.904067,-3.125478,-0.427063,-2.445654,-2.759991,4.178751,-1.026576,-57.473601,13.493406,30.228984,-162.626069,19.369035,72.649199,-129.427786,-18.195841,-80.150502,-129.427786,-18.195841,-80.150502,0,0,0
1745872836.909069,3.128929,-0.464792,-2.436789,-2.826091,4.195931,-0.832310,-36.575214,10.118575,29.892813,-100.628495,12.902511,80.298689,-60.449388,-13.918363,-89.638129,-60.449388,-13.918363,-89.638129,0,32,0
1745872836.914070,3.100781,-0.502422,-2.427542,-2.542933,4.245308,-0.793869,-11.938962,7.954397,26.958005,-32.933484,8.287538,81.385845,11.561105,-11.601179,-92.398702,11.561105,-11.601179,-92.398702,3693,364,0
1745872836.919071,3.100781,-0.502422,-2.427542,-2.542933,4.245308,-0.793869,5.105236,5.610797,21.797956,11.906693,4.139213,74.668453,52.806467,-7.182238,-84.933609,52.806467,-7.182238,-84.933609,4095,996,0
1745872836.924068,3.100781,-0.502422,-2.427542,-2.542933,4.245308,-0.793869,15.249508,3.442978,15.868524,37.272864,0.345158,62.564636,71.612763,-2.897507,-71.311191,71.612763,-2.897507,-71.311191,4095,1609,0
1745872836.929070,3.076631,-0.538481,-2.416223,-1.945628,4.136039,-0.907796,34.447128,-1.029917,7.377260,83.322714,-7.864596,44.028798,109.873529,4.989848,-51.772909,109.873529,4.989848,-51.772909,4095,2763,0
1745872836.934071,3.053873,-0.574989,-2.403057,-1.537631,4.079522,-0.933210,52.361327,-5.116817,0.481242,126.064056,-14.996018,31.118994,147.003917,12.212107,-38.504734,147.003917,12.212107,-38.504734,4095,3785,0
1745872836.939011,3.053873,-0.574989,-2.403057,-1.537631,4.079522,-0.933210,57.213453,-7.050447,-3.884920,136.992227,-18.315765,20.942692,151.551365,16.410609,-26.771702,151.551365,16.410609,-26.771702,4095,4095,0
1745872836.944077,3.041718,-0.609813,-2.388890,-0.244101,4.034174,-0.948565,85.469198,-8.571656,-6.634997,208.368811,-18.069938,21.746806,224.745073,15.811549,-28.594109,224.745073,15.811549,-28.594109,4095,4095,0
1745872836.949069,3.041718,-0.609813,-2.388890,-0.244101,4.034174,-0.948565,92.399708,-8.452775,-7.518159,226.378133,-17.887550,22.722018,243.419617,15.532833,-29.755635,243.419617,15.532833,-29.755635,4095,4095,0
1745872836.954069,3.041718,-0.609813,-2.388890,-0.244101,4.034174,-0.948565,85.492296,-7.343695,-7.158481,208.147312,-15.847134,20.161256,223.266522,13.757915,-26.399208,223.266522,13.757915,-26.399208,4095,4004,0
1745872836.959073,3.034164,-0.645922,-2.375174,0.208954,4.066538,-0.760950,81.747790,-4.947688,-1.452856,199.685714,-10.445352,33.981824,225.997393,6.741543,-43.711849,225.997393,6.741543,-43.711849,4095,3011,0
1745872836.964081,3.034164,-0.645922,-2.375174,0.208954,4.066538,-0.760950,69.339376,-2.823872,2.336157,169.071030,-6.689990,38.592146,198.534368,2.513503,-48.947730,198.534368,2.513503,-48.947730,4095,2413,0
1745872836.969074,3.036691,-0.680547,-2.363332,1.297767,3.948672,-0.583807,79.661819,-4.023111,8.771266,199.473561,-6.627097,59.996718,248.339653,0.308461,-77.661602,248.339653,0.308461,-77.661602,4095,2100,0
1745872836.974073,3.051287,-0.755594,-2.340358,1.663733,3.960704,-0.492103,85.425020,-3.996264,14.022948,212.052029,-6.332527,79.201706,286.901909,-0.835926,-109.155014,286.901909,-0.835926,-109.155014,4095,1904,0
1745872836.979077,3.051287,-0.755594,-2.340358,1.663733,3.960704,-0.492103,78.602114,-3.489403,15.628737,195.813505,-5.419682,80.410845,271.720317,-1.854096,-110.696357,271.720317,-1.854096,-110.696357,4095,1758,0
1745872836.984073,3.051287,-0.755594,-2.340358,1.663733,3.960704,-0.492103,64.667957,-2.742065,14.728161,160.360349,-3.884420,69.943525,226.315646,-2.439127,-96.183872,226.315646,-2.439127,-96.183872,4095,1675,0
1745872836.989089,3.058267,-0.790510,-2.329028,1.614737,3.911802,-0.587708,46.669618,-3.132538,9.997505,110.225721,-4.269393,45.674321,156.568253,0.453119,-65.205799,156.568253,0.453119,-65.205799,4095,2121,0
1745872836.994076,3.058267,-0.790510,-2.329028,1.614737,3.911802,-0.587708,29.645114,-2.993757,5.800969,65.867794,-3.661545,23.149621,89.482021,1.722104,-33.226164,89.482021,1.722104,-33.226164,4095,2301,0
1745872836.999074,3.064261,-0.824800,-2.316466,1.705898,3.858355,-0.668039,17.454150,-3.849034,0.462127,31.714161,-4.726682,-1.077830,30.946479,4.795823,1.045302,30.946479,4.795823,1.045302,4095,2736,2205
1745872837.004076,3.069108,-0.859469,-2.303563,1.594824,3.929938,-0.648451,4.875750,-2.164425,-2.494212,-0.539190,-1.816929,-17.467217,-20.600669,3.077162,26.483938,-20.600669,3.077162,26.483938,0,2492,4095
1745872837.009076,3.069108,-0.859469,-2.303563,1.594824,3.929938,-0.648451,-3.672092,-0.834417,-4.057177,-21.871326,0.703553,-27.182851,-53.388147,1.266920,41.606578,-53.388147,1.266920,41.606578,0,2236,4095
1745872837.014083,3.069108,-0.859469,-2.303563,1.594824,3.929938,-0.648451,-8.636322,0.110419,-4.549613,-34.036306,2.460125,-31.496978,-70.693311,-0.172604,48.392335,-70.693311,-0.172604,48.392335,0,1999,4095
1745872837.019077,3.073380,-0.894151,-2.291194,1.476646,3.893851,-0.582321,-13.600542,-0.190408,-2.684385,-43.317412,1.538905,-27.464434,-77.565303,0.336655,43.925711,-77.565303,0.336655,43.925711,0,2104,4095
1745872837.024078,3.078571,-0.928954,-2.280021,1.577186,3.859646,-0.472048,-12.617871,-1.195966,1.528432,-36.692505,-0.401848,-13.013083,-54.034935,1.220620,21.651138,-54.034935,1.220620,21.651138,0,2230,4095
1745872837.029078,3.078571,-0.928954,-2.280021,1.577186,3.859646,-0.472048,-10.450836,-1.685145,4.004453,-30.355551,-1.376087,-3.711616,-35.195693,1.607115,6.042671,-35.195693,1.607115,6.042671,0,2284,2912
1745872837.034075,3.078571,-0.928954,-2.280021,1.577186,3.859646,-0.472048,-7.801068,-1.788179,5.079940,-23.639762,-1.620101,1.224824,-21.867744,1.539745,-2.212274,-21.867744,1.539745,-2.212274,0,2275,1707
1745872837.039076,3.083685,-0.963666,-2.269917,1.447830,3.899482,-0.405525,-8.338182,-0.658183,6.768820,-22.914618,0.041511,7.463175,-12.192378,-0.473376,-13.055385,-12.192378,-0.473376,-13.055385,279,1956,156
1745872837.044078,3.088026,-0.998150,-2.260169,1.379612,3.891890,-0.384533,-9.327738,-0.048874,7.521826,-24.124817,0.943305,10.112659,-8.540031,-1.483398,-18.542944,-8.540031,-1.483398,-18.542944,802,1811,0
1745872837.049079,3.088026,-0.998150,-2.260169,1.379612,3.891890,-0.384533,-8.810224,0.342460,7.076068,-23.187028,1.649664,8.862160,-9.597754,-2.121790,-16.168662,-9.597754,-2.121790,-16.168662,650,1720,0
1745872837.054059,3.088026,-0.998150,-2.260169,1.379612,3.891890,-0.384533,-7.409187,0.547074,5.931846,-20.609589,2.034901,5.711034,-11.932971,-2.337759,-10.323532,-11.932971,-2.337759,-10.323532,316,1689,546
1745872837.059080,3.092223,-1.033006,-2.250003,1.390078,3.884864,-0.399408,-5.349025,0.437908,4.108257,-16.744872,1.815955,0.495473,-16.065408,-1.838193,-0.791139,-16.065408,-1.838193,-0.791139,0,1761,1910
1745872837.064085,3.095642,-1.067578,-2.239164,1.448553,3.851756,-0.403741,-1.959897,-0.496579,2.348454,-9.885883,0.163585,-4.170779,-17.468041,0.028171,8.655084,-17.468041,0.028171,8.655084,0,2061,3282
1745872837.069084,3.095642,-1.067578,-2.239164,1.448553,3.851756,-0.403741,0.421143,-1.025976,0.948953,-5.334519,-0.764827,-7.852031,-19.519396,1.124700,16.192131,-19.519396,1.124700,16.192131,0,2216,4095
1745872837.074078,3.095642,-1.067578,-2.239164,1.448553,3.851756,-0.403741,1.874107,-1.234959,-0.051438,-2.625953,-1.124302,-10.603137,-21.773132,1.610166,21.856633,-21.773132,1.610166,21.856633,0,2285,4095
1745872837.079080,3.103429,-1.136342,-2.218706,1.395090,3.817889,-0.318934,1.255207,-2.046282,1.399385,-2.062576,-2.830145,-5.333821,-13.316206,3.031595,12.406167,-13.316206,3.031595,12.406167,118,2486,3813
1745872837.084079,3.104915,-1.170592,-2.209608,1.019016,3.774868,-0.251843,-8.502064,-3.362241,3.788411,-20.715055,-5.557258,1.438655,-16.834835,5.500766,-4.213136,-16.834835,5.500766,-4.213136,0,2835,1421
1745872837.089109,3.104915,-1.170592,-2.209608,1.019016,3.774868,-0.251843,-13.664210,-3.785478,4.842056,-31.105805,-6.298717,3.120961,-23.187228,6.180039,-8.597978,-23.187228,6.180039,-8.597978,0,2932,793
1745872837.094080,3.105342,-1.204054,-2.200936,0.872809,3.764972,-0.218754,-18.771080,-3.826689,5.711959,-40.721939,-6.501386,5.496657,-25.808196,6.297902,-15.976151,-25.808196,6.297902,-15.976151,0,2948,0
1745872837.099083,3.105342,-1.204054,-2.200936,0.872809,3.764972,-0.218754,-19.741617,-3.386612,5.570831,-42.784118,-5.707340,4.631147,-30.197042,5.535746,-13.483740,-30.197042,5.535746,-13.483740,0,2840,94
1745872837.104080,3.105342,-1.204054,-2.200936,0.872809,3.764972,-0.218754,-17.936254,-2.693863,4.799311,-39.338121,-4.468651,2.546494,-32.291433,4.373424,-7.548672,-32.291433,4.373424,-7.548672,0,2676,943
1745872837.109080,3.101086,-1.238392,-2.192947,0.088759,3.851042,-0.135336,-33.806027,0.183048,5.767030,-70.524650,0.219503,5.068025,-55.881584,-0.424553,-15.491036,-55.881584,-0.424553,-15.491036,0,1963,0
1745872837.114082,3.094414,-1.272678,-2.186669,-0.126310,3.834591,-0.026958,-44.976531,1.577869,8.328914,-90.777357,2.732998,13.686365,-46.705393,-3.375428,-46.105644,-46.705393,-3.375428,-46.105644,0,1541,0
1745872837.119078,3.094414,-1.272678,-2.186669,-0.126310,3.834591,-0.026958,-46.525587,2.265779,8.927391,-93.730678,3.957447,15.338632,-44.475483,-4.676439,-51.528052,-44.475483,-4.676439,-51.528052,0,1354,0
1745872837.124079,3.094414,-1.272678,-2.186669,-0.126310,3.834591,-0.026958,-41.810126,2.424023,8.213362,-84.418766,4.217929,14.224487,-38.825396,-4.884086,-47.697254,-38.825396,-4.884086,-47.697254,0,1325,0
1745872837.129090,3.094414,-1.272678,-2.186669,-0.126310,3.834591,-0.026958,-33.687103,2.226614,6.752179,-68.444874,3.834476,11.488142,-31.687918,-4.372009,-38.453088,-31.687918,-4.372009,-38.453088,0,1398,0
1745872837.134083,3.084301,-1.343257,-2.187176,-0.515711,3.903511,0.376972,-33.969333,3.515338,14.885887,-61.993493,6.042771,51.060832,156.668671,-8.956609,-224.447420,156.668671,-8.956609,-224.447420,4095,742,0
1745872837.139085,3.091576,-1.377936,-2.198181,-0.342863,3.803954,0.477867,-25.755033,1.462200,20.694803,-43.107308,1.912599,77.861921,354.609021,-5.803002,-405.229244,354.609021,-5.803002,-405.229244,4095,1193,0
1745872837.144092,3.091576,-1.377936,-2.198181,-0.342863,3.803954,0.477867,-17.394909,-0.016847,21.832178,-26.411979,-0.838543,83.775059,402.249998,-3.350936,-436.759459,402.249998,-3.350936,-436.759459,4095,1544,0
1745872837.149025,3.091576,-1.377936,-2.198181,-0.342863,3.803954,0.477867,-10.081784,-0.936144,19.898217,-12.415510,-2.490381,78.265010,388.489546,-1.425681,-408.478206,388.489546,-1.425681,-408.478206,4095,1820,0
1745872837.154107,3.110082,-1.412432,-2.218907,-0.100227,3.768224,0.574782,1.989025,-2.313035,18.600369,12.267682,-5.793855,80.761473,518.861235,3.246520,-513.013131,518.861235,3.246520,-513.013131,4095,2516,0
1745872837.159087,3.110082,-1.412432,-2.218907,-0.100227,3.768224,0.574782,9.174772,-2.874026,15.494900,25.785711,-6.780769,70.640683,469.232393,4.551807,-449.066059,469.232393,4.551807,-449.066059,4095,2701,0
1745872837.164098,-3.130984,-1.445744,-2.256454,0.666161,3.756210,0.610180,31.454413,-3.175349,12.489425,70.202325,-10.057845,68.700322,615.829949,10.786082,-549.921866,615.829949,10.786082,-549.921866,4095,3584,0
1745872837.169087,-3.055776,-1.478957,-2.324676,0.955802,3.663611,0.643618,48.696816,-5.239445,9.886184,105.640935,-21.509627,81.992341,972.618402,28.458109,-870.646582,972.618402,28.458109,-870.646582,4095,4095,0
1745872837.174089,-3.055776,-1.478957,-2.324676,0.955802,3.663611,0.643618,53.687246,-5.909002,7.024937,115.004178,-22.786005,71.951503,872.171727,28.869181,-760.371941,872.171727,28.869181,-760.371941,4095,4095,0
1745872837.179087,-2.880699,-1.510642,-2.487688,1.527524,3.730836,0.786525,64.266620,-3.961640,7.856320,143.131916,-67.735068,200.288624,3066.054151,117.106207,-2928.218589,3066.054151,117.106207,-2928.218589,4095,4095,0
1745872837.184087,-2.880699,-1.510642,-2.487688,1.527524,3.730836,0.786525,63.090247,-2.244272,7.420244,140.918230,-64.701427,198.888470,3054.371927,113.814063,-2918.732894,3054.371927,113.814063,-2918.732894,4095,4095,0
1745872837.189103,-2.880699,-1.510642,-2.487688,1.527524,3.730836,0.786525,54.590312,-0.878744,6.231628,124.577214,-62.745287,194.209433,2971.347865,110.717189,-2851.929016,2971.347865,110.717189,-2851.929016,4095,4095,0
1745872837.194086,-2.389190,-1.536370,-2.961985,2.086430,3.608280,0.831526,56.216685,-2.906415,5.821288,137.373471,-344.778334,1326.435536,21413.103150,1158.184307,-21288.343895,21413.103150,1158.184307,-21288.343895,4095,4095,0
1745872837.199091,-2.389190,-1.536370,-2.961985,2.086430,3.608280,0.831526,50.382371,-3.841240,4.848951,126.474261,-347.609550,1322.612995,21264.996184,1157.638928,-21151.054790,21264.996184,1157.638928,-21151.054790,4095,4095,0
1745872837.204084,-0.783166,-1.514265,1.760380,2.718906,3.502335,0.941486,56.008151,-6.553104,6.332419,102.805936,-68.524039,115.765323,-2201.176724,33.113725,2307.669112,-2201.176724,33.113725,2307.669112,0,4095,4095
1745872837.209095,-0.783166,-1.514265,1.760380,2.718906,3.502335,0.941486,52.713259,-7.471301,6.497848,96.826140,-70.290502,116.386385,-2236.956316,32.300038,2337.516589,-2236.956316,32.300038,2337.516589,0,4095,4095
1745872837.214086,-0.577354,-1.484377,1.578687,2.707524,3.466521,0.951129,43.901755,-8.009869,6.041704,81.675867,-22.988469,68.350971,-724.224584,18.044270,808.919197,-724.224584,18.044270,808.919197,0,4095,4095
1745872837.219094,-0.577354,-1.484377,1.578687,2.707524,3.466521,0.951129,32.927615,-7.370836,5.011945,60.859715,-20.521560,63.491158,-682.496271,17.458790,746.140452,-682.496271,17.458790,746.140452,0,4095,4095
1745872837.224090,-0.469397,-1.452152,1.493426,2.509590,3.615997,0.956194,17.125725,-2.404998,3.872161,31.233501,-2.321697,35.011721,-239.522251,13.766902,272.672625,-239.522251,13.766902,272.672625,0,4006,4095
1745872837.229091,-0.406053,-1.418961,1.451022,2.337403,3.609101,0.995835,0.802021,0.865441,3.647644,0.597213,6.144637,17.527141,-88.773614,12.567980,90.410994,-88.773614,12.567980,90.410994,0,3836,4095
1745872837.234094,-0.406053,-1.418961,1.451022,2.337403,3.609101,0.995835,-9.624525,2.828591,3.058406,-19.700355,10.684490,13.242937,-71.629798,15.046482,52.533838,-71.629798,15.046482,52.533838,0,4095,4095
1745872837.239089,-0.362709,-1.385327,1.429015,2.397830,3.595172,1.033039,-13.549880,3.380749,3.222470,-26.828915,11.620682,4.765075,-28.598043,12.555318,1.799998,-28.598043,12.555318,1.799998,0,3834,2312
1745872837.244096,-0.362709,-1.385327,1.429015,2.397830,3.595172,1.033039,-14.378895,3.316648,2.931641,-28.494990,11.605636,3.571637,-24.345675,12.117808,-4.221718,-24.345675,12.117808,-4.221718,0,3772,1420
1745872837.249094,-0.362709,-1.385327,1.429015,2.397830,3.595172,1.033039,-13.139039,2.869515,2.388616,-26.170447,10.798853,1.974587,-15.588705,10.796868,-10.766388,-15.588705,10.796868,-10.766388,0,3585,483
1745872837.254091,-0.333544,-1.351487,1.420093,2.275284,3.595644,1.114632,-13.747526,2.247078,3.750820,-26.592253,8.283360,1.976793,-22.805385,8.474038,-3.879797,-22.805385,8.474038,-3.879797,0,3256,1468
1745872837.259094,-0.333544,-1.351487,1.420093,2.275284,3.595644,1.114632,-12.448848,1.577661,4.153984,-23.913810,6.888731,3.844706,-30.093842,7.767812,6.331688,-30.093842,7.767812,6.331688,0,3156,2953
1745872837.264091,-0.311211,-1.317507,1.417959,2.194934,3.569399,1.145180,-12.071063,0.318879,4.647857,-22.676227,3.542522,3.546901,-31.529874,4.458454,9.145448,-31.529874,4.458454,9.145448,0,2688,3351
1745872837.269089,-0.294926,-1.283921,1.419695,1.910147,3.585417,1.168477,-17.329849,-0.124400,4.962116,-32.910862,2.061110,2.851079,-40.127082,2.800838,7.523694,-40.127082,2.800838,7.523694,0,2453,3122
1745872837.274092,-0.294926,-1.283921,1.419695,1.910147,3.585417,1.168477,-18.535673,-0.389790,4.553057,-35.435084,1.693371,1.080122,-37.269837,1.934216,1.912929,-37.269837,1.934216,1.912929,0,2331,2328
1745872837.279088,-0.282666,-1.249697,1.423121,1.657451,3.622739,1.193173,-23.213791,0.404096,4.341687,-45.055970,2.787913,-1.473895,-38.462662,2.266181,-6.948450,-38.462662,2.266181,-6.948450,0,2378,1029
1745872837.284091,-0.274020,-1.215037,1.427668,1.382647,3.670393,1.233092,-30.070165,2.025625,4.654544,-59.242772,5.486948,-3.050027,-47.344529,4.456886,-12.693054,-47.344529,4.456886,-12.693054,0,2688,207
1745872837.289119,-0.274020,-1.215037,1.427668,1.382647,3.670393,1.233092,-30.721642,2.806521,4.279723,-60.747780,7.008741,-4.715444,-43.426360,5.471234,-18.478503,-43.426360,5.471234,-18.478503,0,2831,0
1745872837.294098,-0.274020,-1.215037,1.427668,1.382647,3.670393,1.233092,-27.360402,2.950345,3.520483,-54.142303,7.239052,-6.177749,-32.864499,5.297247,-22.699176,-32.864499,5.297247,-22.699176,0,2807,0
1745872837.299092,-0.268464,-1.180194,1.434048,1.239498,3.665631,1.293716,-25.393821,2.565727,4.092648,-50.068338,5.924178,-3.899060,-37.121960,4.677740,-14.000929,-37.121960,4.677740,-14.000929,0,2719,20
1745872837.304090,-0.268464,-1.180194,1.434048,1.239498,3.665631,1.293716,-21.042554,2.008350,3.954411,-41.066678,4.734892,-2.598251,-31.932414,3.876096,-9.878298,-31.932414,3.876096,-9.878298,0,2605,610
1745872837.309102,-0.268464,-1.180194,1.434048,1.239498,3.665631,1.293716,-15.699680,1.408286,3.381366,-30.174941,3.487620,-2.416645,-22.269408,2.721674,-8.549480,-22.269408,2.721674,-8.549480,0,2442,800
1745872837.314094,-0.262504,-1.110674,1.451529,1.265513,3.592206,1.463878,-9.776172,-0.937902,6.768159,-15.648818,-2.147568,10.616216,-37.460376,0.680904,24.343306,-37.460376,0.680904,24.343306,0,2153,4095
1745872837.319113,-0.262504,-1.110674,1.451529,1.265513,3.592206,1.463878,-4.805538,-2.316096,8.092858,-4.399950,-5.061298,17.537989,-41.225131,-0.336814,41.099615,-41.225131,-0.336814,41.099615,0,1975,4095
1745872837.324134,-0.260277,-1.075798,1.461827,1.236841,3.615968,1.514474,-1.777972,-2.315992,9.174815,3.066671,-5.394755,22.522425,-39.821532,0.583048,48.738291,-39.821532,0.583048,48.738291,0,2139,4095
1745872837.329100,-0.258381,-1.040897,1.472142,1.196712,3.601591,1.535605,-0.646105,-2.382854,9.244018,6.001768,-5.573633,23.486850,-35.193399,0.612634,47.742686,-35.193399,0.612634,47.742686,0,2143,4095
1745872837.334129,-0.258381,-1.040897,1.472142,1.196712,3.601591,1.535605,0.159914,-2.134193,8.157219,7.238789,-5.003300,20.191428,-28.268658,0.322005,41.150964,-28.268658,0.322005,41.150964,0,2102,4095
1745872837.339097,-0.256211,-1.005589,1.482289,1.208239,3.648275,1.567575,0.923362,-0.581556,7.259342,8.924815,-2.019124,17.250513,-18.193373,2.418359,32.112376,-18.193373,2.418359,32.112376,0,2399,4095
1745872837.344099,-0.254174,-0.970230,1.492891,1.225066,3.603601,1.623696,1.710902,-0.614380,7.177709,11.359627,-2.167922,17.339156,-13.936675,2.261595,30.661609,-13.936675,2.261595,30.661609,29,2377,4095
1745872837.349096,-0.254174,-0.970230,1.492891,1.225066,3.603601,1.623696,1.998773,-0.559859,6.246965,11.529779,-1.958568,14.417724,-9.561645,1.729640,25.564884,-9.561645,1.729640,25.564884,655,2302,4095
1745872837.354092,-0.254174,-0.970230,1.492891,1.225066,3.603601,1.623696,1.936370,-0.456894,4.894155,10.684637,-1.593497,9.919746,-3.917066,0.951983,17.698702,-3.917066,0.951983,17.698702,1463,2192,4095
1745872837.359095,-0.254174,-0.970230,1.492891,1.225066,3.603601,1.623696,1.659705,-0.335705,3.437682,9.298774,-1.173970,4.967407,1.848802,0.112784,9.030100,1.848802,0.112784,9.030100,2318,2073,3335
1745872837.364096,-0.251922,-0.935120,1.503917,1.239034,3.610632,1.686453,1.623636,-0.045623,3.633427,10.019058,-0.693476,5.599613,2.435184,0.724203,9.424821,2.435184,0.724203,9.424821,2401,2159,3391
1745872837.369098,-0.250354,-0.899993,1.515763,1.242077,3.573888,1.751909,1.476361,-0.757208,4.916227,11.154141,-2.179176,9.926403,-1.644882,0.347992,16.339406,-1.644882,0.347992,16.339406,1788,2106,4095
1745872837.374099,-0.248148,-0.864663,1.527591,1.256132,3.594216,1.786781,1.546675,-0.616120,5.979031,12.512388,-1.990884,13.350362,-3.235690,1.349070,20.697288,-3.235690,1.349070,20.697288,1561,2248,4095
1745872837.379114,-0.248148,-0.864663,1.527591,1.256132,3.594216,1.786781,1.401209,-0.450912,5.918430,12.127129,-1.676263,13.057776,-3.197773,1.582192,20.141118,-3.197773,1.582192,20.141118,1566,2281,4095
1745872837.384095,-0.248148,-0.864663,1.527591,1.256132,3.594216,1.786781,1.138416,-0.292056,5.155943,11.078144,-1.283631,10.469409,-1.191609,1.327071,16.125816,-1.191609,1.327071,16.125816,1853,2245,4095
1745872837.389118,-0.248148,-0.864663,1.527591,1.256132,3.594216,1.786781,0.831017,-0.154793,4.036899,9.728328,-0.885483,6.725249,1.829046,0.793423,10.381820,1.829046,0.793423,10.381820,2316,2169,3526
1745872837.394050,-0.245709,-0.829676,1.539333,1.295882,3.521716,1.781724,1.500186,-1.803019,2.730847,11.019793,-3.730466,3.246601,6.587164,-2.828706,6.008612,6.587164,-2.828706,6.008612,2989,1619,2907
1745872837.399108,-0.245709,-0.829676,1.539333,1.295882,3.521716,1.781724,1.753165,-2.657420,1.545358,11.004595,-5.159573,-0.236864,9.884244,-5.062222,1.518682,9.884244,-5.062222,1.518682,3456,1299,2272
1745872837.404123,-0.254251,-0.760682,1.560664,-0.159248,3.543198,1.701456,-34.061782,-2.332670,-1.359088,-80.133667,-2.710901,-21.287353,-61.173700,-7.977955,-27.501508,-61.173700,-7.977955,-27.501508,0,882,0
1745872837.409101,-0.269138,-0.726141,1.569119,-1.480145,3.548969,1.691625,-84.584703,-1.702804,-3.254518,-210.761441,0.016339,-47.996562,-169.671376,-12.746565,-61.883671,-169.671376,-12.746565,-61.883671,0,200,0
1745872837.414113,-0.269138,-0.726141,1.569119,-1.480145,3.548969,1.691625,-106.464560,-1.092885,-4.065437,-266.708543,1.908178,-62.588991,-212.680313,-14.802968,-81.369188,-212.680313,-14.802968,-81.369188,0,0,0
1745872837.419145,-0.269138,-0.726141,1.569119,-1.480145,3.548969,1.691625,-107.188916,-0.570921,-4.077503,-268.567876,2.891854,-63.091262,-213.877428,-13.988257,-82.366522,-213.877428,-13.988257,-82.366522,0,22,0
1745872837.424103,-0.297388,-0.690527,1.579275,-2.597071,3.566124,1.985469,-121.672575,0.240212,3.552656,-303.844173,4.398714,-40.838853,-270.518328,-7.761140,-52.321479,-270.518328,-7.761140,-52.321479,0,913,0
1745872837.429100,-0.334391,-0.653696,1.589947,-3.627035,3.609291,2.232563,-141.380205,1.786580,14.050038,-353.056043,6.190737,-13.614530,-341.647829,1.379633,-18.759654,-341.647829,1.379633,-18.759654,0,2252,0
1745872837.434103,-0.334391,-0.653696,1.589947,-3.627035,3.609291,2.232563,-136.546699,2.547430,18.979554,-337.796595,6.704090,3.239171,-338.455030,7.395829,1.082729,-338.455030,7.395829,1.082729,0,3104,2210
1745872837.439102,-0.379688,-0.613958,1.601411,-4.266527,3.722006,2.572162,-132.422156,5.476785,28.085888,-325.973008,9.709713,36.854800,-347.562764,22.677702,37.475248,-347.562764,22.677702,37.475248,0,4095,4095
1745872837.444098,-0.379688,-0.613958,1.601411,-4.266527,3.722006,2.572162,-113.609695,6.658469,30.405811,-274.882429,10.895274,53.211563,-306.870094,29.841142,55.523819,-306.870094,29.841142,55.523819,0,4095,4095
1745872837.449098,-0.423491,-0.574537,1.613652,-4.156146,3.602438,2.812421,-85.090248,3.662632,34.039045,-199.745116,2.931647,78.242769,-245.143858,34.826205,83.538654,-245.143858,34.826205,83.538654,0,4095,4095
1745872837.454105,-0.423491,-0.574537,1.613652,-4.156146,3.602438,2.812421,-56.583138,1.315282,32.165218,-123.877507,-2.267540,88.120290,-176.489136,34.145442,96.811154,-176.489136,34.145442,96.811154,0,4095,4095
1745872837.459102,-0.468014,-0.534732,1.625806,-4.199225,3.446132,2.933785,-32.719031,-4.153689,30.011065,-62.191175,-14.874794,93.940544,-115.822509,29.102726,105.239901,-115.822509,29.102726,105.239901,0,4095,4095
1745872837.464104,-0.507647,-0.497612,1.637293,-3.620182,3.090934,2.898303,0.590377,-15.813207,24.102258,24.940292,-38.289533,90.317421,-28.044485,10.444479,111.002812,-28.044485,10.444479,111.002812,0,3535,4095
1745872837.469110,-0.507647,-0.497612,1.637293,-3.620182,3.090934,2.898303,21.602127,-21.253464,17.405215,80.043917,-48.431862,83.672256,27.535386,-1.649173,110.005081,27.535386,-1.649173,110.005081,4095,1788,4095
1745872837.474102,-0.507647,-0.497612,1.637293,-3.620182,3.090934,2.898303,32.205643,-22.081009,11.050814,106.360139,-49.167155,72.031086,59.183531,-7.950775,98.834731,59.183531,-7.950775,98.834731,4095,886,4095
1745872837.479103,-0.544068,-0.462022,1.647838,-3.376272,2.924115,2.876095,40.963811,-23.991907,5.126610,128.058219,-53.447916,57.317919,89.860232,-16.061599,85.692093,89.860232,-16.061599,85.692093,4095,0,4095
1745872837.484110,-0.589011,-0.407382,1.662020,-2.712419,2.885672,3.011737,57.770023,-23.201468,4.074195,176.982807,-53.235010,55.929658,144.152951,-13.193297,82.860300,144.152951,-13.193297,82.860300,4095,136,4095
1745872837.489133,-0.589011,-0.407382,1.662020,-2.712419,2.885672,3.011737,61.309947,-19.840985,2.904648,186.452051,-46.271133,53.742843,156.076274,-8.617761,76.666374,156.076274,-8.617761,76.666374,4095,791,4095
1745872837.494131,-0.610482,-0.370319,1.671651,-1.813915,2.792377,3.182036,77.996200,-17.573910,5.983248,238.556394,-41.558485,61.210556,209.835844,1.037843,79.357625,209.835844,1.037843,79.357625,4095,2204,4095
1745872837.499114,-0.610482,-0.370319,1.671651,-1.813915,2.792377,3.182036,79.001860,-13.999767,7.194642,241.811381,-34.535199,63.818919,213.824185,8.287803,77.331300,213.824185,8.287803,77.331300,4095,3230,4095
1745872837.504106,-0.610482,-0.370319,1.671651,-1.813915,2.792377,3.182036,70.011189,-10.025377,7.086477,215.811110,-26.102793,59.175859,191.177592,12.535389,68.064766,191.177592,12.535389,68.064766,4095,3831,4095
1745872837.509121,-0.610482,-0.370319,1.671651,-1.813915,2.792377,3.182036,55.706710,-6.268742,6.148389,174.222305,-17.774768,50.454325,154.216618,14.359413,55.277627,154.216618,14.359413,55.277627,4095,4089,4095
1745872837.514130,-0.625116,-0.333093,1.683354,-0.987023,2.599789,3.425773,60.118883,-7.853540,10.782028,192.954636,-20.313446,58.054988,172.554082,17.501198,62.393175,172.554082,17.501198,62.393175,4095,4095,4095
1745872837.519121,-0.640566,-0.259471,1.707491,-0.307402,2.531679,3.425629,72.153628,-9.555228,12.375835,230.922418,-23.701121,56.330968,215.173318,14.663625,61.383494,215.173318,14.663625,61.383494,4095,4095,4095
1745872837.524109,-0.640566,-0.259471,1.707491,-0.307402,2.531679,3.425629,70.964428,-9.466030,11.874267,227.269183,-23.380196,54.777409,211.901642,13.992445,59.896335,211.901642,13.992445,59.896335,4095,4037,4095
1745872837.529108,-0.648312,-0.222668,1.718431,-0.712175,2.573535,3.380977,51.627233,-7.227889,9.011886,169.257549,-18.393919,41.423166,159.266503,10.351156,45.242562,159.266503,10.351156,45.242562,4095,3522,4095
1745872837.534111,-0.648312,-0.222668,1.718431,-0.712175,2.573535,3.380977,33.054709,-4.924785,6.094845,113.348299,-12.618485,29.410989,106.314881,7.701328,31.849505,106.314881,7.701328,31.849505,4095,3147,4095
1745872837.539108,-0.658503,-0.186129,1.728785,-0.930551,2.538902,3.349068,11.928983,-3.714997,2.724648,49.360178,-9.464369,16.123073,45.868290,2.380796,18.869363,45.868290,2.380796,18.869363,4095,2394,4095
1745872837.544066,-0.658503,-0.186129,1.728785,-0.930551,2.538902,3.349068,-2.779684,-2.504613,0.278422,4.910617,-6.167073,7.053857,3.149406,-0.561102,9.517180,3.149406,-0.561102,9.517180,2503,1943,3404
1745872837.549115,-0.669494,-0.149037,1.739042,-1.119306,2.535732,3.438186,-16.613490,-1.493663,0.868317,-35.886676,-4.437648,6.789217,-37.099531,0.733594,8.168173,-37.099531,0.733594,8.168173,0,2161,3213
1745872837.554109,-0.669494,-0.149037,1.739042,-1.119306,2.535732,3.438186,-23.182110,-0.679113,1.128659,-55.555995,-2.705775,6.083315,-56.524360,1.653544,6.521615,-56.524360,1.653544,6.521615,0,2291,2980
1745872837.559111,-0.682384,-0.111480,1.749645,-1.295495,2.514766,3.559949,-28.826904,-0.593528,4.139983,-71.446316,-3.598746,14.020859,-72.918458,6.049298,13.232863,-72.918458,6.049298,13.232863,0,2913,3930
1745872837.564111,-0.695764,-0.073737,1.760819,-1.403167,2.443828,3.643857,-31.500246,-2.204600,7.591756,-78.839897,-8.106236,23.495897,-80.555956,8.838156,23.293778,-80.555956,8.838156,23.293778,0,3308,4095
1745872837.569116,-0.695764,-0.073737,1.760819,-1.403167,2.443828,3.643857,-29.330488,-2.954372,8.846461,-72.176635,-9.985208,26.688048,-74.162659,9.442004,26.958286,-74.162659,9.442004,26.958286,0,3393,4095
1745872837.574108,-0.695764,-0.073737,1.760819,-1.403167,2.443828,3.643857,-24.371506,-3.065491,8.554659,-57.229928,-10.187318,26.479272,-59.213684,9.153052,26.927499,-59.213684,9.153052,26.927499,0,3352,4095
1745872837.579107,-0.695764,-0.073737,1.760819,-1.403167,2.443828,3.643857,-18.248582,-2.761088,7.323710,-38.852782,-9.309138,24.153462,-40.663081,8.336332,24.573004,-40.663081,8.336332,24.573004,0,3237,4095
1745872837.584106,-0.695764,-0.073737,1.760819,-1.403167,2.443828,3.643857,-12.139977,-2.230362,5.648022,-20.558591,-7.853230,20.769886,-22.108103,7.285057,21.033076,-22.108103,7.285057,21.033076,0,3088,4095
1745872837.589124,-0.708558,-0.035323,1.772015,-1.278692,2.444607,3.709787,-3.709834,-1.600167,5.511019,4.776097,-6.652552,20.086431,4.084159,8.019750,19.592947,4.084159,8.019750,19.592947,2635,3192,4095
1745872837.594166,-0.708558,-0.035323,1.772015,-1.278692,2.444607,3.709787,2.101555,-1.001735,4.740805,22.315199,-5.227651,18.462221,21.699608,8.044741,17.431094,21.699608,8.044741,17.431094,4095,3196,4095
1745872837.599114,-0.708558,-0.035323,1.772015,-1.278692,2.444607,3.709787,5.439371,-0.509095,3.684785,32.363047,-3.955528,16.117130,31.839633,7.484621,14.821015,31.839633,7.484621,14.821015,4095,3116,4095
1745872837.604112,-0.726704,0.077574,1.804813,-0.346100,2.309757,3.635958,29.758060,-3.433545,0.753113,104.371356,-8.107783,0.877091,104.841033,-5.476755,6.060626,104.841033,-5.476755,6.060626,4095,1240,2915
1745872837.609115,-0.726704,0.077574,1.804813,-0.346100,2.309757,3.635958,41.515494,-4.865207,-1.196088,140.026018,-10.651917,-4.232001,140.330283,-10.772691,3.926179,140.330283,-10.772691,3.926179,4095,482,2613
1745872837.614114,-0.728797,0.115240,1.815335,-0.377411,2.360026,3.661120,43.087934,-3.942099,-1.664525,144.329952,-8.591716,-7.671750,144.329826,-11.518392,-0.001101,144.329826,-11.518392,-0.001101,4095,375,2023
1745872837.619216,-0.730799,0.152767,1.826321,-0.413573,2.282546,3.691850,37.814594,-4.790467,-0.990719,128.507742,-10.650801,-7.096773,128.788652,-12.667873,1.845986,128.788652,-12.667873,1.845986,4095,211,2318
1745872837.624116,-0.730799,0.152767,1.826321,-0.413573,2.282546,3.691850,30.004063,-4.714922,-0.463262,104.998915,-10.711564,-4.541418,105.579039,-11.007509,3.812265,105.579039,-11.007509,3.812265,4095,449,2596
1745872837.629112,-0.733959,0.190819,1.837304,-0.610924,2.353289,3.717786,16.496675,-2.368322,0.570102,63.634986,-6.515649,-0.242733,64.443213,-5.000640,4.261388,64.443213,-5.000640,4.261388,4095,1308,2660
1745872837.634115,-0.737859,0.229034,1.848180,-0.717012,2.347314,3.699690,3.318840,-0.738151,0.711324,23.661163,-3.538222,2.757218,24.691636,-0.763172,4.538800,24.691636,-0.763172,4.538800,4095,1914,2699
1745872837.639120,-0.737859,0.229034,1.848180,-0.717012,2.347314,3.699690,-5.425487,0.383762,0.713399,-2.240330,-1.302716,4.784877,-1.210684,2.254918,4.535155,-1.210684,2.254918,4.535155,1850,2376,2699
1745872837.644113,-0.737859,0.229034,1.848180,-0.717012,2.347314,3.699690,-10.276274,1.044370,0.627355,-16.585325,0.039388,5.701923,-15.607971,3.864857,4.304832,-15.607971,3.864857,4.304832,0,2604,2666
1745872837.649132,-0.741986,0.266727,1.859102,-0.749681,2.299271,3.710370,-12.904361,0.154708,0.758261,-24.217229,-2.125865,7.237310,-22.367033,3.323599,7.019607,-22.367033,3.323599,7.019607,0,2527,3050
1745872837.654120,-0.741986,0.266727,1.859102,-0.749681,2.299271,3.710370,-12.970259,-0.422460,0.747376,-24.421224,-3.366215,7.364085,-22.316475,2.494970,7.985377,-22.316475,2.494970,7.985377,0,2410,3187
1745872837.659116,-0.745715,0.304618,1.869994,-0.723454,2.314883,3.694959,-10.786374,-0.354759,0.271936,-18.260589,-3.111181,5.661908,-16.289226,1.556107,6.572782,-16.289226,1.556107,6.572782,0,2277,2987
1745872837.664116,-0.747171,0.342320,1.881002,-0.497985,2.261913,3.697793,-2.559691,-1.566172,0.007075,5.918284,-5.079937,1.076686,7.429928,-2.995035,4.503315,7.429928,-2.995035,4.503315,3109,1595,2694
1745872837.669116,-0.750740,0.380350,1.891920,-0.843688,2.292166,3.718146,-5.512335,-1.399376,0.337339,-3.085902,-5.617424,4.820899,-0.144415,-0.818651,7.923299,-0.144415,-0.818651,7.923299,2003,1906,3178
1745872837.674116,-0.750740,0.380350,1.891920,-0.843688,2.292166,3.718146,-6.704343,-1.122466,0.504876,-6.557298,-5.097624,5.639542,-3.518261,0.119881,8.186060,-3.518261,0.119881,8.186060,1520,2074,3216
1745872837.679123,-0.750740,0.380350,1.891920,-0.843688,2.292166,3.718146,-6.636998,-0.809354,0.549071,-6.372319,-4.430084,5.644340,-3.513951,0.611248,7.699407,-3.513951,0.611248,7.699407,1521,2143,3147
1745872837.684110,-0.750740,0.380350,1.891920,-0.843688,2.292166,3.718146,-5.782455,-0.513182,0.509709,-3.900464,-3.754072,5.134273,-1.375590,0.757580,6.801094,-1.375590,0.757580,6.801094,1827,2164,3020
1745872837.689145,-0.754958,0.418007,1.903030,-1.040051,2.279644,3.649606,-9.368944,-0.569663,-1.268965,-14.267885,-3.986888,3.631167,-11.879674,-0.415363,5.883169,-11.879674,-0.415363,5.883169,324,1964,2890
1745872837.694117,-0.761129,0.455515,1.914029,-1.261773,2.264312,3.691733,-15.855614,-0.908498,-1.195087,-32.258872,-5.526945,8.150369,-27.500471,1.619800,10.816389,-27.500471,1.619800,10.816389,0,2286,3588
1745872837.699112,-0.761129,0.455515,1.914029,-1.261773,2.264312,3.691733,-18.057293,-1.013736,-1.002609,-38.509735,-5.885216,9.671848,-33.090614,2.409815,12.318282,-33.090614,2.409815,12.318282,0,2398,3800
1745872837.704116,-0.769107,0.493035,1.925482,-1.554973,2.235130,3.698166,-24.430564,-1.671819,-0.600066,-56.196681,-8.378680,15.856723,-46.944022,5.007895,19.549185,-46.944022,5.007895,19.549185,0,2766,4095
1745872837.709120,-0.769107,0.493035,1.925482,-1.554973,2.235130,3.698166,-25.462619,-1.882774,-0.271929,-59.215986,-8.957652,17.224088,-49.219087,5.542879,21.121629,-49.219087,5.542879,21.121629,0,2841,4095
1745872837.714117,-0.769107,0.493035,1.925482,-1.554973,2.235130,3.698166,-22.994264,-1.785289,-0.031376,-52.517788,-8.700226,16.574900,-42.867711,5.276342,20.388855,-42.867711,5.276342,20.388855,0,2804,4095
1745872837.719117,-0.782350,0.530587,1.936739,-2.263605,2.188829,3.666324,-35.977374,-2.639335,-0.655374,-87.830787,-12.670151,26.168100,-71.701228,9.460724,31.874121,-71.701228,9.460724,31.874121,0,3396,4095
1745872837.724118,-0.800981,0.567633,1.947357,-2.881721,2.175582,3.628982,-54.928973,-3.180867,-1.884848,-138.000598,-16.354166,37.262766,-113.975884,15.373594,44.685702,-113.975884,15.373594,44.685702,0,4095,4095
1745872837.729119,-0.828265,0.605412,1.957165,-3.853196,2.155203,3.685160,-83.993992,-3.633055,-1.054824,-213.849267,-22.374046,61.522018,-173.649518,30.198609,70.637245,-173.649518,30.198609,70.637245,0,4095,4095
1745872837.734117,-0.828265,0.605412,1.957165,-3.853196,2.155203,3.685160,-92.073412,-3.473844,-0.401136,-235.524162,-22.580821,67.656842,-192.348029,34.578686,75.867217,-192.348029,34.578686,75.867217,0,4095,4095
1745872837.739120,-0.828265,0.605412,1.957165,-3.853196,2.155203,3.685160,-85.909761,-2.947372,0.062060,-219.494051,-21.216780,65.259816,-178.135219,33.734958,72.673936,-178.135219,33.734958,72.673936,0,4095,4095
1745872837.744118,-0.863202,0.643147,1.966320,-4.605572,2.152517,3.712481,-89.915529,-2.319406,1.016189,-228.017221,-24.004586,74.440969,-178.082378,40.966629,83.264050,-178.082378,40.966629,83.264050,0,4095,4095
1745872837.749121,-0.863202,0.643147,1.966320,-4.605572,2.152517,3.712481,-81.434947,-1.637635,1.495777,-206.263101,-22.146502,70.615530,-159.250031,39.267338,78.392127,-159.250031,39.267338,78.392127,0,4095,4095
1745872837.754119,-0.898296,0.681421,1.976669,-4.547794,1.989258,3.892397,-64.686927,-5.004117,6.021159,-162.203176,-30.482224,74.187014,-105.383812,39.045294,90.204125,-105.383812,39.045294,90.204125,0,4095,4095
1745872837.759129,-0.898296,0.681421,1.976669,-4.547794,1.989258,3.892397,-46.129253,-6.525279,8.152540,-116.283884,-33.456283,69.081830,-60.156914,33.199008,89.104908,-60.156914,33.199008,89.104908,0,4095,4095
1745872837.764137,-0.898296,0.681421,1.976669,-4.547794,1.989258,3.892397,-28.731250,-6.684099,8.496848,-72.189657,-32.963205,59.736882,-21.096735,26.195929,81.113056,-21.096735,26.195929,81.113056,0,4095,4095
1745872837.769126,-0.933752,0.720988,1.987050,-4.782462,2.001460,4.061978,-19.997743,-5.667505,11.818404,-51.561345,-33.652650,64.364810,5.858452,31.722765,86.982923,5.858452,31.722765,86.982923,2886,4095,4095
1745872837.774118,-0.967829,0.760379,1.997986,-4.430402,1.716494,4.043507,-3.410530,-11.303262,12.028829,-10.492646,-44.368102,54.267982,53.539243,19.537479,92.908084,53.539243,19.537479,92.908084,4095,4095,4095
1745872837.779136,-0.967829,0.760379,1.997986,-4.430402,1.716494,4.043507,7.556914,-13.499969,10.686177,17.034213,-48.551343,44.595504,79.126081,9.198411,90.093181,79.126081,9.198411,90.093181,4095,3359,4095
1745872837.784118,-0.967829,0.760379,1.997986,-4.430402,1.716494,4.043507,13.510966,-13.224272,8.534961,32.926148,-47.068701,35.275393,88.829186,2.362634,81.113400,88.829186,2.362634,81.113400,4095,2391,4095
1745872837.789150,-0.999302,0.798462,2.008990,-4.399698,1.617369,3.990326,16.416196,-13.867286,4.799698,40.533860,-48.266198,22.909136,94.924423,-6.837934,75.934383,94.924423,-6.837934,75.934383,4095,1045,4095
1745872837.794122,-1.027825,0.836835,2.020189,-3.830511,1.497727,4.099528,30.082626,-15.483263,4.542730,72.153943,-49.895673,11.738671,126.234362,-15.729824,72.832952,126.234362,-15.729824,72.832952,4095,0,4095
1745872837.799124,-1.062114,0.910925,2.042065,-2.386979,1.324978,4.017516,70.513022,-18.861005,1.815119,161.740193,-49.897790,-25.235872,202.067014,-46.342234,51.042027,202.067014,-46.342234,51.042027,4095,0,4095
1745872837.804123,-1.062114,0.910925,2.042065,-2.386979,1.324978,4.017516,87.425198,-18.684792,-0.131105,201.061443,-48.049081,-40.710278,229.594100,-58.957011,36.114046,229.594100,-58.957011,36.114046,4095,0,4095
1745872837.809137,-1.062114,0.910925,2.042065,-2.386979,1.324978,4.017516,87.418267,-16.278185,-1.349832,201.915047,-42.009594,-44.581930,221.219176,-59.397072,24.433413,221.219176,-59.397072,24.433413,4095,0,4095
1745872837.814125,-1.068227,0.947815,2.055314,-1.796876,1.195233,4.006837,91.123737,-15.941794,-2.211435,207.127560,-38.135008,-50.800585,219.585456,-62.887803,15.339546,219.585456,-62.887803,15.339546,4095,0,4095
1745872837.819132,-1.068227,0.947815,2.055314,-1.796876,1.195233,4.006837,82.326262,-13.776932,-2.488355,187.963706,-33.402099,-46.909031,197.257438,-57.197707,11.443475,197.257438,-57.197707,11.443475,4095,0,3677
1745872837.824126,-1.073812,0.985019,2.068101,-1.799911,1.292036,3.975173,66.619073,-8.355541,-3.132818,150.088864,-21.446405,-39.426944,150.170351,-44.882394,0.097789,150.170351,-44.882394,0.097789,4095,0,2071
1745872837.829124,-1.081353,1.021972,2.079789,-1.997318,1.335113,3.956884,43.687603,-2.844673,-3.605808,98.413750,-10.419787,-27.265053,92.490840,-28.962695,-6.942497,92.490840,-28.962695,-6.942497,4095,0,1030
1745872837.834121,-1.081353,1.021972,2.079789,-1.997318,1.335113,3.956884,23.840400,0.988304,-3.463654,56.380490,-2.441601,-16.798101,46.989605,-15.973797,-11.007459,46.989605,-15.973797,-11.007459,4095,0,449
1745872837.839134,-1.081353,1.021972,2.079789,-1.997318,1.335113,3.956884,8.315782,3.300078,-2.948296,23.236997,2.054330,-7.302206,14.657679,-5.479078,-10.056187,14.657679,-5.479078,-10.056187,4095,1240,585
1745872837.844124,-1.088281,1.058769,2.092802,-2.048524,1.251384,3.935040,-3.720558,2.302159,-2.796874,-2.461713,-1.011470,0.088708,-0.794253,-0.390750,1.912767,-0.794253,-0.390750,1.912767,1910,1968,2328
1745872837.849130,-1.088281,1.058769,2.092802,-2.048524,1.251384,3.935040,-10.907789,1.386691,-2.358344,-17.739124,-3.770560,5.359126,-7.371664,2.997707,11.892659,-7.371664,2.997707,11.892659,969,2481,3740
1745872837.854125,-1.098023,1.095505,2.104573,-2.272649,1.343502,3.906333,-19.590619,2.893978,-2.495364,-35.796118,-2.037641,9.565052,-23.807848,7.587996,13.482697,-23.807848,7.587996,13.482697,0,3131,3965
1745872837.859133,-1.098023,1.095505,2.104573,-2.272649,1.343502,3.906333,-22.697423,3.495425,-2.276419,-42.226308,-0.825889,11.637190,-30.500883,9.984620,13.187087,-30.500883,9.984620,13.187087,0,3470,3923
1745872837.864127,-1.098023,1.095505,2.104573,-2.272649,1.343502,3.906333,-21.874280,3.446195,-1.859421,-40.755000,-0.986045,12.454075,-28.029724,10.638970,14.311576,-28.029724,10.638970,14.311576,0,3563,4083
1745872837.869158,-1.107936,1.132624,2.116495,-2.315536,1.335518,3.928872,-19.713997,2.793796,-0.809184,-36.394906,-2.947659,14.286744,-17.151141,11.467318,21.251419,-17.151141,11.467318,21.251419,0,3680,4095
1745872837.874127,-1.118896,1.169289,2.128295,-2.414868,1.307827,3.839882,-18.371294,1.370611,-2.222307,-32.967298,-6.420887,9.345872,-9.749807,5.603879,25.223432,-9.749807,5.603879,25.223432,629,2850,4095
1745872837.879134,-1.118896,1.169289,2.128295,-2.414868,1.307827,3.839882,-15.273879,0.294430,-2.854029,-26.639662,-8.706187,6.313581,-1.698614,1.878037,27.095900,-1.698614,1.878037,27.095900,1781,2323,4095
1745872837.884127,-1.118896,1.169289,2.128295,-2.414868,1.307827,3.839882,-11.449955,-0.420143,-2.902690,-19.115517,-10.193623,4.618497,7.233833,-0.296420,28.625878,7.233833,-0.296420,28.625878,3081,1981,4095
1745872837.889205,-1.129453,1.205139,2.140369,-2.416329,1.265200,3.814143,-7.602858,-1.888440,-3.213798,-11.490580,-13.433000,1.980307,22.441387,-3.947421,36.334053,22.441387,-3.947421,36.334053,4095,1459,4095
1745872837.894126,-1.161801,1.276377,2.158854,-3.117704,1.352959,3.697611,-21.239347,-0.435778,-5.819619,-37.136150,-14.241228,-1.850182,3.528525,-7.361144,42.493118,3.528525,-7.361144,42.493118,2556,970,4095
1745872837.899135,-1.161801,1.276377,2.158854,-3.117704,1.352959,3.697611,-27.508123,0.557899,-6.804862,-48.541870,-11.969977,-2.894891,-16.119691,-7.416438,33.880006,-16.119691,-7.416438,33.880006,0,962,4095
1745872837.904152,-1.161801,1.276377,2.158854,-3.117704,1.352959,3.697611,-28.089792,1.118332,-6.590711,-49.677448,-10.671460,-2.158540,-20.218608,-6.224416,30.783425,-20.218608,-6.224416,30.783425,0,1133,4095
1745872837.909139,-1.188404,1.316880,2.167970,-3.475715,1.247369,3.613317,-33.759805,-1.247250,-7.708092,-59.639429,-18.047425,-4.596246,-1.728556,-10.998518,59.829231,-1.728556,-10.998518,59.829231,1776,450,4095
1745872837.914134,-1.218232,1.351620,2.173545,-4.076865,1.232417,3.683548,-47.947234,-2.960948,-5.756899,-86.012073,-26.906669,4.200459,33.859988,-5.348939,122.810067,33.859988,-5.348939,122.810067,4095,1258,4095
1745872837.919134,-1.218232,1.351620,2.173545,-4.076865,1.232417,3.683548,-51.066180,-3.684055,-3.816594,-92.278938,-29.252352,11.128767,48.215726,0.343233,143.938120,48.215726,0.343233,143.938120,4095,2105,4095
1745872837.924131,-1.256797,1.386327,2.173786,-4.373065,1.264366,3.617315,-54.038785,-2.907899,-3.744516,-97.412735,-29.310793,6.037473,61.986459,-3.310811,162.150286,61.986459,-3.310811,162.150286,4095,1550,4095
1745872837.929137,-1.256797,1.386327,2.173786,-4.373065,1.264366,3.617315,-49.298924,-2.059461,-3.239822,-88.905909,-27.030692,6.364843,59.412869,-2.295203,150.878632,59.412869,-2.295203,150.878632,4095,1695,4095
1745872837.934132,-1.256797,1.386327,2.173786,-4.373065,1.264366,3.617315,-40.269342,-1.272042,-2.524570,-72.685906,-24.725449,6.377159,63.902790,-1.571481,138.946098,63.902790,-1.571481,138.946098,4095,1799,4095
1745872837.939132,-1.310762,1.420876,2.163874,-5.069726,1.270442,3.650415,-46.690444,-0.468689,-0.951492,-84.550950,-26.533858,4.966962,93.656131,-2.022240,180.228718,93.656131,-2.022240,180.228718,4095,1734,4095
1745872837.944150,-1.384140,1.455726,2.138882,-5.474834,1.214200,3.693872,-54.987058,-1.284112,1.232668,-99.899564,-28.993339,1.107963,148.369929,-4.291700,249.922316,148.369929,-4.291700,249.922316,4095,1410,4095
1745872837.949139,-1.384140,1.455726,2.138882,-5.474834,1.214200,3.693872,-53.450621,-1.638574,2.452859,-97.361916,-29.988559,4.659796,165.071287,-0.986249,264.180319,165.071287,-0.986249,264.180319,4095,1883,4095
1745872837.954132,-1.384140,1.455726,2.138882,-5.474834,1.214200,3.693872,-45.953474,-1.663141,2.926500,-84.133215,-29.870733,5.027415,177.888512,-0.603151,263.766103,177.888512,-0.603151,263.766103,4095,1937,4095
1745872837.959130,-1.748197,1.524207,1.880736,-6.025672,1.149475,3.827915,-49.074938,-3.060402,6.151264,-102.397261,62.420205,-187.834381,-709.248516,-195.901855,-607.510449,-709.248516,-195.901855,-607.510449,0,0,0
1745872837.964133,-2.640953,1.549094,1.040761,-5.870274,0.957205,3.859245,-41.228779,-8.284316,8.208077,-88.498418,792.527791,-2963.024131,102142.348984,-2117.476957,102254.926846,102142.348984,-2117.476957,102254.926846,4095,0,4095
1745872837.969145,-2.640953,1.549094,1.040761,-5.870274,0.957205,3.859245,-31.194568,-10.574731,8.502183,-69.391263,787.359179,-2962.836544,102268.170222,-2112.852619,102361.666064,102268.170222,-2112.852619,102361.666064,4095,0,4095
1745872837.974101,-2.640953,1.549094,1.040761,-5.870274,0.957205,3.859245,-21.127017,-10.719384,7.651349,-50.351103,786.106947,-2966.137342,102448.309652,-2113.338405,102522.803279,102448.309652,-2113.338405,102522.803279,4095,0,4095
1745872837.979133,2.392101,1.533843,-0.155542,-6.122715,0.937803,3.796106,-18.281623,-9.980932,4.610679,-6.857062,113.651048,406.735062,-5966.168334,-360.291725,-5963.382487,-5966.168334,-360.291725,-5963.382487,0,0,0
1745872837.984133,2.053969,1.502260,-0.438895,-6.089286,0.769702,3.723475,-13.425224,-12.405723,0.357158,-13.208767,-30.720097,55.523999,-785.306338,-34.895605,-773.914463,-785.306338,-34.895605,-773.914463,0,0,0
1745872837.989297,2.053969,1.502260,-0.438895,-6.089286,0.769702,3.723475,-8.554712,-12.420344,-2.466477,-4.231028,-29.687273,46.119526,-699.353543,-27.047548,-696.758269,-699.353543,-27.047548,-696.758269,0,0,0
1745872837.994144,2.053969,1.502260,-0.438895,-6.089286,0.769702,3.723475,-4.649403,-10.905630,-3.819787,3.000313,-25.405051,41.092420,-602.855540,-24.585403,-607.281546,-602.855540,-24.585403,-607.281546,0,0,0
1745872837.999136,1.913436,1.468739,-0.524362,-6.075451,0.714532,3.718982,-1.185118,-9.963476,-4.368883,3.239182,-44.247334,8.526299,-431.665093,6.835318,-437.179061,-431.665093,6.835318,-437.179061,0,3024,0
1745872838.004135,1.823482,1.434878,-0.561172,-5.916675,0.631424,3.779770,5.043850,-10.183716,-2.693703,11.733720,-50.251717,4.411386,-352.102393,8.291908,-367.222898,-352.102393,8.291908,-367.222898,0,3231,0
1745872838.009137,1.823482,1.434878,-0.561172,-5.916675,0.631424,3.779770,8.368520,-9.075586,-1.303432,17.478664,-47.505063,7.955373,-333.390246,4.173784,-354.134990,-333.390246,4.173784,-354.134990,0,2648,0
1745872838.014136,1.754635,1.400113,-0.577354,-5.877659,0.551359,3.836239,10.400474,-9.224464,1.118218,19.283852,-50.577509,9.636306,-279.432392,-0.228093,-303.120909,-279.432392,-0.228093,-303.120909,0,1991,0
1745872838.019138,1.754635,1.400113,-0.577354,-5.877659,0.551359,3.836239,10.412318,-8.188422,2.514102,19.040258,-48.074444,13.765859,-269.778211,-4.745633,-293.077188,-269.778211,-4.745633,-293.077188,0,1345,0
1745872838.024132,1.754635,1.400113,-0.577354,-5.877659,0.551359,3.836239,9.145157,-6.531918,3.087626,16.696529,-43.932632,15.599880,-250.442054,-7.305894,-271.077626,-250.442054,-7.305894,-271.077626,0,978,0
1745872838.029141,1.699088,1.365023,-0.581093,-5.710895,0.515957,3.867993,11.313062,-5.548822,3.852523,19.234801,-41.749828,12.466830,-186.783410,-7.022921,-210.458195,-186.783410,-7.022921,-210.458195,0,1019,0
1745872838.034136,1.651830,1.329753,-0.579138,-5.361161,0.435439,3.889087,19.852521,-6.219629,4.378604,34.123926,-41.975134,8.161275,-138.756595,-4.736826,-178.027401,-138.756595,-4.736826,-178.027401,0,1346,0
1745872838.039140,1.651830,1.329753,-0.579138,-5.361161,0.435439,3.889087,22.833496,-5.883119,4.175821,39.627858,-41.057170,6.659450,-129.036148,-3.314233,-173.685354,-129.036148,-3.314233,-173.685354,0,1549,0
1745872838.044207,1.651830,1.329753,-0.579138,-5.361161,0.435439,3.889087,21.906049,-4.936779,3.527212,38.139386,-38.594443,4.950428,-119.976455,-1.810165,-162.823156,-119.976455,-1.810165,-162.823156,0,1765,0
1745872838.049214,1.609646,1.294652,-0.577742,-4.682030,0.214266,3.853021,35.269751,-9.161510,1.800353,64.084360,-45.918305,-6.109227,-96.991314,7.888065,-167.418532,-96.991314,7.888065,-167.418532,0,3173,0
1745872838.054243,1.575250,1.259971,-0.571518,-4.291826,0.263296,3.873839,49.016349,-9.504745,0.994969,89.923972,-45.041351,-17.440674,-50.044602,17.641085,-147.013245,-50.044602,17.641085,-147.013245,0,4095,0
1745872838.059216,1.575250,1.259971,-0.571518,-4.291826,0.263296,3.873839,51.588509,-8.554220,0.370438,94.966742,-42.579553,-20.231960,-37.299744,20.421380,-138.923509,-37.299744,20.421380,-138.923509,0,4095,0
1745872838.064238,1.575250,1.259971,-0.571518,-4.291826,0.263296,3.873839,46.922236,-6.899121,-0.074615,86.404377,-38.295829,-19.812170,-32.533018,19.982518,-124.923559,-32.533018,19.982518,-124.923559,0,4095,0
1745872838.069219,1.530268,1.192264,-0.558990,-2.613106,0.130718,3.770424,79.221606,-8.252759,-2.868322,152.209301,-33.912635,-44.906487,62.435007,43.495578,-96.613756,62.435007,43.495578,-96.613756,4095,4095,0
1745872838.074194,1.512591,1.152838,-0.552236,-2.225132,0.065661,3.737286,99.492840,-9.692874,-5.095157,196.008968,-36.235995,-63.421789,106.250623,61.206431,-98.212545,106.250623,61.206431,-98.212545,4095,4095,0
1745872838.079188,1.512591,1.152838,-0.552236,-2.225132,0.065661,3.737286,100.278046,-9.429115,-5.891716,197.922997,-35.587515,-66.053117,109.277645,63.871027,-96.994721,109.277645,63.871027,-96.994721,4095,4095,0
1745872838.084172,1.512591,1.152838,-0.552236,-2.225132,0.065661,3.737286,88.541178,-8.112307,-5.676034,174.784107,-32.060047,-59.851539,94.880088,57.885155,-87.430055,94.880088,57.885155,-87.430055,4095,4095,0
1745872838.089408,1.499484,1.119170,-0.545564,-2.151860,0.084534,3.778363,71.292396,-5.714949,-3.753002,142.027617,-25.427427,-48.194764,82.660520,46.260507,-65.982627,82.660520,46.260507,-65.982627,4095,4095,0
1745872838.094210,1.487918,1.084576,-0.536542,-2.168885,0.164143,3.884245,52.279826,-1.771499,0.296713,103.007101,-15.030265,-28.752144,70.164253,27.409202,-37.148122,70.164253,27.409202,-37.148122,4095,4095,0
1745872838.099235,1.487918,1.084576,-0.536542,-2.168885,0.164143,3.884245,33.321140,1.088221,2.983333,63.061457,-7.271806,-11.178983,47.599568,10.538630,-17.488743,47.599568,10.538630,-17.488743,4095,3549,0
1745872838.104173,1.477945,1.049149,-0.527051,-1.972377,0.152767,3.988081,22.259910,2.455294,6.800696,38.843627,-2.694221,4.815427,34.953010,-5.044487,-4.487451,34.953010,-5.044487,-4.487451,4095,1302,1382
1745872838.109230,1.477945,1.049149,-0.527051,-1.972377,0.152767,3.988081,12.339758,3.044297,8.452183,17.404168,-0.947069,14.832809,18.156284,-14.856725,0.867493,18.156284,-14.856725,0.867493,4095,0,2180
1745872838.114170,1.469377,1.013203,-0.517092,-1.904341,0.215031,4.042625,6.372114,4.541367,9.754277,3.559761,3.483634,21.416268,12.594430,-20.953517,10.647423,12.594430,-20.953517,10.647423,3840,0,3564
1745872838.119179,1.469377,1.013203,-0.517092,-1.904341,0.215031,4.042625,1.754775,4.955235,9.410470,-5.989789,4.604662,23.145733,5.114098,-22.560596,13.086011,5.114098,-22.560596,13.086011,2781,0,3909
1745872838.124141,1.469377,1.013203,-0.517092,-1.904341,0.215031,4.042625,-1.350765,4.610853,8.048881,-11.757217,3.691844,21.216635,-2.422792,-20.733829,11.000687,-2.422792,-20.733829,11.000687,1677,0,3614
1745872838.129141,1.463365,0.976806,-0.506319,-1.583804,0.231181,4.068930,4.681400,4.225857,6.844663,1.194802,4.078388,14.881087,9.561562,-14.357989,10.096078,9.561562,-14.357989,10.096078,3410,0,3486
1745872838.134144,1.458352,0.940985,-0.495677,-1.522101,0.237680,4.040066,9.438149,3.623589,4.536113,12.882377,2.667309,5.723546,17.400178,-5.388107,5.590379,17.400178,-5.388107,5.590379,4095,1253,2848
1745872838.139144,1.458352,0.940985,-0.495677,-1.522101,0.237680,4.040066,11.288005,2.798707,2.520813,18.175880,0.393843,-0.729824,18.600485,0.769407,0.525412,18.600485,0.769407,0.525412,4095,2166,2131
1745872838.144143,1.458352,0.940985,-0.495677,-1.522101,0.237680,4.040066,11.074916,1.934318,0.937782,18.680711,-1.922578,-4.802871,15.320025,4.556811,-4.158553,15.320025,4.556811,-4.158553,4095,2702,1429
1745872838.149156,1.458352,0.940985,-0.495677,-1.522101,0.237680,4.040066,9.579811,1.148533,-0.181450,16.089789,-3.988477,-6.878814,9.592840,6.387834,-8.039400,9.592840,6.387834,-8.039400,3415,2961,873
1745872838.154154,1.458352,0.940985,-0.495677,-1.522101,0.237680,4.040066,7.462195,0.512602,-0.864165,11.865896,-5.632582,-7.424323,3.043382,6.745417,-10.917081,3.043382,6.745417,-10.917081,2488,3012,462
1745872838.159146,1.450109,0.832926,-0.466529,-0.876762,0.233063,4.048843,20.999305,-0.064990,-0.975325,43.591830,-4.410222,-14.845123,36.810628,14.206174,-9.164991,36.810628,14.206174,-9.164991,4095,4068,712
1745872838.164144,1.447721,0.796967,-0.456223,-1.146406,0.348144,4.017935,20.404043,2.395402,-1.683450,42.622910,0.765519,-16.348450,41.346424,16.318766,-1.784697,41.346424,16.318766,-1.784697,4095,4095,1768
1745872838.169135,1.447721,0.796967,-0.456223,-1.146406,0.348144,4.017935,17.534175,3.656794,-1.924996,35.940802,4.044561,-15.037848,38.159400,15.420628,3.101893,38.159400,15.420628,3.101893,4095,4095,2496
1745872838.174148,1.443285,0.763001,-0.445898,-1.361671,0.241902,3.824873,8.271479,1.400582,-6.585326,18.477237,-2.766136,-21.341200,13.258837,20.816182,-7.550934,13.258837,20.816182,-7.550934,3934,4095,943
1745872838.179147,1.443285,0.763001,-0.445898,-1.361671,0.241902,3.824873,1.420196,-0.192834,-8.712654,3.285366,-6.894115,-22.200824,-5.952602,21.143888,-13.367178,-5.952602,21.143888,-13.367178,1172,4095,111
1745872838.184144,1.429977,0.728959,-0.436162,-2.586866,0.275936,3.890731,-33.083956,-0.343449,-7.378867,-82.792831,-12.118020,0.069328,-93.498942,-1.769453,-16.072992,-93.498942,-1.769453,-16.072992,0,1770,0
1745872838.189145,1.405487,0.694623,-0.426039,-3.655870,0.211511,3.857832,-77.072917,-1.975354,-6.437077,-194.729953,-19.784391,26.480970,-207.357859,-29.375642,-19.728142,-207.357859,-29.375642,-19.728142,0,0,0
1745872838.194154,1.405487,0.694623,-0.426039,-3.655870,0.211511,3.857832,-95.482935,-2.766825,-5.050260,-241.703459,-21.361682,41.132646,-253.618816,-44.087133,-18.614951,-253.618816,-44.087133,-18.614951,0,0,0
1745872838.199146,1.370289,0.660027,-0.414833,-5.013473,0.334603,4.049813,-128.585826,0.084555,1.137916,-335.765831,-18.190190,69.100248,-338.919562,-71.338747,-5.143589,-338.919562,-71.338747,-5.143589,0,0,1288
1745872838.204176,1.370289,0.660027,-0.414833,-5.013473,0.334603,4.049813,-133.876138,1.892598,4.944374,-351.625658,-13.094694,81.237071,-349.027620,-82.217565,4.237280,-349.027620,-82.217565,4.237280,0,0,2657
1745872838.209167,1.370289,0.660027,-0.414833,-5.013473,0.334603,4.049813,-120.721247,2.791739,6.719258,-319.202006,-10.909368,77.314469,-315.548179,-77.938306,5.959224,-315.548179,-77.938306,5.959224,0,0,2900
1745872838.214153,1.331438,0.623147,-0.400603,-5.317636,0.316692,4.282554,-105.112440,2.582372,12.709420,-289.629692,-12.183832,76.577721,-285.088732,-77.283045,7.781027,-285.088732,-77.283045,7.781027,0,0,3158
1745872838.219150,1.289382,0.586388,-0.385219,-5.611604,0.287592,4.348196,-89.574264,1.421812,16.565105,-256.654267,-14.721896,70.835284,-252.981027,-72.137368,6.638110,-252.981027,-72.137368,6.638110,0,0,2996
1745872838.224148,1.249964,0.548365,-0.370048,-5.121076,0.011214,4.458456,-56.762992,-6.256082,19.678832,-174.602886,-32.360145,57.327004,-182.318294,-64.606781,-14.800534,-182.318294,-64.606781,-14.800534,0,0,0
1745872838.229145,1.249964,0.548365,-0.370048,-5.121076,0.011214,4.458456,-29.069370,-10.345273,19.239364,-99.916701,-43.441191,40.296133,-117.336447,-51.939423,-33.416452,-117.336447,-51.939423,-33.416452,0,0,0
1745872838.234169,1.249964,0.548365,-0.370048,-5.121076,0.011214,4.458456,-7.873037,-11.674317,16.592858,-41.511532,-47.737690,22.427032,-64.864175,-36.337056,-44.797579,-64.864175,-36.337056,-44.797579,0,0,0
1745872838.239169,1.212116,0.510947,-0.355215,-5.035205,-0.036137,4.342059,8.513064,-12.232008,10.036672,6.140143,-48.032377,-1.949520,-19.456962,-15.035776,-52.345459,-19.456962,-15.035776,-52.345459,0,0,0
1745872838.244148,1.177898,0.475038,-0.341961,-4.190131,-0.360444,4.124992,38.411044,-19.002767,-0.612147,96.450805,-63.364678,-37.317733,58.995827,10.213987,-81.891669,58.995827,10.213987,-81.891669,4095,3503,0
1745872838.249150,1.177898,0.475038,-0.341961,-4.190131,-0.360444,4.124992,52.757671,-20.994245,-7.316893,139.568883,-69.810074,-59.424876,94.698241,28.168910,-98.105297,94.698241,28.168910,-98.105297,4095,4095,0
1745872838.254131,1.177898,0.475038,-0.341961,-4.190131,-0.360444,4.124992,55.348929,-19.684801,-10.644872,148.383629,-67.205984,-67.715482,103.117715,36.824820,-98.969523,103.117715,36.824820,-98.969523,4095,4095,0
1745872838.259157,1.150311,0.439718,-0.331728,-3.425147,-0.625936,3.944669,69.055509,-22.971589,-15.907248,192.376385,-73.321254,-81.271082,145.281252,44.261656,-110.633866,145.281252,44.261656,-110.633866,4095,4095,0
1745872838.264195,1.150311,0.439718,-0.331728,-3.425147,-0.625936,3.944669,69.160218,-22.201153,-17.263192,193.297950,-71.671268,-84.091347,146.369829,47.509781,-110.241528,146.369829,47.509781,-110.241528,4095,4095,0
1745872838.269197,1.150311,0.439718,-0.331728,-3.425147,-0.625936,3.944669,60.686261,-18.977424,-15.980728,168.867330,-63.302338,-76.718827,126.949080,44.195699,-98.472556,126.949080,44.195699,-98.472556,4095,4095,0
1745872838.274171,1.128780,0.405245,-0.321222,-2.670189,-0.649723,3.947997,66.359651,-15.216048,-13.144658,183.871162,-50.570255,-68.018173,151.780336,39.848902,-81.398456,151.780336,39.848902,-81.398456,4095,4095,0
1745872838.279155,1.108273,0.336047,-0.298633,-1.153092,-0.662025,4.047087,98.952522,-11.279351,-7.326676,276.183841,-35.197545,-57.172628,256.270429,35.460061,-60.387951,256.270429,35.460061,-60.387951,4095,4095,0
1745872838.284157,1.108273,0.336047,-0.298633,-1.153092,-0.662025,4.047087,107.577148,-7.399728,-2.734362,299.253142,-25.135836,-50.242168,283.565141,33.747398,-47.574280,283.565141,33.747398,-47.574280,4095,4095,0
1745872838.289166,1.105048,0.299959,-0.287481,-0.587151,-0.791707,4.089228,113.722566,-7.217193,1.543627,318.607218,-21.934247,-37.680289,307.311971,23.816334,-38.226695,307.311971,23.816334,-38.226695,4095,4095,0
1745872838.294168,1.105048,0.299959,-0.287481,-0.587151,-0.791707,4.089228,103.640294,-6.215866,4.055007,288.296357,-18.832328,-28.814655,279.089750,17.288059,-31.158073,279.089750,17.288059,-31.158073,4095,4095,0
1745872838.299155,1.104491,0.263482,-0.276477,-0.379025,-0.806603,4.150082,89.701725,-5.188863,6.629306,248.466699,-14.647126,-14.566640,243.170806,6.426253,-20.334086,243.170806,6.426253,-20.334086,4095,2966,0
1745872838.304166,1.104491,0.263482,-0.276477,-0.379025,-0.806603,4.150082,69.850756,-3.900143,7.455478,189.797637,-11.005690,-6.471040,186.360982,0.832125,-13.195368,186.360982,0.832125,-13.195368,4095,2175,136
1745872838.309155,1.105683,0.227926,-0.265435,-0.105685,-0.679600,4.041934,55.486019,0.493189,4.418268,149.304159,0.442342,-4.347804,148.943527,4.084342,-1.596019,148.943527,4.084342,-1.596019,4095,2635,1795
1745872838.314158,1.105683,0.227926,-0.265435,-0.105685,-0.679600,4.041934,39.580974,3.221837,1.949829,102.821723,6.860448,-4.467663,103.779196,7.070141,4.237407,103.779196,7.070141,4.237407,4095,3058,2657
1745872838.319155,1.107492,0.192824,-0.254609,-0.015409,-0.718972,3.990743,26.897561,3.586548,-1.101399,67.206681,7.831292,-6.085092,68.043570,8.943463,4.367189,68.043570,8.943463,4.367189,4095,3323,2675
1745872838.324160,1.110704,0.157753,-0.244341,0.239291,-0.718735,3.971802,21.809860,3.383931,-3.364756,52.903508,7.951541,-7.830386,53.483771,10.546847,3.693599,53.483771,10.546847,3.693599,4095,3550,2580
1745872838.329159,1.110704,0.157753,-0.244341,0.239291,-0.718735,3.971802,15.923842,2.841133,-4.381182,35.477905,6.514114,-8.800644,35.784754,10.777946,1.953213,35.784754,10.777946,1.953213,4095,3582,2333
1745872838.334162,1.110704,0.157753,-0.244341,0.239291,-0.718735,3.971802,10.245993,2.149329,-4.487843,18.502357,4.877040,-8.043916,18.629320,9.372998,0.808169,18.629320,9.372998,0.808169,4095,3384,2171
1745872838.339155,1.116130,0.122519,-0.234309,0.524644,-0.775413,4.015626,12.389974,0.062955,-2.933625,24.954942,1.184615,-4.477371,24.843871,4.542743,-0.908838,24.843871,4.542743,-0.908838,4095,2700,1894
1745872838.344154,1.122910,0.087076,-0.223910,0.586793,-0.618472,4.018172,13.755431,2.577722,-1.527684,27.655092,7.731856,-0.757848,28.234834,4.031462,6.666284,28.234834,4.031462,6.666284,4095,2627,3000
1745872838.349160,1.122910,0.087076,-0.223910,0.586793,-0.618472,4.018172,12.933555,3.854460,-0.449846,25.052874,11.037300,1.650414,25.983753,3.292198,10.703916,25.983753,3.292198,10.703916,4095,2523,3572
1745872838.354155,1.128494,0.052533,-0.213094,0.570276,-0.566643,3.988025,10.426443,5.455990,-0.452642,17.529211,14.972519,2.214085,18.290560,4.407537,14.499371,18.290560,4.407537,14.499371,4095,2681,4095
1745872838.359175,1.128494,0.052533,-0.213094,0.570276,-0.566643,3.988025,7.550383,5.804340,-0.398799,8.833332,15.841651,2.566791,9.643922,4.460779,15.437125,9.643922,4.460779,15.437125,3422,2688,4095
1745872838.364161,1.128494,0.052533,-0.213094,0.570276,-0.566643,3.988025,4.820671,5.310748,-0.316115,0.580724,14.661403,2.818398,1.340889,3.728213,14.476823,1.340889,3.728213,14.476823,2247,2585,4095
1745872838.369160,1.134583,0.017902,-0.202189,0.651644,-0.524282,3.982381,4.492155,5.386401,-0.363273,-0.488434,15.186052,2.921333,-0.219901,3.768499,15.000697,-0.219901,3.768499,15.000697,1992,2590,4095
1745872838.374167,1.148214,-0.050303,-0.180398,0.769601,-0.452544,3.929133,6.627382,6.533996,-1.655160,6.281080,18.337243,0.848543,5.421569,6.746511,17.093796,5.421569,6.746511,17.093796,2824,3012,4095
1745872838.379155,1.148214,-0.050303,-0.180398,0.769601,-0.452544,3.929133,7.160630,6.456874,-2.265955,7.854334,18.046723,-0.304647,7.031973,7.679111,16.354955,7.031973,7.679111,16.354955,3052,3144,4095
1745872838.384165,1.148214,-0.050303,-0.180398,0.769601,-0.452544,3.929133,6.623059,5.617313,-2.376955,6.219833,15.967785,-0.693382,5.500957,7.181044,14.296865,5.500957,7.181044,14.296865,2835,3073,4081
1745872838.389158,1.152825,-0.084114,-0.169348,0.541785,-0.381587,3.889903,-0.101856,6.136066,-3.115435,-14.358419,16.387070,-3.702736,-15.494396,10.035617,13.521212,-15.494396,10.035617,13.521212,0,3477,3971
1745872838.394186,1.152825,-0.084114,-0.169348,0.541785,-0.381587,3.889903,-4.374264,5.711681,-3.202683,-27.257895,15.306463,-4.386277,-28.287214,10.221688,12.251687,-28.287214,10.221688,12.251687,0,3504,3791
1745872838.399160,1.155092,-0.117020,-0.157918,0.315149,-0.308550,3.865997,-12.029509,6.526869,-3.447328,-50.713264,16.526045,-7.281740,-52.144866,13.335350,12.261803,-52.144866,13.335350,12.261803,0,3944,3793
1745872838.404157,1.155092,-0.117020,-0.157918,0.315149,-0.308550,3.865997,-15.438535,6.250966,-3.183227,-60.933005,15.866033,-7.309530,-62.292306,13.094238,11.642545,-62.292306,13.094238,11.642545,0,3910,3705
1745872838.409162,1.151975,-0.150078,-0.146590,-0.413700,-0.361844,3.848124,-33.579177,4.003339,-3.064108,-114.821296,7.909425,-14.580818,-115.017272,16.537219,1.310749,-115.017272,16.537219,1.310749,0,4095,2242
1745872838.414160,1.142127,-0.182532,-0.136176,-1.182964,-0.428089,3.730664,-59.756963,0.471231,-5.489843,-192.165501,-3.876496,-30.090378,-189.205994,25.756490,-16.303987,-189.205994,25.756490,-16.303987,0,4095,0
1745872838.419156,1.142127,-0.182532,-0.136176,-1.182964,-0.428089,3.730664,-69.001661,-1.820362,-6.352301,-219.974950,-9.748644,-34.227043,-215.712206,27.078048,-23.483543,-215.712206,27.078048,-23.483543,0,4095,0
1745872838.424165,1.142127,-0.182532,-0.136176,-1.182964,-0.428089,3.730664,-66.403264,-3.050433,-6.120316,-212.184034,-12.687768,-33.407193,-207.490757,25.110701,-25.855358,-207.490757,25.110701,-25.855358,0,4095,0
1745872838.429159,1.121944,-0.214562,-0.123568,-2.166288,-0.222689,3.836322,-80.690297,1.574622,-2.638335,-256.330608,-3.124211,-37.960248,-252.127685,32.844434,-19.739524,-252.127685,32.844434,-19.739524,0,4095,0
1745872838.434160,1.096231,-0.246792,-0.109562,-2.506983,-0.228446,3.853974,-88.217544,4.171746,0.323759,-277.294343,3.131310,-39.359030,-273.465068,36.440386,-15.674821,-273.465068,36.440386,-15.674821,0,4095,0
1745872838.439164,1.096231,-0.246792,-0.109562,-2.506983,-0.228446,3.853974,-82.162346,5.303351,2.158129,-258.864782,6.317287,-33.661946,-256.405287,32.828714,-10.067742,-256.405287,32.828714,-10.067742,0,4095,583
1745872838.444156,1.096231,-0.246792,-0.109562,-2.506983,-0.228446,3.853974,-68.285936,5.368164,3.051268,-217.644914,6.886752,-27.778678,-215.990303,27.855813,-6.773013,-215.990303,27.855813,-6.773013,0,4095,1054
1745872838.449162,1.074093,-0.279131,-0.094040,-1.812939,-0.220840,4.011186,-34.095813,4.938531,7.100416,-116.421212,9.331523,-9.106611,-117.528779,12.452900,4.019909,-117.528779,12.452900,4.019909,0,3820,2626
1745872838.454163,1.074093,-0.279131,-0.094040,-1.812939,-0.220840,4.011186,-8.316390,4.061350,8.787172,-40.309713,8.078672,2.615512,-42.702593,1.550275,8.684950,-42.702593,1.550275,8.684950,0,2276,3286
1745872838.459163,1.055933,-0.312359,-0.078760,-1.413344,-0.371839,3.972634,18.791337,-0.690152,7.832530,39.861420,-1.957084,11.466533,38.588125,-10.943712,4.143429,38.588125,-10.943712,4.143429,4095,458,2643
1745872838.464164,1.055933,-0.312359,-0.078760,-1.413344,-0.371839,3.972634,33.639921,-3.611851,6.268861,82.427219,-8.905036,12.956730,82.869793,-15.662001,-1.440179,82.869793,-15.662001,-1.440179,4095,0,1818
1745872838.469163,1.042839,-0.344961,-0.065315,-0.837525,-0.614047,3.771685,53.009827,-10.949101,-0.409708,138.432467,-26.113871,10.080139,144.713566,-21.862981,-18.574330,144.713566,-21.862981,-18.574330,4095,0,0
1745872838.474166,1.042839,-0.344961,-0.065315,-0.837525,-0.614047,3.771685,58.776604,-14.252538,-4.587755,153.349257,-34.675013,2.780243,163.609170,-19.869896,-30.340391,163.609170,-19.869896,-30.340391,4095,0,0
1745872838.479163,1.042839,-0.344961,-0.065315,-0.837525,-0.614047,3.771685,55.217814,-14.592829,-6.664548,142.261853,-35.997468,-3.097586,153.996256,-15.458615,-34.700723,153.996256,-15.458615,-34.700723,4095,0,0
1745872838.484166,1.028601,-0.407450,-0.039945,0.141556,-0.646824,3.545995,70.199194,-13.824174,-12.695350,181.201811,-32.247318,-2.450970,193.669557,-14.540728,-31.462815,193.669557,-14.540728,-31.462815,4095,0,0
1745872838.489164,1.030668,-0.438365,-0.028415,0.943057,-0.787823,3.582990,90.694949,-15.098111,-14.044560,236.865400,-32.846904,9.009165,247.899653,-24.618028,-25.995992,247.899653,-24.618028,-25.995992,4095,0,0
1745872838.494173,1.030668,-0.438365,-0.028415,0.943057,-0.787823,3.582990,92.561682,-14.053474,-13.176892,242.544194,-30.125239,12.028526,251.756322,-25.807957,-21.703183,251.756322,-25.807957,-21.703183,4095,0,0
1745872838.499164,1.030668,-0.438365,-0.028415,0.943057,-0.787823,3.582990,82.399510,-11.674290,-11.016516,215.143189,-24.368388,12.519439,221.922430,-23.268548,-15.971457,221.922430,-23.268548,-15.971457,4095,0,0
1745872838.504164,1.036398,-0.470210,-0.016327,1.337135,-0.750008,3.662365,75.535077,-7.811568,-6.354753,195.503270,-13.270232,23.497554,195.224852,-26.980252,0.614510,195.224852,-26.980252,0.614510,4095,0,2144
1745872838.509166,1.043230,-0.502065,-0.003560,1.389205,-0.684005,3.679862,63.208665,-2.791473,-2.196637,161.421550,-0.670677,29.060085,153.708129,-25.446567,16.028333,153.708129,-25.446567,16.028333,4095,0,4095
1745872838.514170,1.043230,-0.502065,-0.003560,1.389205,-0.684005,3.679862,47.659946,0.725780,0.702512,120.438261,7.729758,28.312602,108.946734,-20.571668,23.879159,108.946734,-20.571668,23.879159,4095,0,4095
1745872838.519179,1.047844,-0.533465,0.010490,1.334210,-0.577272,3.695521,30.615236,5.482614,2.835691,73.733600,18.753106,25.332999,56.666376,-12.581161,33.562545,56.666376,-12.581161,33.562545,4095,223,4095
1745872838.524166,1.054020,-0.565055,0.024308,1.524489,-0.595947,3.642217,20.791357,7.348741,2.528533,47.383180,23.254263,21.086761,27.959417,-6.843711,36.274763,27.959417,-6.843711,36.274763,4095,1044,4095
1745872838.529170,1.054020,-0.565055,0.024308,1.524489,-0.595947,3.642217,12.007607,7.635734,2.024197,23.638591,23.477040,15.083330,5.972624,-1.514161,32.991998,5.972624,-1.514161,32.991998,2902,1807,4095
1745872838.534170,1.054020,-0.565055,0.024308,1.524489,-0.595947,3.642217,4.986443,6.880936,1.457428,4.527411,21.268785,9.700050,-10.234986,2.075098,27.569449,-10.234986,2.075098,27.569449,559,2351,4095
1745872838.539176,1.062550,-0.595846,0.037211,1.797807,-0.638387,3.557344,6.632779,4.517925,-1.162226,8.484072,15.866979,5.428633,-2.706021,2.979147,19.939256,-2.706021,2.979147,19.939256,1636,2478,4095
1745872838.544166,1.070241,-0.626188,0.049996,1.660977,-0.629203,3.504825,3.512443,2.700254,-3.955132,-1.000469,10.434235,-4.002400,-6.232276,8.518891,8.927081,-6.232276,8.518891,8.927081,1132,3263,3320
1745872838.549170,1.070241,-0.626188,0.049996,1.660977,-0.629203,3.504825,1.102134,1.216143,-5.243839,-8.091491,6.500664,-8.798798,-9.162315,10.839079,1.827157,-9.162315,10.839079,1.827157,713,3591,2315
1745872838.554168,1.070241,-0.626188,0.049996,1.660977,-0.629203,3.504825,-0.554812,0.130041,-5.415014,-12.550679,3.784670,-10.400298,-11.342144,10.940662,-2.062134,-11.342144,10.940662,-2.062134,401,3605,1729
1745872838.559163,1.070241,-0.626188,0.049996,1.660977,-0.629203,3.504825,-1.534891,-0.572778,-4.860890,-14.807310,2.167260,-9.792680,-12.783352,9.631373,-3.453498,-12.783352,9.631373,-3.453498,194,3420,1529
1745872838.564170,1.077403,-0.656071,0.062734,1.592210,-0.569089,3.442770,-3.655211,0.526454,-5.436129,-20.141118,4.280498,-12.789370,-18.380293,13.291310,-2.886559,-18.380293,13.291310,-2.886559,0,3938,1611
1745872838.569172,1.077403,-0.656071,0.062734,1.592210,-0.569089,3.442770,-4.545942,1.156162,-5.132402,-22.217352,5.817455,-12.456339,-21.620026,13.725929,-0.979209,-21.620026,13.725929,-0.979209,0,4000,1884
1745872838.574168,1.085538,-0.715756,0.088363,1.008833,-0.566880,3.415701,-18.834743,1.466458,-4.974732,-57.072156,4.314903,-23.576944,-50.828189,22.867723,-9.515517,-50.828189,22.867723,-9.515517,0,4095,662
1745872838.579170,1.079580,-0.744903,0.101280,0.082380,-0.608191,3.371937,-48.285820,0.470841,-5.338288,-129.077696,-2.165520,-46.745607,-106.984317,40.196935,-32.590875,-106.984317,40.196935,-32.590875,0,4095,0
1745872838.584167,1.079580,-0.744903,0.101280,0.082380,-0.608191,3.371937,-60.975845,-0.215709,-4.914208,-160.046302,-4.366623,-53.620373,-133.172957,45.220572,-39.642002,-133.172957,45.220572,-39.642002,0,4095,0
1745872838.589165,1.079580,-0.744903,0.101280,0.082380,-0.608191,3.371937,-61.546526,-0.623884,-4.044404,-160.934682,-5.197369,-51.856537,-134.153070,43.273431,-39.506683,-134.153070,43.273431,-39.506683,0,4095,0
1745872838.594191,1.079580,-0.744903,0.101280,0.082380,-0.608191,3.371937,-54.333815,-0.806677,-2.993422,-142.566966,-5.057648,-44.800787,-118.967952,37.117858,-34.811900,-118.967952,37.117858,-34.811900,0,4095,0
1745872838.599182,1.079580,-0.744903,0.101280,0.082380,-0.608191,3.371937,-43.134224,-0.822134,-1.966630,-114.405065,-4.320193,-35.319448,-95.529702,29.105449,-27.843844,-95.529702,29.105449,-27.843844,0,4095,0
1745872838.604172,1.079580,-0.744903,0.101280,0.082380,-0.608191,3.371937,-30.781315,-0.731573,-1.076736,-83.486927,-3.298091,-25.452974,-69.734177,20.887711,-20.287261,-69.734177,20.887711,-20.287261,0,4095,0
1745872838.609172,1.003732,-0.830663,0.146464,-2.190374,-0.530470,3.417466,-74.864513,1.319382,0.734593,-185.569060,-5.306856,-60.500349,-145.086055,48.180294,-54.826890,-145.086055,48.180294,-54.826890,0,4095,0
1745872838.614176,1.003732,-0.830663,0.146464,-2.190374,-0.530470,3.417466,-93.592952,2.455956,1.791164,-229.036918,-3.497769,-68.804631,-185.340649,56.156567,-59.178675,-185.340649,56.156567,-59.178675,0,4095,0
1745872838.619183,1.003732,-0.830663,0.146464,-2.190374,-0.530470,3.417466,-93.952613,2.873527,2.239727,-229.587497,-2.432214,-67.724207,-187.510717,55.817622,-56.985370,-187.510717,55.817622,-56.985370,0,4095,0
1745872838.624173,0.972431,-0.861066,0.166120,-1.735400,-0.668737,3.643798,-71.551769,-0.596194,7.782706,-171.729836,-7.425037,-38.499571,-139.343830,27.628079,-42.695325,-139.343830,27.628079,-42.695325,0,4095,0
1745872838.629174,0.972431,-0.861066,0.166120,-1.735400,-0.668737,3.643798,-48.592965,-2.724136,10.346897,-116.942343,-10.335562,-18.171911,-95.085967,9.192724,-28.813837,-95.085967,9.192724,-28.813837,0,3358,0
1745872838.634176,0.943091,-0.891709,0.186877,-1.370721,-0.808963,3.621348,-19.178005,-7.172809,10.150534,-47.557992,-18.160628,0.991244,-30.068552,-11.467829,-22.475773,-30.068552,-11.467829,-22.475773,0,383,0
1745872838.639174,0.920202,-0.922270,0.205830,-0.676140,-1.113031,3.453139,18.773503,-16.552947,4.663308,37.060993,-37.396167,12.203244,66.572204,-32.359750,-37.029051,66.572204,-32.359750,-37.029051,4095,0,0
1745872838.644173,0.902564,-0.952334,0.222948,-0.306046,-1.175508,3.256852,49.552422,-21.991444,-4.187632,100.723449,-48.945827,5.560703,149.871208,-34.691511,-60.320948,149.871208,-34.691511,-60.320948,4095,0,0
1745872838.649178,0.902564,-0.952334,0.222948,-0.306046,-1.175508,3.256852,62.968038,-22.739284,-9.279036,127.621550,-51.014196,-1.715861,185.386709,-30.261565,-70.897417,185.386709,-30.261565,-70.897417,4095,0,0
1745872838.654174,0.893374,-0.981554,0.238064,0.603886,-1.266631,3.088701,85.997523,-22.656068,-15.472423,174.151380,-48.811301,-3.107433,233.962079,-28.172969,-71.943052,233.962079,-28.172969,-71.943052,4095,0,0
1745872838.659172,0.893374,-0.981554,0.238064,0.603886,-1.266631,3.088701,90.050640,-19.831053,-17.499173,182.116087,-42.632449,-6.060300,237.493173,-21.999301,-66.610100,237.493173,-21.999301,-66.610100,4095,0,0
1745872838.664175,0.890117,-1.010727,0.252881,1.201228,-1.336322,3.072483,96.226552,-17.320837,-17.035863,193.842135,-35.062365,0.394182,236.901937,-22.371810,-50.824929,236.901937,-22.371810,-50.824929,4095,0,0
1745872838.669179,0.890117,-1.010727,0.252881,1.201228,-1.336322,3.072483,88.329272,-13.608738,-14.653242,178.334386,-26.598268,4.154841,207.129700,-19.967759,-33.988075,207.129700,-19.967759,-33.988075,4095,0,0
1745872838.674175,0.893453,-1.040792,0.267562,1.920431,-1.453162,3.162245,90.130378,-12.458273,-9.156053,182.866250,-20.610496,23.596467,185.037228,-31.304437,-2.516186,185.037228,-31.304437,-2.516186,4095,0,1664
1745872838.679177,0.898626,-1.071970,0.283398,2.122025,-1.513090,3.245146,85.174298,-11.672734,-2.521065,173.229285,-16.814954,40.674073,150.890143,-42.296761,25.439029,150.890143,-42.296761,25.439029,4095,0,4095
1745872838.684178,0.898626,-1.071970,0.283398,2.122025,-1.513090,3.245146,71.599892,-9.745194,1.983186,147.200699,-12.261510,47.935884,110.021130,-45.143564,42.338784,110.021130,-45.143564,42.338784,4095,0,4095
1745872838.689173,0.898626,-1.071970,0.283398,2.122025,-1.513090,3.245146,54.261918,-7.334870,4.585456,112.356644,-7.400001,47.668869,68.499647,-41.907441,49.942804,68.499647,-41.907441,49.942804,4095,0,4095
1745872838.694176,0.902331,-1.102834,0.301165,2.207730,-1.396151,3.270272,38.731108,-2.042722,6.289145,79.665263,3.449193,46.267329,17.571506,-34.171624,69.573683,17.571506,-34.171624,69.573683,4095,0,4095
1745872838.699179,0.902331,-1.102834,0.301165,2.207730,-1.396151,3.270272,24.160273,1.554369,6.595262,50.000109,10.604442,41.091793,-16.857235,-25.675301,74.911100,-16.857235,-25.675301,74.911100,0,0,4095
1745872838.704175,0.902331,-1.102834,0.301165,2.207730,-1.396151,3.270272,11.998950,3.635771,5.980847,24.747614,14.246564,33.870496,-38.909538,-17.750894,71.325407,-38.909538,-17.750894,71.325407,0,0,4095
1745872838.709180,0.904929,-1.133650,0.320229,2.155259,-1.384012,3.223048,1.534753,4.807099,3.700583,2.272682,15.258379,22.169821,-52.711611,-8.008195,60.691519,-52.711611,-8.008195,60.691519,0,878,4095
1745872838.714178,0.909399,-1.164003,0.338095,2.315883,-1.429306,3.104651,-1.327124,3.848188,-1.092640,-5.200677,12.324997,6.594150,-37.177394,2.366589,34.818070,-37.177394,2.366589,34.818070,0,2392,4095
1745872838.719178,0.909399,-1.164003,0.338095,2.315883,-1.429306,3.104651,-2.975712,2.770075,-3.992181,-9.866713,8.947159,-3.422728,-21.375364,8.196519,12.531275,-21.375364,8.196519,12.531275,0,3217,3831
1745872838.724177,0.915446,-1.193263,0.354907,2.442998,-1.424101,2.991212,-0.540303,1.876706,-8.114752,-6.218856,6.457477,-15.164408,4.175762,15.958292,-11.182096,4.175762,15.958292,-11.182096,2648,4095,424
1745872838.729183,0.915446,-1.193263,0.354907,2.442998,-1.424101,2.991212,1.069064,1.080537,-9.731880,-3.762279,4.322842,-19.769809,17.977837,18.308688,-23.387110,17.977837,18.308688,-23.387110,4095,4095,0
1745872838.734178,0.920774,-1.221616,0.371946,2.275728,-1.347855,2.881807,-2.141131,2.312222,-12.237280,-10.495262,5.529593,-29.572908,26.570661,26.888642,-39.446379,26.570661,26.888642,-39.446379,4095,4095,0
1745872838.739176,0.920774,-1.221616,0.371946,2.275728,-1.347855,2.881807,-3.911226,2.809021,-12.326252,-13.956063,6.502000,-30.404381,22.365854,28.139058,-38.654592,22.365854,28.139058,-38.654592,4095,4095,0
1745872838.744179,0.921802,-1.282668,0.411151,1.750620,-1.440254,2.888297,-17.425864,0.514391,-10.713420,-38.354849,-0.547452,-31.962080,28.295579,25.133068,-69.516060,28.295579,25.133068,-69.516060,4095,4095,0
1745872838.749182,0.921802,-1.282668,0.411151,1.750620,-1.440254,2.888297,-23.834712,-0.999716,-8.379589,-49.976507,-3.890964,-27.054962,15.654810,19.202835,-68.453133,15.654810,19.202835,-68.453133,4095,4095,0
1745872838.754199,0.921802,-1.282668,0.411151,1.750620,-1.440254,2.888297,-24.967325,-1.836896,-5.869056,-51.385759,-5.202307,-19.657579,2.685454,12.516842,-56.396003,2.685454,12.516842,-56.396003,2437,3829,0
1745872838.759182,0.915586,-1.310629,0.432819,1.605212,-1.366424,2.874921,-26.169898,-0.334380,-3.901564,-52.402298,-2.545755,-12.725724,-15.690613,8.539282,-37.990175,-15.690613,8.539282,-37.990175,0,3266,0
1745872838.764180,0.905466,-1.338907,0.457058,1.468018,-1.410958,2.873286,-27.100110,-0.429810,-2.215478,-53.114966,-3.035365,-6.670307,-25.564618,3.373826,-28.308045,-25.564618,3.373826,-28.308045,0,2534,0
1745872838.769193,0.905466,-1.338907,0.457058,1.468018,-1.410958,2.873286,-24.363159,-0.437576,-0.874000,-47.600238,-2.440514,-1.598304,-35.291107,-0.249170,-12.647660,-35.291107,-0.249170,-12.647660,0,1988,214
1745872838.774181,0.894194,-1.367319,0.482675,1.537814,-1.514334,2.835475,-17.951018,-2.915687,-0.847507,-35.241909,-7.188132,1.007629,-11.136734,-5.286483,-24.612945,-11.136734,-5.286483,-24.612945,430,1267,0
1745872838.779181,0.882228,-1.395754,0.509245,1.592294,-1.577079,2.788096,-10.353082,-5.669254,-1.887973,-21.147604,-13.037674,-0.063269,36.003658,-8.235705,-58.038132,36.003658,-8.235705,-58.038132,4095,845,0
1745872838.784176,0.882228,-1.395754,0.509245,1.592294,-1.577079,2.788096,-4.286175,-6.715040,-2.314245,-10.042445,-15.009975,-0.515015,57.343230,-9.140150,-68.431363,57.343230,-9.140150,-68.431363,4095,716,0
1745872838.789184,0.882228,-1.395754,0.509245,1.592294,-1.577079,2.788096,0.088655,-6.555560,-2.301069,-1.890423,-14.271814,0.477094,58.707697,-9.437162,-61.538480,58.707697,-9.437162,-61.538480,4095,673,0
1745872838.794183,0.867319,-1.424530,0.539459,1.688452,-1.636637,2.774433,5.193308,-7.109576,-2.345145,7.734632,-15.308317,2.842002,74.499463,-12.069850,-67.485428,74.499463,-12.069850,-67.485428,4095,297,0
1745872838.799185,0.867319,-1.424530,0.539459,1.688452,-1.636637,2.774433,7.787749,-6.589216,-2.085737,12.627379,-13.836607,4.300354,65.370223,-12.229975,-53.312101,65.370223,-12.229975,-53.312101,4095,274,0
1745872838.804180,0.867319,-1.424530,0.539459,1.688452,-1.636637,2.774433,8.473127,-5.453854,-1.666539,14.066632,-11.098309,6.137960,44.565641,-11.859995,-30.828187,44.565641,-11.859995,-30.828187,4095,327,0
1745872838.809186,0.817103,-1.482304,0.622400,1.869295,-1.763489,2.757230,12.306002,-7.177536,-1.618510,21.536029,-17.298021,14.346787,53.039496,-22.298861,-31.627221,53.039496,-22.298861,-31.627221,4095,0,0
1745872838.814187,0.817103,-1.482304,0.622400,1.869295,-1.763489,2.757230,13.216192,-7.385279,-1.389664,23.220076,-17.607059,15.143264,51.120018,-23.091111,-28.009540,51.120018,-23.091111,-28.009540,4095,0,0
1745872838.819185,0.746684,-1.511123,0.707209,1.455935,-1.819666,2.746118,2.048845,-7.988214,-1.346928,3.389283,-29.443556,31.697149,-51.270521,-43.138937,54.757269,-51.270521,-43.138937,54.757269,0,0,4095
1745872838.824183,0.552763,-1.538909,0.910928,0.908706,-1.808836,2.647868,-18.668214,-7.126398,-3.561308,-33.403101,-85.248582,164.772900,-3026.562402,-159.065594,2994.681647,-3026.562402,-159.065594,2994.681647,0,0,4095
1745872838.829181,0.552763,-1.538909,0.910928,0.908706,-1.808836,2.647868,-29.486922,-5.709004,-4.526013,-53.674660,-83.526686,161.385320,-2984.791400,-155.821510,2932.607531,-2984.791400,-155.821510,2932.607531,0,0,4095
1745872838.834183,-0.593599,-1.558969,2.060680,0.118705,-1.945222,2.567051,-52.088081,-7.455092,-6.563272,-101.104756,-1023.699695,-4847.475675,291224.107864,-3560.003602,-291345.588372,291224.107864,-3560.003602,-291345.588372,4095,0,0
1745872838.839189,-0.593599,-1.558969,2.060680,0.118705,-1.945222,2.567051,-59.999954,-7.645425,-7.047267,-115.905040,-1023.297212,-4849.217170,291350.395785,-3560.644071,-291486.686446,291350.395785,-3560.644071,-291486.686446,4095,0,0
1745872838.844185,-0.593599,-1.558969,2.060680,0.118705,-1.945222,2.567051,-57.640856,-6.828689,-6.489159,-111.548664,-1021.991233,-4847.475656,291294.459934,-3558.587390,-291426.390001,291294.459934,-3558.587390,-291426.390001,4095,0,0
1745872838.849185,-1.852295,-1.540708,-2.968557,-0.749873,-2.038549,2.466137,-70.373220,-7.762306,-7.814004,-110.920260,-94.867178,212.420615,-1178.258053,230.413458,1067.821101,-1178.258053,230.413458,1067.821101,0,4095,4095
1745872838.854185,-2.056468,-1.513128,-2.777581,-1.661052,-2.012627,2.493611,-92.124757,-6.766712,-7.021477,-159.359997,-40.205562,7.973138,-710.773533,25.819203,552.331707,-710.773533,25.819203,552.331707,0,4095,4095
1745872838.859190,-2.056468,-1.513128,-2.777581,-1.661052,-2.012627,2.493611,-94.603351,-5.306442,-5.658570,-163.604300,-36.516631,12.516971,-621.769805,28.115591,458.928407,-621.769805,28.115591,458.928407,0,4095,4095
1745872838.864186,-2.131605,-1.484977,-2.719553,-1.957978,-1.925416,2.457221,-91.843862,-1.600045,-4.996041,-163.631994,-21.258336,-18.131997,-484.983631,-4.047931,322.538642,-484.983631,-4.047931,322.538642,0,1444,4095
1745872838.869191,-2.131605,-1.484977,-2.719553,-1.957978,-1.925416,2.457221,-78.841497,0.945599,-3.963910,-139.778134,-13.935879,-12.742636,-355.733356,-3.378690,216.752914,-355.733356,-3.378690,216.752914,0,1540,4095
1745872838.874186,-2.131605,-1.484977,-2.719553,-1.957978,-1.925416,2.457221,-60.980909,2.435758,-2.827203,-107.200000,-8.689032,-6.801232,-234.776780,-1.138007,128.048021,-234.776780,-1.138007,128.048021,0,1861,4095
1745872838.879185,-2.178309,-1.456001,-2.688882,-1.800110,-2.078322,2.511252,-38.340874,-0.663998,-0.437814,-67.292637,-12.324275,-3.257872,-171.182647,4.360092,104.578321,-171.182647,4.360092,104.578321,0,2674,4095
1745872838.884187,-2.214368,-1.427048,-2.668958,-1.724318,-2.134320,2.375873,-17.456156,-3.917040,-2.190067,-30.050653,-17.958787,-8.695109,-165.347734,3.820559,136.707083,-165.347734,3.820559,136.707083,0,2598,4095
1745872838.889191,-2.214368,-1.427048,-2.668958,-1.724318,-2.134320,2.375873,-2.102277,-5.494662,-3.030024,-2.072014,-20.538480,-9.258052,-153.959739,4.918188,153.470626,-153.959739,4.918188,153.470626,0,2753,4095
1745872838.894206,-2.214368,-1.427048,-2.668958,-1.724318,-2.134320,2.375873,7.884812,-5.818659,-3.189669,16.252124,-20.491519,-8.160758,-130.827177,5.767799,148.612091,-130.827177,5.767799,148.612091,0,2873,4095
1745872838.899189,-2.258178,-1.398419,-2.637378,-1.345085,-2.464704,2.082526,22.447556,-13.375821,-10.061284,44.293511,-39.103534,-21.828927,-208.853773,7.940021,256.955428,-208.853773,7.940021,256.955428,0,3181,4095
1745872838.904190,-2.299000,-1.370824,-2.605423,-0.865662,-2.515831,1.832901,40.713352,-17.799816,-19.318591,76.612332,-48.033831,-48.212464,-258.583536,-4.016447,342.011445,-258.583536,-4.016447,342.011445,0,1449,4095
1745872838.909190,-2.332925,-1.343416,-2.573016,-0.083242,-2.653889,1.679971,66.445005,-21.798747,-26.552017,124.330705,-53.887584,-63.759001,-234.400264,-8.913856,368.208546,-234.400264,-8.913856,368.208546,0,748,4095
1745872838.914219,-2.356937,-1.316180,-2.543583,0.646856,-2.707333,1.616362,92.618148,-22.973506,-29.449138,174.069123,-51.628189,-64.659761,-141.896007,-9.153617,326.491240,-141.896007,-9.153617,326.491240,0,714,4095
1745872838.919189,-2.356937,-1.316180,-2.543583,0.646856,-2.707333,1.616362,97.596992,-20.892543,-27.649183,184.302458,-46.133819,-56.681008,-95.052982,-7.403973,288.661928,-95.052982,-7.403973,288.661928,0,964,4095
1745872838.924188,-2.356937,-1.316180,-2.543583,0.646856,-2.707333,1.616362,88.890490,-17.021778,-23.135055,169.258920,-37.103301,-43.183315,-48.881365,-4.257039,225.407442,-48.881365,-4.257039,225.407442,0,1414,4095
1745872838.929190,-2.356937,-1.316180,-2.543583,0.646856,-2.707333,1.616362,72.489959,-12.486847,-17.443992,139.874602,-26.933733,-27.833205,-8.921667,-0.607250,153.753290,-8.921667,-0.607250,153.753290,747,1937,4095
1745872838.934190,-2.379343,-1.253288,-2.493384,1.357910,-2.831575,1.763536,70.659045,-11.133513,-8.102536,141.181687,-17.479582,5.305001,116.127399,16.306077,26.372487,116.127399,16.306077,26.372487,4095,4095,4095
1745872838.939188,-2.379343,-1.253288,-2.493384,1.357910,-2.831575,1.763536,60.849682,-8.914688,-1.204728,124.562890,-11.514776,25.064268,155.531316,25.636598,-32.597789,155.531316,25.636598,-32.597789,4095,4095,0
1745872838.944190,-2.384447,-1.223407,-2.473902,1.487296,-2.919126,1.787992,50.355013,-8.563649,3.910331,107.437959,-9.510039,39.579848,168.847244,34.097295,-65.310641,168.847244,34.097295,-65.310641,4095,4095,0
1745872838.949195,-2.384447,-1.223407,-2.473902,1.487296,-2.919126,1.787992,37.538945,-7.291050,6.666372,83.184495,-7.034497,44.064004,158.291036,35.378013,-79.878091,158.291036,35.378013,-79.878091,4095,4095,0
1745872838.954198,-2.384447,-1.223407,-2.473902,1.487296,-2.919126,1.787992,24.831862,-5.592068,7.590680,58.490539,-4.149193,42.754220,136.441310,32.381351,-82.903015,136.441310,32.381351,-82.903015,4095,4095,0
1745872838.959193,-2.388984,-1.193062,-2.454594,1.462686,-2.993314,1.737062,13.166519,-5.650512,5.998089,36.001207,-5.816824,33.558067,87.712103,27.184201,-55.632862,87.712103,27.184201,-55.632862,4095,4095,0
1745872838.964191,-2.394092,-1.162289,-2.433978,1.510919,-3.083826,1.659640,5.351181,-7.213039,2.359754,19.962756,-10.747671,18.841155,35.005954,20.690606,-16.392016,35.005954,20.690606,-16.392016,4095,4095,0
1745872838.969197,-2.394092,-1.162289,-2.433978,1.510919,-3.083826,1.659640,-0.255586,-7.318620,-0.234297,7.443348,-12.149966,8.080456,2.052373,14.403823,5.874346,2.052373,14.403823,5.874346,2347,4095,2888
1745872838.974193,-2.394092,-1.162289,-2.433978,1.510919,-3.083826,1.659640,-3.763099,-6.488347,-1.842877,-0.310364,-11.092992,1.644390,-14.945970,9.253358,15.947878,-14.945970,9.253358,15.947878,0,3367,4095
1745872838.979194,-2.400230,-1.132263,-2.414742,1.148527,-3.079589,1.601904,-14.401550,-5.064606,-4.050140,-23.102378,-10.836039,-10.868949,-55.797896,0.652385,36.112672,-55.797896,0.652385,36.112672,0,2149,4095
1745872838.984198,-2.411131,-1.101423,-2.393418,0.786778,-3.286930,1.514636,-28.240359,-8.626469,-7.090631,-52.134829,-22.173263,-27.236388,-121.305387,-1.656351,77.558346,-121.305387,-1.656351,77.558346,0,1787,4095
1745872838.989197,-2.411131,-1.101423,-2.393418,0.786778,-3.286930,1.514636,-33.519898,-9.818885,-8.141983,-63.761581,-25.423689,-33.392350,-146.249163,-3.342556,92.490224,-146.249163,-3.342556,92.490224,0,1545,4095
1745872838.994224,-2.411131,-1.101423,-2.393418,0.786778,-3.286930,1.514636,-32.750733,-9.368291,-7.808159,-61.960481,-24.308303,-31.848107,-140.712773,-3.143030,88.301984,-140.712773,-3.143030,88.301984,0,1574,4095
1745872838.999197,-2.461026,-1.041205,-2.354621,-1.867360,-3.351704,1.348750,-92.925319,-9.517619,-10.685027,-194.849694,-40.178521,-77.405929,-340.813791,-17.479011,169.133063,-340.813791,-17.479011,169.133063,0,0,4095
1745872839.004193,-2.497252,-1.011390,-2.338797,-2.768460,-3.103426,1.339860,-141.996653,-2.376292,-11.434219,-308.879244,-29.432396,-110.554319,-478.281918,-42.875781,199.868599,-478.281918,-42.875781,199.868599,0,0,4095
1745872839.009223,-2.497252,-1.011390,-2.338797,-2.768460,-3.103426,1.339860,-155.773331,2.466329,-10.503324,-338.237782,-20.143703,-113.582427,-502.595928,-52.120950,193.916846,-502.595928,-52.120950,193.916846,0,0,4095
1745872839.014199,-2.497252,-1.011390,-2.338797,-2.768460,-3.103426,1.339860,-145.263367,5.185951,-8.634009,-314.036097,-13.276471,-101.542955,-456.432970,-50.379503,168.005986,-456.432970,-50.379503,168.005986,0,0,4095
1745872839.019197,-2.536980,-0.981293,-2.326556,-3.269936,-3.221010,1.354634,-133.153944,3.405496,-6.030388,-291.657606,-16.150299,-92.190372,-418.785269,-39.117826,152.941607,-418.785269,-39.117826,152.941607,0,0,4095
1745872839.024213,-2.536980,-0.981293,-2.326556,-3.269936,-3.221010,1.354634,-109.110250,1.856783,-3.636629,-236.921135,-17.077048,-72.274882,-340.338796,-27.034535,124.417164,-340.338796,-27.034535,124.417164,0,0,4095
1745872839.029198,-2.571955,-0.950620,-2.316445,-3.006273,-3.203882,1.360649,-74.204895,1.075292,-1.541141,-162.390048,-13.311925,-49.695492,-231.039760,-15.592205,84.359441,-231.039760,-15.592205,84.359441,0,0,4095
1745872839.034196,-2.608688,-0.920113,-2.307350,-3.180811,-3.224563,1.211595,-47.261476,-0.058537,-3.672906,-104.291337,-14.292423,-43.170180,-162.673149,-9.621501,73.374386,-162.673149,-9.621501,73.374386,0,647,4095
1745872839.039198,-2.608688,-0.920113,-2.307350,-3.180811,-3.224563,1.211595,-24.412520,-0.769269,-4.572754,-52.236051,-14.518901,-33.545886,-99.879829,-4.536927,59.878802,-99.879829,-4.536927,59.878802,0,1374,4095
1745872839.044196,-2.641852,-0.886514,-2.292843,-2.329746,-3.779915,0.902841,13.860920,-14.725634,-12.143071,37.064328,-41.516670,-33.263983,-23.112890,20.499452,77.660779,-23.112890,20.499452,77.660779,0,4095,4095
1745872839.049199,-2.673703,-0.854924,-2.277287,-2.077802,-3.659917,0.591399,42.572552,-18.816405,-23.083341,100.066122,-48.911769,-50.007111,23.390451,21.101408,101.621658,23.390451,21.101408,101.621658,4095,4095,4095
1745872839.054200,-2.673703,-0.854924,-2.277287,-2.077802,-3.659917,0.591399,55.501893,-19.095367,-27.168745,128.533534,-49.614081,-55.352564,46.008554,19.317415,109.374006,46.008554,19.317415,109.374006,4095,4095,4095
1745872839.059202,-2.673703,-0.854924,-2.277287,-2.077802,-3.659917,0.591399,56.877951,-16.931249,-26.423007,132.342004,-45.176889,-51.843349,55.718718,16.939795,101.552230,55.718718,16.939795,101.552230,4095,4095,4095
1745872839.064197,-2.696663,-0.823659,-2.260339,-0.839168,-3.654852,0.355746,81.100066,-13.367711,-28.484913,192.877744,-32.861191,-39.316419,139.294806,12.740268,73.037357,139.294806,12.740268,73.037357,4095,3860,4095
1745872839.069200,-2.712267,-0.793354,-2.244016,-0.327787,-3.595447,0.311944,99.054864,-8.016486,-27.377433,239.903800,-19.134871,-23.454648,210.142874,7.635152,41.757407,210.142874,7.635152,41.757407,4095,3138,4095
1745872839.074196,-2.712267,-0.793354,-2.244016,-0.327787,-3.595447,0.311944,98.262752,-3.655069,-23.324982,240.451113,-10.016720,-10.819784,226.219046,4.603857,19.968942,226.219046,4.603857,19.968942,4095,2708,4095
1745872839.079203,-2.712267,-0.793354,-2.244016,-0.327787,-3.595447,0.311944,85.716124,-0.441858,-17.896647,212.893802,-3.394013,-0.873938,210.650987,2.722213,3.146882,210.650987,2.722213,3.146882,4095,2442,2502
1745872839.084206,-2.712267,-0.793354,-2.244016,-0.327787,-3.595447,0.311944,67.269898,1.642130,-12.271017,170.926661,0.819436,6.125795,176.932429,1.804837,-8.426663,176.932429,1.804837,-8.426663,4095,2312,818
1745872839.089220,-2.720374,-0.761141,-2.228531,0.547733,-3.770671,0.367608,68.821584,-1.544391,-5.829080,181.164731,-0.662776,28.143533,205.373376,12.111975,-35.097810,205.373376,12.111975,-35.097810,4095,3771,0
1745872839.094217,-2.720374,-0.761141,-2.228531,0.547733,-3.770671,0.367608,61.348907,-3.360714,-1.058187,165.166394,-3.583418,37.861890,196.686169,18.750900,-45.697523,196.686169,18.750900,-45.697523,4095,4095,0
1745872839.099202,-2.727005,-0.695418,-2.201675,0.676071,-3.707120,0.492362,52.279634,-2.544720,5.129554,148.059826,-0.584617,49.607439,185.752979,20.517611,-58.830615,185.752979,20.517611,-58.830615,4095,4095,0
1745872839.104200,-2.729974,-0.662381,-2.189175,0.514128,-3.859099,0.471617,36.173118,-5.437964,7.923947,110.715614,-6.898425,47.484370,142.504051,25.320401,-51.688835,142.504051,25.320401,-51.688835,4095,4095,0
1745872839.109204,-2.729974,-0.662381,-2.189175,0.514128,-3.859099,0.471617,21.539443,-6.603963,8.722696,73.064843,-9.557705,41.592866,99.812320,25.400413,-43.492100,99.812320,25.400413,-43.492100,4095,4095,0
1745872839.114203,-2.732907,-0.629537,-2.175968,0.483601,-3.827646,0.363570,8.906312,-5.760556,5.511203,39.409849,-9.182983,25.136713,53.553451,18.416138,-24.022257,53.553451,18.416138,-24.022257,4095,4095,0
1745872839.119199,-2.732907,-0.629537,-2.175968,0.483601,-3.827646,0.363570,-0.167846,-4.522574,2.807082,14.096335,-7.641543,12.789632,20.433137,12.094866,-10.762768,20.433137,12.094866,-10.762768,4095,3769,484
1745872839.124215,-2.736606,-0.596420,-2.162884,0.432117,-3.834234,0.354014,-7.178716,-3.342532,0.509211,-5.813911,-6.145331,2.340849,-5.997083,6.570530,0.326112,-5.997083,6.570530,0.326112,1166,2987,2103
1745872839.129209,-2.736606,-0.596420,-2.162884,0.432117,-3.834234,0.354014,-10.705831,-2.190239,-0.998157,-15.979554,-4.338395,-3.547663,-19.353684,2.589649,6.007166,-19.353684,2.589649,6.007166,0,2423,2907
1745872839.134202,-2.736606,-0.596420,-2.162884,0.432117,-3.834234,0.354014,-11.629600,-1.193550,-1.829979,-18.845708,-2.617106,-6.199422,-23.414048,-0.037210,8.133291,-23.414048,-0.037210,8.133291,0,2018,3208
1745872839.139216,-2.740708,-0.563063,-2.149776,0.268188,-3.890987,0.337723,-14.817744,-1.808129,-2.534400,-27.756226,-4.543106,-10.291601,-34.856567,0.166788,13.302026,-34.856567,0.166788,13.302026,0,2080,3940
1745872839.144202,-2.745581,-0.528980,-2.137217,0.159845,-3.942269,0.373496,-17.652513,-3.225700,-1.792411,-35.770550,-7.435394,-10.188717,-42.941962,2.929727,14.210590,-42.941962,2.929727,14.210590,0,2471,4068
1745872839.149208,-2.745581,-0.528980,-2.137217,0.159845,-3.942269,0.373496,-17.295421,-3.732192,-1.101618,-34.470207,-8.269504,-8.197449,-40.755793,4.467399,12.455272,-40.755793,4.467399,12.455272,0,2689,3820
1745872839.154202,-2.749817,-0.495046,-2.125283,0.215981,-3.937638,0.363630,-13.577943,-3.481230,-0.772349,-24.668425,-7.281892,-5.231132,-28.779792,4.732754,8.654194,-28.779792,4.732754,8.654194,0,2727,3282
1745872839.159206,-2.749817,-0.495046,-2.125283,0.215981,-3.937638,0.363630,-9.557933,-2.895767,-0.468980,-13.366326,-6.001775,-2.419411,-15.810806,4.623230,5.145491,-15.810806,4.623230,5.145491,0,2711,2785
1745872839.164203,-2.754990,-0.460902,-2.113653,-0.050035,-3.919960,0.351913,-12.361961,-1.738564,-0.506875,-21.688057,-4.751586,-4.540104,-24.665797,2.689078,6.695215,-24.665797,2.689078,6.695215,0,2437,3005
1745872839.169207,-2.760870,-0.426734,-2.101893,-0.049649,-3.981601,0.276100,-12.614639,-2.303721,-2.327535,-22.585876,-6.114014,-9.312488,-27.549819,2.215785,11.993108,-27.549819,2.215785,11.993108,0,2370,3754
1745872839.174205,-2.760870,-0.426734,-2.101893,-0.049649,-3.981601,0.276100,-11.228384,-2.378400,-3.192349,-19.025789,-6.361274,-11.047116,-24.763723,1.800767,13.863106,-24.763723,1.800767,13.863106,0,2312,4019
1745872839.179205,-2.760870,-0.426734,-2.101893,-0.049649,-3.981601,0.276100,-8.976265,-2.134414,-3.348666,-12.705316,-5.868862,-10.473061,-18.117738,1.556927,13.076653,-18.117738,1.556927,13.076653,0,2277,3908
1745872839.184205,-2.768887,-0.392451,-2.089613,-0.471020,-4.058066,0.219611,-16.776730,-3.592202,-4.421450,-34.765427,-10.548843,-17.854724,-43.238483,3.323066,22.154439,-43.238483,3.323066,22.154439,0,2527,4095
1745872839.189208,-2.768887,-0.392451,-2.089613,-0.471020,-4.058066,0.219611,-19.655624,-4.074222,-4.558237,-43.067929,-11.545736,-19.433103,-52.299715,3.676772,24.138283,-52.299715,3.676772,24.138283,0,2577,4095
1745872839.194209,-2.779061,-0.357987,-2.077098,-0.587617,-4.000257,0.155950,-21.923536,-2.462837,-5.646021,-50.611646,-8.963646,-22.885008,-59.805844,0.265024,26.239923,-59.805844,0.265024,26.239923,0,2094,4095
1745872839.199211,-2.779061,-0.357987,-2.077098,-0.587617,-4.000257,0.155950,-20.670700,-1.141656,-5.642006,-46.965512,-6.450243,-22.210042,-55.590150,-1.845641,24.614419,-55.590150,-1.845641,24.614419,0,1760,4095
1745872839.204223,-2.779061,-0.357987,-2.077098,-0.587617,-4.000257,0.155950,-17.337344,-0.164184,-4.946327,-37.064090,-4.435006,-19.008781,-44.301588,-2.594587,20.655569,-44.301588,-2.594587,20.655569,0,1652,4095
1745872839.209208,-2.790394,-0.323807,-2.065121,-0.901565,-4.003909,0.138844,-20.788596,0.381027,-4.321345,-47.403075,-4.330241,-19.298302,-53.984600,-2.573144,20.685040,-53.984600,-2.573144,20.685040,0,1655,4095
1745872839.214205,-2.790394,-0.323807,-2.065121,-0.901565,-4.003909,0.138844,-20.441696,0.680570,-3.397202,-46.075850,-3.623296,-16.728064,-51.765781,-2.352715,17.882853,-51.765781,-2.352715,17.882853,0,1687,4095
1745872839.219208,-2.801421,-0.289626,-2.053375,-0.761439,-4.005904,0.108985,-14.283531,0.738028,-3.127673,-28.441654,-2.664001,-13.263884,-32.432745,-1.914130,13.974707,-32.432745,-1.914130,13.974707,0,1750,4035
1745872839.224208,-2.823939,-0.220195,-2.030103,-0.903708,-4.063383,0.032980,-12.125945,-0.724437,-4.436221,-22.450736,-5.779511,-16.352690,-26.331797,0.382794,17.768774,-26.331797,0.382794,17.768774,0,2111,4095
1745872839.229214,-2.823939,-0.220195,-2.030103,-0.903708,-4.063383,0.032980,-9.272353,-1.561643,-4.720676,-14.046526,-7.343511,-16.517971,-18.072068,1.816925,18.430255,-18.072068,1.816925,18.430255,0,2314,4095
1745872839.234207,-2.823939,-0.220195,-2.030103,-0.903708,-4.063383,0.032980,-6.337537,-1.898243,-4.321869,-5.232981,-7.882265,-14.844710,-8.940406,2.851348,16.973813,-8.940406,2.851348,16.973813,744,2460,4095
1745872839.239209,-2.833968,-0.185331,-2.018217,-0.825090,-4.064036,-0.050327,-1.773739,-1.895378,-5.582137,8.623571,-7.649669,-16.755736,5.195376,2.217001,18.604020,5.195376,2.217001,18.604020,2792,2371,4095
1745872839.244209,-2.841009,-0.150472,-2.006506,-0.458189,-4.077789,-0.065919,10.315200,-1.998201,-6.076408,44.931099,-6.363624,-14.794879,42.502841,1.697863,16.198699,42.502841,1.697863,16.198699,4095,2297,4095
1745872839.249213,-2.841009,-0.150472,-2.006506,-0.458189,-4.077789,-0.065919,16.704335,-1.818384,-5.644564,64.172893,-5.927902,-12.619999,62.079161,1.925612,13.967109,62.079161,1.925612,13.967109,4095,2329,4034
1745872839.254209,-2.845090,-0.115290,-1.994820,-0.223219,-4.130799,-0.094330,24.445190,-2.779932,-5.375991,88.381180,-6.749590,-10.980542,86.936712,3.246807,12.556831,86.936712,3.246807,12.556831,4095,2516,3834
1745872839.259210,-2.846671,-0.079862,-1.982847,0.009220,-4.166729,-0.124916,32.050543,-3.929023,-5.297187,112.240132,-7.959005,-10.477288,111.252669,4.569995,12.377784,111.252669,4.569995,12.377784,4095,2704,3809
1745872839.264213,-2.846671,-0.079862,-1.982847,0.009220,-4.166729,-0.124916,32.932069,-4.174214,-4.597850,114.961696,-8.320427,-8.663171,114.104745,5.443113,10.741831,114.104745,5.443113,10.741831,4095,2827,3577
1745872839.269220,-2.846671,-0.079862,-1.982847,0.009220,-4.166729,-0.124916,29.447906,-3.817044,-3.590954,104.536085,-7.545357,-6.381504,103.871887,5.364707,8.325688,103.871887,5.364707,8.325688,4095,2816,3235
1745872839.274215,-2.846671,-0.079862,-1.982847,0.009220,-4.166729,-0.124916,23.641766,-3.124019,-2.515855,87.109515,-6.149294,-4.090225,86.653251,4.694913,5.719241,86.653251,4.694913,5.719241,4095,2721,2866
1745872839.279214,-2.846759,-0.044126,-1.970880,0.007496,-4.146883,-0.128752,17.030722,-1.816898,-1.621282,67.279880,-3.599441,-3.160763,67.100158,2.525670,4.074271,67.100158,2.525670,4.074271,4095,2414,2634
1745872839.284211,-2.846627,-0.007686,-1.958143,0.149062,-4.321344,-0.217911,14.231734,-5.039941,-3.040341,61.172875,-9.130393,-7.530593,61.097088,6.546879,9.859920,61.097088,6.546879,9.859920,4095,2984,3453
1745872839.289234,-2.846627,-0.007686,-1.958143,0.149062,-4.321344,-0.217911,10.701801,-6.469306,-3.568656,50.488926,-11.842228,-9.073203,50.395734,8.693150,12.124323,50.395734,8.693150,12.124323,4095,3287,3773
1745872839.294226,-2.846627,-0.007686,-1.958143,0.149062,-4.321344,-0.217911,7.171654,-6.571545,-3.461779,39.810181,-12.018928,-8.846950,39.718258,8.927991,11.959205,39.718258,8.927991,11.959205,4095,3321,3750
1745872839.299214,-2.850691,0.027470,-1.945383,-0.710898,-4.150568,-0.213084,-16.954575,-1.660306,-2.853839,-34.586204,-6.022756,-9.791449,-34.281008,2.961364,11.111685,-34.281008,2.961364,11.111685,0,2476,3630
1745872839.304214,-2.860619,0.063231,-1.931894,-1.200923,-4.367880,-0.340845,-42.197373,-3.664803,-5.249297,-107.916664,-11.946913,-16.078982,-106.728792,7.019868,18.798799,-106.728792,7.019868,18.798799,0,3050,4095
1745872839.309217,-2.860619,0.063231,-1.931894,-1.200923,-4.367880,-0.340845,-53.002638,-4.484350,-6.122088,-140.494791,-13.531669,-17.629909,-139.184749,8.112422,20.732211,-139.184749,8.112422,20.732211,0,3205,4095
1745872839.314212,-2.876571,0.098396,-1.917222,-2.300155,-4.053974,-0.448490,-80.239737,3.231009,-8.558239,-223.795142,-3.182870,-21.959870,-221.620756,-2.680196,22.133934,-221.620756,-2.680196,22.133934,0,1640,4095
1745872839.319214,-2.945326,0.166816,-1.891434,-4.876324,-3.686989,-0.489568,-150.814620,16.718569,-10.060705,-437.309851,16.230862,-16.612727,-435.099249,-19.158884,13.313434,-435.099249,-19.158884,13.313434,0,0,3941
1745872839.324212,-2.945326,0.166816,-1.891434,-4.876324,-3.686989,-0.489568,-176.931406,23.192291,-9.777659,-515.614457,28.131777,-10.588599,-514.789501,-29.656559,4.968332,-514.789501,-29.656559,4.968332,0,0,2760
1745872839.329216,-2.945326,0.166816,-1.891434,-4.876324,-3.686989,-0.489568,-171.795234,24.451226,-8.400303,-500.488034,30.506034,-7.842681,-500.194520,-31.449756,1.767701,-500.194520,-31.449756,1.767701,0,0,2307
1745872839.334212,-2.992210,0.199290,-1.881539,-5.416337,-3.808360,-0.467886,-160.728274,19.279664,-5.970965,-466.772575,21.925773,-3.603703,-466.711902,-22.217920,0.306472,-466.711902,-22.217920,0.306472,0,0,2100
1745872839.339216,-3.037052,0.231913,-1.872168,-5.189148,-3.630514,-0.579900,-128.454480,18.001309,-6.446578,-369.498922,21.625583,-7.055396,-368.374731,-22.243751,4.891196,-368.374731,-22.243751,4.891196,0,0,2749
1745872839.344212,-3.037052,0.231913,-1.872168,-5.189148,-3.630514,-0.579900,-92.340969,14.988775,-5.957040,-262.447861,16.109087,-14.794156,-259.370100,-17.564910,13.390903,-259.370100,-17.564910,13.390903,0,0,3952
1745872839.349215,-3.037052,0.231913,-1.872168,-5.189148,-3.630514,-0.579900,-58.157046,11.244882,-4.917382,-161.254831,9.317402,-20.642826,-156.636005,-11.420611,20.095856,-156.636005,-11.420611,20.095856,0,389,4095
1745872839.354217,-3.094990,0.269371,-1.861734,-5.777240,-3.611443,-0.823204,-43.823802,7.965944,-9.620740,-115.874751,3.149036,-39.163478,-105.114717,-4.970089,40.432301,-105.114717,-4.970089,40.432301,0,1312,4095
1745872839.359218,-3.094990,0.269371,-1.861734,-5.777240,-3.611443,-0.823204,-29.391217,4.916708,-11.414775,-72.821574,-2.357882,-48.076089,-59.532786,0.115646,49.934442,-59.532786,0.115646,49.934442,0,2073,4095
1745872839.364158,-3.094990,0.269371,-1.861734,-5.777240,-3.611443,-0.823204,-16.816165,2.416419,-11.153988,-35.823735,-6.836581,-50.979887,-21.676532,4.454205,53.160052,-21.676532,4.454205,53.160052,0,2687,4095
1745872839.369218,-3.136949,0.302319,-1.849997,-4.790345,-3.711895,-1.237165,17.896625,-1.997451,-19.881564,72.608154,-13.740708,-82.533607,98.368230,13.357314,86.520327,98.368230,13.357314,86.520327,4095,3948,4095
1745872839.374218,3.107299,0.336016,-1.836674,-4.807873,-3.738763,-1.538848,36.847186,-5.154536,-30.239244,133.532043,-19.033054,-119.461139,175.002729,23.117823,125.772036,175.002729,23.117823,125.772036,4095,4095,4095
1745872839.379221,3.107299,0.336016,-1.836674,-4.807873,-3.738763,-1.538848,44.321839,-6.520422,-33.086412,156.223791,-21.408284,-129.700157,201.240023,25.842721,136.524943,201.240023,25.842721,136.524943,4095,4095,4095
1745872839.384218,3.050519,0.404266,-1.807011,-3.199502,-3.529621,-1.796003,82.992931,-1.463510,-37.127635,268.027617,-6.450703,-152.969688,332.950477,20.336226,165.053787,332.950477,20.336226,165.053787,4095,4095,4095
1745872839.389219,3.032526,0.437322,-1.792999,-2.317402,-3.535920,-1.764943,118.933850,1.763401,-34.379040,366.189346,2.410396,-159.521164,440.447109,14.967844,175.336793,440.447109,14.967844,175.336793,4095,4095,4095
1745872839.394249,3.032526,0.437322,-1.792999,-2.317402,-3.535920,-1.764943,127.134007,3.598432,-28.393571,386.868764,5.466724,-146.464648,455.214238,10.508472,161.376746,455.214238,10.508472,161.376746,4095,3544,4095
1745872839.399231,3.032526,0.437322,-1.792999,-2.317402,-3.535920,-1.764943,116.649337,4.303770,-21.165133,354.171661,6.279320,-122.014213,411.195508,7.039268,134.644220,411.195508,7.039268,134.644220,4095,3053,4095
1745872839.404222,3.021776,0.470904,-1.780609,-1.607092,-3.525107,-1.631060,113.155384,4.491248,-10.727750,334.849153,8.038168,-90.834420,381.250911,2.876945,102.275854,381.250911,2.876945,102.275854,4095,2464,4095
1745872839.409218,3.016245,0.505245,-1.768657,-1.097974,-3.718922,-1.668797,109.581510,-0.683213,-3.726651,318.941430,-0.616244,-69.909224,357.264475,9.351417,79.176297,357.264475,9.351417,79.176297,4095,3381,4095
1745872839.414221,3.016245,0.505245,-1.768657,-1.097974,-3.718922,-1.668797,93.895398,-3.878182,1.165838,273.213184,-6.807877,-48.549296,299.385895,12.824067,54.073427,299.385895,12.824067,54.073427,4095,3872,4095
1745872839.419222,3.016245,0.505245,-1.768657,-1.097974,-3.718922,-1.668797,72.468016,-5.422164,4.115352,212.520038,-9.986026,-30.112003,228.354724,13.672262,32.714828,228.354724,13.672262,32.714828,4095,3992,4095
1745872839.424219,3.016245,0.505245,-1.768657,-1.097974,-3.718922,-1.668797,50.055764,-5.733812,5.475099,149.856131,-10.870504,-15.790510,157.770125,12.759337,16.350495,157.770125,12.759337,16.350495,4095,3863,4095
1745872839.429220,3.013068,0.538605,-1.755790,-1.112801,-3.488059,-1.693228,29.368115,0.429130,5.067024,91.486979,0.013213,-7.956958,96.203336,1.006747,9.194773,96.203336,1.006747,9.194773,4095,2199,3358
1745872839.434221,3.011034,0.572937,-1.741735,-0.945753,-3.624449,-1.862729,16.781172,0.931211,0.034410,61.132976,1.472794,-16.673635,71.921627,0.710447,19.901495,71.921627,0.710447,19.901495,4095,2157,4095
1745872839.439223,3.010273,0.607096,-1.726549,-1.147390,-3.577053,-1.859768,1.822157,2.296128,-3.080347,22.097996,3.663076,-19.598512,35.927183,-1.065254,24.241111,35.927183,-1.065254,24.241111,4095,1871,4095
1745872839.444224,3.010273,0.607096,-1.726549,-1.147390,-3.577053,-1.859768,-7.862419,2.877978,-4.672812,-2.901882,4.676637,-19.306200,10.818198,-2.108363,24.049858,10.818198,-2.108363,24.049858,3588,1722,4095
1745872839.449233,3.010273,0.607096,-1.726549,-1.147390,-3.577053,-1.859768,-13.031298,2.893214,-5.107824,-16.462982,4.661349,-17.915285,-3.702110,-2.275337,22.368467,-3.702110,-2.275337,22.368467,1494,1698,4095
1745872839.454221,3.007580,0.640357,-1.712128,-1.185786,-3.453551,-1.755545,-15.627352,5.566876,-2.209217,-25.878469,9.257392,-7.987523,-19.058733,-8.107160,11.414140,-19.058733,-8.107160,11.414140,0,864,3673
1745872839.459225,3.007580,0.640357,-1.712128,-1.185786,-3.453551,-1.755545,-15.365283,6.584449,-0.097778,-26.288209,10.953934,-1.928504,-23.773660,-10.598047,4.208580,-23.773660,-10.598047,4.208580,0,507,2653
1745872839.464218,3.007580,0.640357,-1.712128,-1.185786,-3.453551,-1.755545,-13.318524,6.420276,1.246451,-21.612245,10.602318,0.988896,-21.286960,-10.639383,0.544426,-21.286960,-10.639383,0.544426,0,501,2134
1745872839.469221,3.005218,0.673353,-1.698127,-1.262397,-3.521494,-1.698206,-12.268559,3.864651,3.351727,-20.177849,5.873164,6.508779,-24.684906,-6.703515,-7.227358,-24.684906,-6.703515,-7.227358,0,1064,989
1745872839.474221,2.999850,0.740557,-1.672179,-1.189231,-3.536228,-1.545820,-8.308612,1.414822,8.004887,-13.842288,1.475548,19.629552,-31.415390,-4.233781,-26.045836,-31.415390,-4.233781,-26.045836,0,1418,0
1745872839.479220,2.994957,0.773163,-1.658666,-1.710026,-3.398283,-1.622566,-17.543574,3.071305,8.087087,-36.066290,3.661780,22.419789,-57.187173,-6.898249,-30.241717,-57.187173,-6.898249,-30.241717,0,1037,0
1745872839.484226,2.994957,0.773163,-1.658666,-1.710026,-3.398283,-1.622566,-21.242242,3.743996,7.147545,-44.738603,4.872339,21.489143,-64.788486,-7.959840,-28.708217,-64.788486,-7.959840,-28.708217,0,885,0
1745872839.489221,2.994957,0.773163,-1.658666,-1.710026,-3.398283,-1.622566,-20.972899,3.709639,5.679265,-43.260230,4.921602,16.780571,-58.757663,-7.320602,-22.189839,-58.757663,-7.320602,-22.189839,0,976,0
1745872839.494248,2.990933,0.806632,-1.644023,-1.604769,-3.519910,-1.680888,-15.627599,0.234903,2.608356,-27.050067,-0.757170,4.338840,-31.644485,0.097377,-6.363807,-31.644485,0.097377,-6.363807,0,2071,1113
1745872839.499228,2.990933,0.806632,-1.644023,-1.604769,-3.519910,-1.680888,-10.369076,-1.965979,0.368736,-12.970837,-4.449615,-5.432453,-8.063671,5.214568,6.796998,-8.063671,5.214568,6.796998,870,2795,3019
1745872839.504224,2.985090,0.839750,-1.629216,-1.934839,-3.492765,-1.672774,-13.843259,-2.460676,-0.901095,-20.637821,-5.598814,-9.299873,-11.367611,6.979904,12.451991,-11.367611,6.979904,12.451991,397,3045,3819
1745872839.509227,2.985090,0.839750,-1.629216,-1.934839,-3.492765,-1.672774,-14.348735,-2.472698,-1.595209,-21.478073,-5.576565,-11.228227,-10.080024,7.258489,15.310161,-10.080024,7.258489,15.310161,581,3084,4095
1745872839.514224,2.985090,0.839750,-1.629216,-1.934839,-3.492765,-1.672774,-12.910502,-2.177431,-1.838164,-17.866251,-4.995654,-12.811928,-4.622883,6.931519,17.788842,-4.622883,6.931519,17.788842,1362,3038,4095
1745872839.519224,2.977972,0.873106,-1.613517,-2.142805,-3.459832,-1.724658,-15.515008,-0.916934,-3.038308,-22.640851,-2.816285,-16.914233,-3.281854,5.533858,25.262025,-3.281854,5.533858,25.262025,1554,2840,4095
1745872839.524225,2.968498,0.905491,-1.598366,-2.426444,-3.384232,-1.613126,-22.210855,1.844926,-0.692336,-40.678821,1.785277,-6.882364,-31.646667,-0.573238,11.480651,-31.646667,-0.573238,11.480651,0,1942,3682
1745872839.529228,2.958875,0.938021,-1.584242,-2.326561,-3.380232,-1.566194,-21.276673,3.464949,2.028263,-40.025300,4.840099,1.762146,-41.188901,-5.079715,-1.442977,-41.188901,-5.079715,-1.442977,0,1297,1817
1745872839.534229,2.958875,0.938021,-1.584242,-2.326561,-3.380232,-1.566194,-18.077531,4.063710,3.498590,-33.401847,5.868831,4.841780,-38.439931,-6.650898,-6.247707,-38.439931,-6.650898,-6.247707,0,1072,1130
1745872839.539230,2.958875,0.938021,-1.584242,-2.326561,-3.380232,-1.566194,-13.839364,3.944484,3.999811,-23.889074,5.716470,4.264183,-28.190430,-6.396123,-5.334094,-28.190430,-6.396123,-5.334094,0,1108,1260
1745872839.544234,2.945235,0.970466,-1.570626,-2.824836,-3.388549,-1.509354,-21.678665,3.181370,5.220520,-42.927886,4.039932,10.198235,-56.386522,-5.951960,-16.310552,-56.386522,-5.951960,-16.310552,0,1172,0
1745872839.549232,2.945235,0.970466,-1.570626,-2.824836,-3.388549,-1.509354,-23.971491,2.309594,5.351440,-48.232066,2.381040,11.900816,-64.602544,-4.657117,-19.839420,-64.602544,-4.657117,-19.839420,0,1357,0
1745872839.554229,2.930305,1.002060,-1.555518,-3.243685,-3.208657,-1.638908,-32.743915,5.880383,1.607072,-64.210634,8.554608,0.920754,-62.812321,-8.557468,1.659557,-62.812321,-8.557468,1.659557,0,799,2292
1745872839.559227,2.930305,1.002060,-1.555518,-3.243685,-3.208657,-1.638908,-34.287272,7.419978,-0.958558,-66.332283,11.585694,-7.033917,-51.771232,-9.852905,17.281457,-51.771232,-9.852905,17.281457,0,614,4095
1745872839.564228,2.909873,1.034146,-1.539673,-3.934464,-3.262097,-1.679759,-47.992746,6.176480,-3.466420,-94.476503,9.298270,-13.153488,-69.366959,-6.029031,29.216640,-69.366959,-6.029031,29.216640,0,1161,4095
1745872839.569230,2.909873,1.034146,-1.539673,-3.934464,-3.262097,-1.679759,-50.780538,4.632585,-4.628144,-100.117942,6.524630,-15.517094,-72.212124,-2.786717,32.470292,-72.212124,-2.786717,32.470292,0,1625,4095
1745872839.574223,2.909873,1.034146,-1.539673,-3.934464,-3.262097,-1.679759,-46.325297,3.091328,-4.794887,-90.255395,3.885767,-18.061282,-59.205828,0.365894,36.128255,-59.205828,0.365894,36.128255,0,2109,4095
1745872839.579225,2.909873,1.034146,-1.539673,-3.934464,-3.262097,-1.679759,-37.832109,1.735836,-4.313912,-71.788404,1.647156,-20.415510,-37.751362,3.085327,39.604383,-37.751362,3.085327,39.604383,0,2494,4095
1745872839.584224,2.909873,1.034146,-1.539673,-3.934464,-3.262097,-1.679759,-27.827821,0.666314,-3.481293,-50.147140,-0.059836,-22.357309,-13.592154,5.192633,42.534179,-13.592154,5.192633,42.534179,79,2792,4095
1745872839.589249,2.909873,1.034146,-1.539673,-3.934464,-3.262097,-1.679759,-18.041682,-0.095686,-2.523379,-29.037815,-1.228251,-23.808582,9.440493,6.663107,44.772094,9.440493,6.663107,44.772094,3393,3000,4095
1745872839.594243,2.886365,1.066046,-1.523211,-4.335900,-3.161433,-1.732045,-19.507034,1.901312,-2.891580,-31.681299,2.683037,-26.850845,16.570431,4.182807,55.126220,16.570431,4.182807,55.126220,4095,2649,4095
1745872839.599236,2.886365,1.066046,-1.523211,-4.335900,-3.161433,-1.732045,-18.050756,2.932483,-2.771240,-28.530365,4.613690,-27.264451,21.327980,2.419118,56.961731,21.327980,2.419118,56.961731,4095,2399,4095
1745872839.604230,2.801897,1.157048,-1.482448,-4.383644,-3.001191,-1.595955,-16.091846,7.148012,0.973654,-28.445032,15.226492,-14.177172,13.551577,-9.632554,45.866843,13.551577,-9.632554,45.866843,3975,645,4095
1745872839.609233,2.801897,1.157048,-1.482448,-4.383644,-3.001191,-1.595955,-12.879798,8.945439,3.228639,-22.573996,18.360358,-8.069540,8.685958,-14.622403,34.140742,8.685958,-14.622403,34.140742,3286,0,4095
1745872839.614234,2.776488,1.188034,-1.470705,-3.940452,-3.075448,-1.686721,1.587961,7.165360,2.034024,7.927396,16.575472,-16.491971,60.888535,-9.594523,57.092545,60.888535,-9.594523,57.092545,4095,651,4095
1745872839.619241,2.752359,1.219054,-1.458394,-3.833924,-3.023007,-1.729411,13.169671,6.445527,-0.019477,31.936698,16.786266,-27.054167,117.495869,-5.264161,91.139273,117.495869,-5.264161,91.139273,4095,1270,4095
1745872839.624243,2.752359,1.219054,-1.458394,-3.833924,-3.023007,-1.729411,18.867290,5.199984,-1.313857,43.929067,15.013985,-33.357958,143.547278,-1.232288,106.115233,143.547278,-1.232288,106.115233,4095,1847,4095
1745872839.629235,2.734344,1.250874,-1.445028,-3.322399,-3.070913,-1.829490,32.667877,2.605728,-4.418213,72.290637,11.631489,-46.418938,214.847752,7.705613,150.177108,214.847752,7.705613,150.177108,4095,3148,4095
1745872839.634233,2.717289,1.283223,-1.432981,-3.083642,-3.101131,-1.797261,43.266132,-0.096839,-5.055766,91.445433,7.744315,-48.562867,251.855858,12.935066,167.279751,251.855858,12.935066,167.279751,4095,3888,4095
1745872839.639234,2.717289,1.283223,-1.432981,-3.083642,-3.101131,-1.797261,44.674499,-1.795278,-4.840075,94.070220,4.527943,-47.873827,247.880701,15.582559,160.397174,247.880701,15.582559,160.397174,4095,4095,4095
1745872839.644242,2.717289,1.283223,-1.432981,-3.083642,-3.101131,-1.797261,40.084417,-2.650956,-4.109473,84.666863,2.433558,-43.729942,222.794088,15.785247,144.042307,222.794088,15.785247,144.042307,4095,4095,4095
1745872839.649236,2.701616,1.315626,-1.422565,-2.883990,-3.153968,-1.791155,37.164021,-4.158455,-2.995814,76.689907,-0.544564,-36.014009,200.712441,15.831721,128.172739,200.712441,15.831721,128.172739,4095,4095,4095
1745872839.654233,2.701616,1.315626,-1.422565,-2.883990,-3.153968,-1.791155,30.770508,-4.604270,-1.924443,63.788552,-2.069308,-30.398003,165.842876,14.819293,105.469400,165.842876,14.819293,105.469400,4095,4095,4095
1745872839.659233,2.683616,1.347411,-1.413157,-3.016375,-3.070458,-1.725361,19.712522,-2.276815,0.601356,40.133163,1.708503,-17.452908,112.366679,6.184094,74.074022,112.366679,6.184094,74.074022,4095,2932,4095
1745872839.664237,2.683616,1.347411,-1.413157,-3.016375,-3.070458,-1.725361,10.297504,-0.524666,2.126229,21.539074,4.104537,-10.209574,69.837314,0.832446,49.528877,69.837314,0.832446,49.528877,4095,2175,4095
1745872839.669235,2.659498,1.379313,-1.410578,-2.958141,-3.140066,-1.635655,4.514644,-1.058290,5.025846,7.495021,3.082554,5.583876,-10.653602,-5.320110,-18.486502,-10.653602,-5.320110,-18.486502,499,1262,0
1745872839.674235,2.626798,1.410953,-1.415628,-3.127193,-3.168469,-1.579606,-3.839720,-1.962288,7.618671,-10.922798,2.001141,21.116157,-118.813809,-12.138452,-109.284147,-118.813809,-12.138452,-109.284147,0,287,0
1745872839.679236,2.626798,1.410953,-1.415628,-3.127193,-3.168469,-1.579606,-8.654864,-2.293776,8.325528,-20.286027,0.802190,24.542910,-150.339022,-12.782075,-131.732297,-150.339022,-12.782075,-131.732297,0,195,0
1745872839.684233,2.626798,1.410953,-1.415628,-3.127193,-3.168469,-1.579606,-10.637378,-2.222328,7.752607,-23.970387,0.942566,22.873010,-144.579181,-12.082072,-122.166148,-144.579181,-12.082072,-122.166148,0,295,0
1745872839.689235,2.581530,1.442289,-1.429895,-3.600297,-3.063903,-1.567269,-22.185347,0.657869,6.742722,-46.313463,8.777079,24.194200,-168.857749,-20.289049,-123.563154,-168.857749,-20.289049,-123.563154,0,0,0
1745872839.694237,2.515630,1.473493,-1.459930,-4.133698,-3.097550,-1.654099,-39.841798,1.574027,3.149369,-80.583430,15.995070,24.437054,-187.462328,-27.279522,-107.386863,-187.462328,-27.279522,-107.386863,0,0,0
1745872839.699240,2.515630,1.473493,-1.459930,-4.133698,-3.097550,-1.654099,-46.126016,1.960594,0.489885,-92.049194,17.039623,15.832764,-121.223277,-23.084964,-29.312739,-121.223277,-23.084964,-29.312739,0,0,0
1745872839.704198,2.139378,1.533794,-1.754926,-4.582829,-3.049667,-1.620705,-55.367391,3.127721,-0.424692,-122.791566,124.921112,411.570552,-3265.431993,-414.078482,-3144.793072,-3265.431993,-414.078482,-3144.793072,0,0,0
1745872839.709241,2.139378,1.533794,-1.754926,-4.582829,-3.049667,-1.620705,-54.549637,3.497887,-0.962975,-121.262999,126.010149,409.686485,-3211.710464,-413.077222,-3092.564360,-3211.710464,-413.077222,-3092.564360,0,0,0
1745872839.714236,2.139378,1.533794,-1.754926,-4.582829,-3.049667,-1.620705,-47.306283,3.297327,-1.180266,-108.207201,126.176111,408.711049,-3180.689405,-412.344616,-3074.586792,-3180.689405,-412.344616,-3074.586792,0,0,0
1745872839.719236,1.127023,1.552002,-2.724817,-4.752419,-2.996804,-1.606042,-41.083794,4.061949,-0.814179,-67.254645,756.670603,-957.794950,14411.247634,1189.897907,14481.059794,14411.247634,1189.897907,14481.059794,4095,4095,4095
1745872839.724272,1.127023,1.552002,-2.724817,-4.752419,-2.996804,-1.606042,-32.050900,4.047803,-0.480527,-51.139889,756.096232,-956.950695,14419.049506,1188.888822,14472.745442,14419.049506,1188.888822,14472.745442,4095,4095,4095
1745872839.729239,0.035352,1.535145,2.507916,-4.553218,-2.991608,-1.649024,-17.655462,3.669367,-1.260129,-29.643810,84.692757,135.357567,3847.047239,79.855676,3879.155978,3847.047239,79.855676,3879.155978,4095,4095,4095
1745872839.734243,0.035352,1.535145,2.507916,-4.553218,-2.991608,-1.649024,-6.308021,2.980703,-1.604749,-7.740803,83.396063,133.630512,3819.272622,78.620834,3829.446766,3819.272622,78.620834,3829.446766,4095,4095,4095
1745872839.739260,-0.241159,1.506681,2.272233,-4.610842,-3.010299,-1.629430,0.245143,1.717915,-1.144099,2.269479,15.384463,22.490225,285.200592,20.310573,283.513646,285.200592,20.310573,283.513646,4095,4095,4095
1745872839.744240,-0.363737,1.476193,2.188501,-4.221919,-3.004449,-1.757536,13.813227,0.858683,-3.841050,27.991673,10.517532,-14.656732,-155.803288,4.614992,-184.620496,-155.803288,4.614992,-184.620496,0,2710,0
1745872839.749243,-0.363737,1.476193,2.188501,-4.221919,-3.004449,-1.757536,20.762667,0.206986,-5.088686,41.390296,9.953020,-19.741897,-190.373957,2.278268,-232.805248,-190.373957,2.278268,-232.805248,0,2379,0
1745872839.754238,-0.363737,1.476193,2.188501,-4.221919,-3.004449,-1.757536,22.607827,-0.229815,-5.253273,44.914701,9.272127,-20.439023,-191.162870,1.393907,-237.137941,-191.162870,1.393907,-237.137941,0,2254,0
1745872839.759238,-0.435334,1.444704,2.152257,-3.839804,-3.029410,-1.771011,30.371626,-1.089902,-5.044741,59.464298,7.600403,-30.306646,-182.598797,-5.889217,-244.000242,-182.598797,-5.889217,-244.000242,0,1181,0
