stamp,phi,theta,psi,p,q,r,p_dot,q_dot,r_dot,Tix,Tiy,Tiz,Gx,Gy,Gz,cmdTroll,cmdTpitch,cmdTyaw,rawIroll,rawIpitch,rawIyaw
1746316085.823240,-3.054906,0.075600,-1.728573,0.004066,0.001921,0.005451,0.011830,0.012246,0.052587,0.031356,0.023987,0.135594,-0.034796,0.025276,0.132311,-0.034796,0.025276,0.132311,2019,2060,2076
1746316085.828269,-3.054892,0.075587,-1.728584,0.002901,-0.002031,0.003771,0.015628,0.003748,0.085306,0.033457,0.020650,0.155772,-0.030075,0.031828,0.153943,-0.030075,0.031828,0.153943,2019,2061,2079
1746316085.833322,-3.054892,0.075587,-1.728584,0.002901,-0.002031,0.003771,0.018367,-0.003267,0.110034,0.036561,0.015321,0.186459,-0.025286,0.035731,0.184269,-0.025286,0.035731,0.184269,2020,2062,2083
1746316085.838163,-3.054892,0.075587,-1.728584,0.002901,-0.002031,0.003771,0.020090,-0.008644,0.126821,0.039732,0.009318,0.219053,-0.019841,0.039806,0.216452,-0.019841,0.039806,0.216452,2021,2062,2087
1746316085.843294,-3.054874,0.075588,-1.728580,0.008695,-0.010455,0.001084,0.047891,-0.052012,0.126127,0.062764,-0.014406,0.243780,-0.008665,0.074704,0.242365,-0.008665,0.074704,0.242365,2022,2067,2091
1746316085.848137,-3.054874,0.075588,-1.728580,0.008695,-0.010455,0.001084,0.068029,-0.083931,0.122776,0.093689,-0.044926,0.258965,0.016689,0.110040,0.255636,0.016689,0.110040,0.255636,2059,2072,2093
1746316085.853121,-3.054874,0.075588,-1.728580,0.008695,-0.010455,0.001084,0.083495,-0.108966,0.117290,0.129173,-0.079571,0.266936,0.045411,0.150526,0.261438,0.045411,0.150526,0.261438,2063,2078,2094
1746316085.858142,-3.054874,0.075588,-1.728580,0.008695,-0.010455,0.001084,0.094283,-0.127018,0.110155,0.164304,-0.113915,0.268225,0.073889,0.190618,0.260576,0.073889,0.190618,0.260576,2067,2084,2094
1746316085.863156,-3.054748,0.075888,-1.728440,0.047770,-0.083053,-0.017162,0.277238,-0.466402,0.019532,0.325615,-0.286294,0.207281,0.160637,0.449576,0.206831,0.160637,0.449576,0.206831,2080,2098,2086
1746316085.868713,-3.057821,0.076110,-1.727874,-0.589908,-0.046636,-0.062125,-2.754060,-0.577982,-0.287360,-1.903925,-0.470433,0.006358,1.649552,-1.760258,0.010338,1.649552,-1.760258,0.010338,2098,1998,2058
1746316085.873270,-3.057821,0.076110,-1.727874,-0.589908,-0.046636,-0.062125,-4.666191,-0.637505,-0.480751,-4.606734,-0.612720,-0.198200,2.214531,-4.407533,-0.237179,2.214531,-4.407533,-0.237179,2098,1998,1998
1746316085.878094,-3.057821,0.076110,-1.727874,-0.589908,-0.046636,-0.062125,-6.248518,-0.677022,-0.640613,-7.910518,-0.745784,-0.430305,2.864658,-7.649828,-0.518718,2.864658,-7.649828,-0.518718,2098,1998,1998
1746316085.883141,-3.066402,0.075502,-1.726131,-1.041965,-0.079325,-0.230737,-9.519661,-0.844498,-1.529326,-12.893490,-0.895332,-1.120104,4.450492,-12.520407,-1.107175,4.450492,-12.520407,-1.107175,2098,1998,1998
1746316085.888156,-3.066402,0.075502,-1.726131,-1.041965,-0.079325,-0.230737,-11.938822,-0.960220,-2.210651,-18.395135,-1.062986,-2.017080,5.470197,-17.929873,-2.081067,5.470197,-17.929873,-2.081067,2098,1998,1998
1746316085.893265,-3.080794,0.076251,-1.722982,-2.085768,-0.015102,-0.309073,-18.464277,-0.738493,-3.083468,-27.408547,-0.989623,-3.104699,8.276898,-26.926634,-3.187806,8.276898,-26.926634,-3.187806,2098,1998,1998
1746316085.898075,-3.111625,0.075265,-1.720639,-3.663217,0.042687,-0.220516,-29.854491,-0.303120,-3.296606,-41.902344,-0.557990,-3.752095,12.321176,-41.392199,-4.044880,12.321176,-41.392199,-4.044880,2098,1998,1998
1746316085.903143,-3.111625,0.075265,-1.720639,-3.663217,0.042687,-0.220516,-39.026221,0.079145,-3.408157,-60.171410,-0.048089,-4.155551,14.550552,-59.532672,-4.615972,14.550552,-59.532672,-4.615972,2098,1998,1998
1746316085.908004,-3.111625,0.075265,-1.720639,-3.663217,0.042687,-0.220516,-45.287461,0.374411,-3.419273,-78.014444,0.450090,-4.337044,16.727772,-77.250137,-4.961179,16.727772,-77.250137,-4.961179,2098,1998,1998
1746316085.913390,3.135026,0.074645,-1.719087,-4.421143,0.188749,-0.095917,-53.563950,1.340962,-2.744807,-99.109277,1.388688,-3.673663,19.938511,-98.415483,-4.570113,19.938511,-98.415483,-4.570113,2098,1998,1998
1746316085.918155,3.087304,0.071455,-1.720201,-5.394505,0.342291,0.190048,-62.359621,2.652688,-0.977440,-119.601612,2.566765,-1.762966,23.395315,-118.993581,-3.045596,23.395315,-118.993581,-3.045596,2098,1998,1998
1746316085.923187,3.087304,0.071455,-1.720201,-5.394505,0.342291,0.190048,-68.630608,3.731347,0.574127,-140.616474,3.964028,0.846865,25.146144,-139.982316,-0.560764,25.146144,-139.982316,-0.560764,2098,1998,1998
1746316085.928101,3.039082,0.069386,-1.722273,-5.236513,0.164680,0.271691,-71.375041,3.717718,2.152226,-158.309525,4.889619,3.475972,26.955763,-157.399281,1.880012,26.955763,-157.399281,1.880012,2098,1998,2098
1746316085.933408,2.989465,0.068046,-1.724483,-5.675913,0.184142,0.211756,-74.214973,3.711410,3.204981,-174.804143,5.699604,6.350673,29.689945,-173.800445,4.699086,29.689945,-173.800445,4.699086,2098,1998,2098
1746316085.938221,2.989465,0.068046,-1.724483,-5.675913,0.184142,0.211756,-74.575492,3.621507,3.897347,-186.553483,6.215008,8.773622,30.982227,-185.490200,7.034168,30.982227,-185.490200,7.034168,2098,1998,2098
1746316085.943051,2.940290,0.067882,-1.725014,-5.198930,-0.100472,-0.005565,-71.237976,2.234579,3.440009,-193.281242,6.085920,9.845134,31.528640,-191.821761,8.241068,31.528640,-191.821761,8.241068,2098,1998,2098
1746316085.948311,2.940290,0.067882,-1.725014,-5.198930,-0.100472,-0.005565,-66.635897,0.947941,2.953935,-195.326676,5.413821,10.355605,32.509213,-193.739681,8.685026,32.509213,-193.739681,8.685026,2098,1998,2098
1746316085.953449,2.940290,0.067882,-1.725014,-5.198930,-0.100472,-0.005565,-61.401027,-0.085581,2.500353,-192.971083,4.472747,10.375795,33.078595,-191.267489,8.666594,33.078595,-191.267489,8.666594,2098,1998,2098
1746316085.958132,2.895302,0.069153,-1.723740,-5.035522,-0.098638,-0.228312,-55.527474,-0.837146,1.173356,-187.250534,3.617911,9.536918,32.564564,-185.517295,8.037011,32.564564,-185.517295,8.037011,2098,1998,2098
1746316085.963166,2.852106,0.072884,-1.720929,-4.716444,-0.362883,-0.464862,-47.705983,-2.681794,-1.097645,-176.853648,2.286925,7.060759,31.329701,-174.843440,5.759388,31.329701,-174.843440,5.759388,2098,1998,2098
1746316085.968440,2.852106,0.072884,-1.720929,-4.716444,-0.362883,-0.464862,-39.918019,-4.185551,-3.001640,-162.783117,0.613513,3.804167,30.878575,-160.680894,2.535647,30.878575,-160.680894,2.535647,2098,1998,2098
1746316085.973199,2.852106,0.072884,-1.720929,-4.716444,-0.362883,-0.464862,-33.370452,-5.181162,-4.314145,-148.436245,-0.929506,0.685175,30.256736,-146.264618,-0.538064,30.256736,-146.264618,-0.538064,2098,1998,1998
1746316085.978131,2.767894,0.081059,-1.714528,-4.581856,-0.297986,-0.482209,-26.500218,-5.630341,-5.416174,-132.137951,-2.288633,-2.307713,28.134731,-130.149587,-3.547081,28.134731,-130.149587,-3.547081,2098,1998,1998
1746316085.983464,2.728475,0.085594,-1.713056,-4.332329,-0.466407,-0.270309,-18.621264,-6.701322,-5.241812,-112.994539,-4.040954,-4.823089,26.592544,-110.813759,-6.270604,26.592544,-110.813759,-6.270604,2098,1998,1998
1746316085.988185,2.728475,0.085594,-1.713056,-4.332329,-0.466407,-0.270309,-12.609992,-7.309229,-4.999345,-95.785531,-5.504387,-6.512190,25.597660,-93.571107,-7.874653,25.597660,-93.571107,-7.874653,2098,1998,1998
1746316085.993300,2.728475,0.085594,-1.713056,-4.332329,-0.466407,-0.270309,-6.982574,-7.691768,-4.674772,-77.551057,-6.887858,-7.818780,24.377406,-75.324686,-9.076924,24.377406,-75.324686,-9.076924,2098,1998,1998
1746316085.998136,2.691250,0.089523,-1.712941,-4.054341,-0.412502,-0.188623,-1.314919,-7.578385,-3.967035,-60.357728,-7.981389,-8.338411,22.599191,-58.205797,-9.626533,22.599191,-58.205797,-9.626533,2098,1998,1998
1746316086.003159,2.655992,0.093910,-1.712935,-3.876436,-0.442434,-0.224459,4.333101,-7.451698,-3.441041,-42.709864,-8.822746,-8.559711,20.664149,-40.586882,-9.727715,20.664149,-40.586882,-9.727715,2098,1998,1998
1746316086.008318,2.655992,0.093910,-1.712935,-3.876436,-0.442434,-0.224459,8.941936,-7.172240,-2.922148,-25.629536,-9.357392,-8.556442,18.765433,-23.603066,-9.546399,18.765433,-23.603066,-9.546399,2098,1998,1998
1746316086.013344,2.655992,0.093910,-1.712935,-3.876436,-0.442434,-0.224459,12.356369,-6.785190,-2.446050,-10.528508,-9.586913,-8.381799,16.844960,-8.621812,-9.191670,16.844960,-8.621812,-9.191670,2098,1998,1998
1746316086.018176,2.621372,0.098552,-1.712910,-3.812219,-0.476018,-0.268202,15.031036,-6.480826,-2.211189,2.479200,-9.611637,-8.215986,14.926605,4.291581,-8.853808,14.926605,4.291581,-8.853808,2098,2098,1998
1746316086.023257,2.588928,0.104773,-1.712039,-3.592057,-0.531820,-0.496941,18.006187,-6.330998,-3.006343,15.044661,-9.438733,-8.687510,12.654778,16.755390,-8.950528,12.654778,16.755390,-8.950528,2098,2098,1998
1746316086.028285,2.588928,0.104773,-1.712039,-3.592057,-0.531820,-0.496941,19.976353,-6.065360,-3.574428,25.935532,-9.149267,-9.435718,10.825010,27.497058,-9.507377,10.825010,27.497058,-9.507377,2098,2098,1998
1746316086.033681,2.558344,0.111910,-1.710063,-3.358442,-0.549098,-0.622305,22.339111,-5.769795,-4.590777,36.503365,-8.702407,-10.738252,8.610878,37.907081,-10.514993,8.610878,37.907081,-10.514993,2098,2098,1998
1746316086.038302,2.558344,0.111910,-1.710063,-3.358442,-0.549098,-0.622305,23.455620,-5.437921,-5.183676,44.291212,-8.224319,-11.964865,7.046548,45.553160,-11.566906,7.046548,45.553160,-11.566906,2098,2098,1998
1746316086.043245,2.558344,0.111910,-1.710063,-3.358442,-0.549098,-0.622305,23.958834,-5.033227,-5.600391,51.019826,-7.618032,-13.233960,5.502425,52.132464,-12.663558,5.502425,52.132464,-12.663558,2098,2098,1998
1746316086.048181,2.528778,0.119897,-1.708066,-3.295609,-0.625695,-0.695212,24.121089,-4.933876,-6.140118,56.271681,-7.032722,-14.578230,4.204530,57.330396,-13.794639,4.204530,57.330396,-13.794639,2098,2098,1998
1746316086.053145,2.528778,0.119897,-1.708066,-3.295609,-0.625695,-0.695212,23.722204,-4.743690,-6.446968,60.023300,-6.476691,-15.775939,3.132668,60.970638,-14.864143,3.132668,60.970638,-14.864143,2098,2098,1998
1746316086.058166,2.500444,0.128763,-1.706382,-3.136051,-0.720872,-0.731842,23.582796,-4.910853,-6.720452,62.801932,-6.120769,-16.892378,2.259479,63.773779,-15.846631,2.259479,63.773779,-15.846631,2098,2098,1998
1746316086.063176,2.444185,0.145982,-1.704608,-3.120986,-0.707827,-0.678707,23.003836,-4.876240,-6.550213,64.462442,-5.842609,-17.624231,1.841571,65.373491,-16.532420,1.841571,65.373491,-16.532420,2098,2098,1998
1746316086.068190,2.444185,0.145982,-1.704608,-3.120986,-0.707827,-0.678707,22.013282,-4.737874,-6.263784,65.002856,-5.579235,-17.992142,1.504872,65.873936,-16.851353,1.504872,65.873936,-16.851353,2098,2098,1998
1746316086.073337,2.444185,0.145982,-1.704608,-3.120986,-0.707827,-0.678707,20.676149,-4.512474,-5.879497,64.426480,-5.283605,-18.020738,1.286457,65.263272,-16.848178,1.286457,65.263272,-16.848178,2098,2098,1998
1746316086.078285,2.413654,0.154830,-1.703923,-3.462318,-0.714891,-0.698034,17.643810,-4.265480,-5.532411,61.810319,-4.793616,-17.806415,1.698547,62.614570,-16.569419,1.698547,62.614570,-16.569419,2098,2098,1998
1746316086.088889,2.382191,0.164652,-1.702800,-3.511123,-0.718919,-0.828517,11.054518,-3.671576,-5.910806,50.581041,-3.448875,-17.470823,1.983666,51.313858,-16.104188,1.983666,51.313858,-16.104188,2098,2098,1998
1746316086.093323,2.349354,0.175178,-1.701509,-3.670644,-0.752727,-0.947458,8.142706,-3.488230,-6.239157,45.014070,-2.739505,-17.441144,2.305950,45.739862,-15.935978,2.305950,45.739862,-15.935978,2098,2098,1998
1746316086.098161,2.349354,0.175178,-1.701509,-3.670644,-0.752727,-0.947458,5.344052,-3.254556,-6.416544,38.415239,-2.027294,-17.387218,2.462306,39.104494,-15.909301,2.462306,39.104494,-15.909301,2098,2098,1998
1746316086.103336,2.349354,0.175178,-1.701509,-3.670644,-0.752727,-0.947458,2.775471,-2.976811,-6.427134,31.206715,-1.312285,-17.236422,2.696547,31.864269,-15.799329,2.696547,31.864269,-15.799329,2098,2098,1998
1746316086.108284,2.349354,0.175178,-1.701509,-3.670644,-0.752727,-0.947458,0.730280,-2.693985,-6.287209,24.493575,-0.658900,-16.969313,2.927264,25.123235,-15.572431,2.927264,25.123235,-15.572431,2098,2098,1998
1746316086.113190,2.349354,0.175178,-1.701509,-3.670644,-0.752727,-0.947458,-0.936996,-2.406774,-6.036880,18.219859,-0.034898,-16.571527,3.129401,18.821705,-15.209873,3.129401,18.821705,-15.209873,2098,2098,1998
1746316086.118179,2.349354,0.175178,-1.701509,-3.670644,-0.752727,-0.947458,-2.299316,-2.115515,-5.696239,12.374838,0.576997,-16.033015,3.286983,12.946792,-14.698825,3.286983,12.946792,-14.698825,2098,2098,1998
1746316086.123102,2.248353,0.208902,-1.697470,-3.704645,-0.739453,-1.076391,-3.491798,-1.776316,-5.868390,7.163905,1.433013,-15.492310,3.178677,7.664918,-13.922696,3.178677,7.664918,-13.922696,2098,2098,1998
1746316086.128128,2.214546,0.220618,-1.696131,-3.776752,-0.706998,-1.119611,-4.732097,-1.307836,-6.076390,2.269886,2.470078,-15.057799,2.862751,2.650302,-13.324937,2.862751,2.650302,-13.324937,2098,2098,1998
1746316086.133154,2.214546,0.220618,-1.696131,-3.776752,-0.706998,-1.119611,-5.631658,-0.897694,-6.107152,-2.087893,3.482395,-14.708943,2.391710,-1.799840,-12.873002,2.391710,-1.799840,-12.873002,2098,1998,1998
1746316086.138090,2.181814,0.233329,-1.694992,-3.658755,-0.705864,-1.236188,-5.698599,-0.545780,-6.513132,-5.346321,4.477647,-14.589858,1.601952,-5.153954,-12.455117,1.601952,-5.153954,-12.455117,2098,1998,1998
1746316086.143321,2.181814,0.233329,-1.694992,-3.658755,-0.705864,-1.236188,-5.623980,-0.229257,-6.712312,-7.875880,5.464430,-14.620822,0.917577,-7.786269,-12.327842,0.917577,-7.786269,-12.327842,2098,1998,1998
1746316086.148314,2.148537,0.246682,-1.693708,-3.677834,-0.735472,-1.304746,-5.520181,-0.113733,-7.015637,-9.612151,6.363063,-14.754061,0.219814,-9.584290,-12.155870,0.219814,-9.584290,-12.155870,2088,1998,1998
1746316086.153352,2.116234,0.260463,-1.692224,-3.668860,-0.678164,-1.400997,-5.269372,0.243460,-7.542027,-10.676459,7.356392,-15.063775,-0.715451,-10.810759,-12.061277,-0.715451,-10.810759,-12.061277,1998,1998,1998
1746316086.159159,2.116234,0.260463,-1.692224,-3.668860,-0.678164,-1.400997,-4.896149,0.570984,-7.835551,-11.255678,8.420787,-15.536786,-1.736279,-11.514643,-12.271396,-1.736279,-11.514643,-12.271396,1998,1998,1998
1746316086.163188,2.116234,0.260463,-1.692224,-3.668860,-0.678164,-1.400997,-4.589430,0.737671,-7.830752,-11.393587,9.090982,-15.822450,-2.407473,-11.732717,-12.384208,-2.407473,-11.732717,-12.384208,1998,1998,1998
1746316086.168117,2.082526,0.274655,-1.690910,-3.788941,-0.673880,-1.440546,-4.722850,0.915932,-7.861292,-11.595170,9.983781,-16.041312,-3.170918,-12.034051,-12.199343,-3.170918,-12.034051,-12.199343,1998,1998,1998
1746316086.173010,2.049873,0.289129,-1.689736,-3.645447,-0.658774,-1.476876,-4.096368,1.106737,-7.875327,-11.276928,10.693756,-16.180386,-4.213791,-11.807400,-11.943016,-4.213791,-11.807400,-11.943016,1998,1998,1998
1746316086.178312,2.016891,0.303823,-1.688281,-3.721275,-0.556784,-1.549755,-3.808547,1.736333,-8.051648,-10.714406,11.790842,-16.346717,-5.373533,-11.465819,-11.519415,-5.373533,-11.465819,-11.519415,1998,1998,1998
1746316086.183109,2.016891,0.303823,-1.688281,-3.721275,-0.556784,-1.549755,-3.512385,2.153733,-7.995370,-10.126127,12.788255,-16.477456,-6.483879,-10.998506,-11.317971,-6.483879,-10.998506,-11.317971,1998,1998,1998
1746316086.188162,2.016891,0.303823,-1.688281,-3.721275,-0.556784,-1.549755,-3.180184,2.466963,-7.772397,-9.439988,13.761755,-16.514236,-7.581359,-10.431205,-11.026417,-7.581359,-10.431205,-11.026417,1998,1998,1998
1746316086.193125,1.984158,0.319329,-1.687199,-3.630349,-0.597521,-1.628307,-2.437595,2.478765,-7.770280,-8.404677,14.485258,-16.551539,-8.679673,-9.432599,-10.488913,-8.679673,-9.432599,-10.488913,1998,1998,1998
1746316086.198148,1.984158,0.319329,-1.687199,-3.630349,-0.597521,-1.628307,-1.771446,2.432858,-7.594167,-7.160429,15.010729,-16.551800,-9.381579,-8.257799,-10.268826,-9.381579,-8.257799,-10.268826,1998,1998,1998
1746316086.203114,1.984158,0.319329,-1.687199,-3.630349,-0.597521,-1.628307,-1.197194,2.341417,-7.282404,-5.854660,15.343308,-16.448243,-9.889222,-6.999492,-10.005904,-9.889222,-6.999492,-10.005904,1998,1998,1998
1746316086.208110,1.918980,0.351753,-1.684498,-3.646193,-0.514285,-1.782960,-0.771528,2.588553,-7.559972,-4.452160,15.862547,-16.445578,-10.780693,-5.708834,-9.063777,-10.780693,-5.708834,-9.063777,1998,1998,1998
1746316086.213296,1.886586,0.368494,-1.683187,-3.631531,-0.469680,-1.802245,-0.326049,2.944846,-7.707818,-2.979222,16.486242,-16.522235,-11.755615,-4.339754,-8.523309,-11.755615,-4.339754,-8.523309,1998,1998,1998
1746316086.218131,1.886586,0.368494,-1.683187,-3.631531,-0.469680,-1.802245,0.016213,3.146244,-7.645021,-1.703043,17.049501,-16.587645,-12.509025,-3.134799,-8.317331,-12.509025,-3.134799,-8.317331,1998,1998,1998
1746316086.223115,1.886586,0.368494,-1.683187,-3.631531,-0.469680,-1.802245,0.304486,3.247837,-7.426244,-0.525978,17.546616,-16.565887,-13.180063,-2.020914,-8.053858,-13.180063,-2.020914,-8.053858,1998,1998,1998
1746316086.228116,1.854824,0.385498,-1.681845,-3.598946,-0.396942,-1.855185,0.679430,3.585201,-7.319466,0.678554,18.100155,-16.504236,-14.096120,-0.934561,-7.318710,-14.096120,-0.934561,-7.318710,1998,1998,1998
1746316086.233108,1.823388,0.403003,-1.680640,-3.475858,-0.405027,-1.914020,1.521310,3.741961,-7.332752,2.178697,18.487462,-16.525637,-15.022249,0.543938,-6.675404,-15.022249,0.543938,-6.675404,1998,2098,1998
1746316086.238130,1.823388,0.403003,-1.680640,-3.475858,-0.405027,-1.914020,2.175270,3.785696,-7.178174,3.753073,18.808624,-16.539596,-15.556895,2.073619,-6.479684,-15.556895,2.073619,-6.479684,1998,2098,1998
1746316086.243076,1.792114,0.420931,-1.679309,-3.565148,-0.328354,-1.999570,2.252067,4.077364,-7.274948,5.050854,19.324260,-16.597275,-16.299492,3.256680,-5.752433,-16.299492,3.256680,-5.752433,1998,2098,1998
1746316086.248136,1.792114,0.420931,-1.679309,-3.565148,-0.328354,-1.999570,2.265307,4.228466,-7.191688,6.058223,19.815426,-16.606431,-16.954000,4.204930,-5.494151,-16.954000,4.204930,-5.494151,1998,2098,1998
1746316086.253133,1.792114,0.420931,-1.679309,-3.565148,-0.328354,-1.999570,2.224358,4.253195,-6.961398,6.761912,20.193931,-16.497495,-17.449764,4.863489,-5.182641,-17.449764,4.863489,-5.182641,1998,2098,1998
1746316086.258138,1.760539,0.439559,-1.678038,-3.586430,-0.284531,-2.061359,2.045076,4.375006,-6.895590,7.203307,20.559918,-16.348801,-18.061505,5.245810,-4.312275,-18.061505,5.245810,-4.312275,1998,2098,1998
1746316086.263110,1.728493,0.458443,-1.676684,-3.615396,-0.224611,-2.086821,1.725032,4.643398,-6.801982,7.357183,20.995012,-16.144873,-18.725421,5.321636,-3.371063,-18.725421,5.321636,-3.371063,1998,2098,1998
1746316086.268169,1.728493,0.458443,-1.676684,-3.615396,-0.224611,-2.086821,1.421031,4.760471,-6.570506,7.244590,21.398530,-15.838035,-19.159613,5.167027,-2.872073,-19.159613,5.167027,-2.872073,1998,2098,1998
1746316086.273348,1.696349,0.477488,-1.675255,-3.618434,-0.148692,-2.105137,1.121142,5.099195,-6.308886,6.979136,21.874211,-15.425544,-19.886350,4.808982,-1.687368,-19.886350,4.808982,-1.687368,1998,2098,1998
1746316086.278186,1.696349,0.477488,-1.675255,-3.618434,-0.148692,-2.105137,0.869889,5.239448,-5.969491,6.586753,22.293902,-14.938375,-20.310253,4.374978,-1.005396,-20.310253,4.374978,-1.005396,1998,2098,1998
1746316086.283142,1.663749,0.496896,-1.673884,-3.688622,-0.091824,-2.149583,0.327574,5.497534,-5.754575,5.942471,22.812297,-14.377066,-20.975528,3.655252,0.409077,-20.975528,3.655252,0.409077,1998,2098,2098
1746316086.288516,1.663749,0.496896,-1.673884,-3.688622,-0.091824,-2.149583,-0.158960,5.593568,-5.426947,5.040207,23.290498,-13.685752,-21.411006,2.708569,1.307983,-21.411006,2.708569,1.307983,1998,2098,2098
1746316086.293365,1.663749,0.496896,-1.673884,-3.688622,-0.091824,-2.149583,-0.506556,5.531732,-5.063093,4.148678,23.579549,-12.987148,-21.633713,1.792027,2.112751,-21.633713,1.792027,2.112751,1998,2098,2098
1746316086.298324,1.596474,0.536906,-1.670929,-3.817368,0.069089,-2.273281,-1.360797,6.078479,-5.201390,3.052249,24.167999,-12.387585,-22.613518,0.551912,4.380814,-22.613518,0.551912,4.380814,1998,2098,2098
1746316086.303318,1.562735,0.557558,-1.669416,-3.871828,0.171739,-2.311177,-2.275430,6.852528,-5.369147,1.736571,25.079393,-11.893377,-23.805748,-0.912911,6.086767,-23.805748,-0.912911,6.086767,1998,1998,2098
1746316086.308373,1.562735,0.557558,-1.669416,-3.871828,0.171739,-2.311177,-2.976116,7.333566,-5.385148,0.277209,26.079752,-11.424962,-24.809591,-2.463677,7.086332,-24.809591,-2.463677,7.086332,1998,1998,2098
1746316086.313514,1.562735,0.557558,-1.669416,-3.871828,0.171739,-2.311177,-3.484204,7.558636,-5.272378,-1.191471,26.991147,-10.934849,-25.708019,-4.014957,8.051816,-25.708019,-4.014957,8.051816,1998,1998,2098
1746316086.318124,1.529601,0.578566,-1.667957,-3.704188,0.198875,-2.332654,-3.082440,7.673015,-5.167343,-1.959441,27.387124,-10.580724,-26.773308,-4.805844,9.430519,-26.773308,-4.805844,9.430519,1998,1998,2098
1746316086.323112,1.497004,0.600021,-1.666267,-3.705851,0.316335,-2.354093,-2.667165,8.143776,-5.062814,-2.250946,27.894881,-10.306114,-27.826037,-5.216141,10.899046,-27.826037,-5.216141,10.899046,1998,1998,2098
1746316086.328196,1.497004,0.600021,-1.666267,-3.705851,0.316335,-2.354093,-2.262332,8.347834,-4.860690,-2.248784,28.415584,-10.043200,-28.454321,-5.263625,11.516727,-28.454321,-5.263625,11.516727,1998,1998,2098
1746316086.333168,1.497004,0.600021,-1.666267,-3.705851,0.316335,-2.354093,-1.890199,8.319575,-4.590017,-2.053316,28.787883,-9.758789,-28.925939,-5.104537,12.067441,-28.925939,-5.104537,12.067441,1998,1998,2098
1746316086.338137,1.465460,0.621611,-1.665071,-3.554994,0.358236,-2.413281,-0.871001,8.298989,-4.532625,-1.264246,28.730887,-9.659155,-29.706069,-4.321444,13.158674,-29.706069,-4.321444,13.158674,1998,1998,2098
1746316086.343391,1.433170,0.643753,-1.663592,-3.661436,0.423843,-2.437631,-0.477177,8.396515,-4.491896,-0.350158,28.740996,-9.627210,-30.245706,-3.435722,14.260331,-30.245706,-3.435722,14.260331,1998,1998,2098
1746316086.348054,1.433170,0.643753,-1.663592,-3.661436,0.423843,-2.437631,-0.185591,8.280980,-4.363786,0.429567,28.681533,-9.581855,-30.262015,-2.653842,14.315473,-30.262015,-2.653842,14.315473,1998,1998,2098
1746316086.353031,1.401161,0.666217,-1.662143,-3.642411,0.524719,-2.443154,0.159873,8.458293,-4.184745,1.295262,28.581333,-9.526202,-30.890481,-1.842049,15.384383,-30.890481,-1.842049,15.384383,1998,1998,2098
1746316086.358057,1.401161,0.666217,-1.662143,-3.642411,0.524719,-2.443154,0.440024,8.413488,-3.943465,2.095056,28.480303,-9.393216,-30.855308,-1.036373,15.495632,-30.855308,-1.036373,15.495632,1998,1998,2098
1746316086.363070,1.401161,0.666217,-1.662143,-3.642411,0.524719,-2.443154,0.656765,8.186462,-3.658790,2.792384,28.268828,-9.172682,-30.668346,-0.322662,15.600620,-30.668346,-0.322662,15.600620,1998,1998,2098
1746316086.368152,1.401161,0.666217,-1.662143,-3.642411,0.524719,-2.443154,0.820212,7.811787,-3.340448,3.383067,27.879209,-8.858475,-30.243356,0.301100,15.652176,-30.243356,0.301100,15.652176,1998,2098,2098
1746316086.373450,1.369619,0.688909,-1.660385,-3.628087,0.637180,-2.450181,1.006576,7.842452,-3.024323,3.959364,27.434408,-8.495609,-30.413792,0.851780,16.748011,-30.413792,0.851780,16.748011,1998,2098,2098
1746316086.378151,1.338205,0.711941,-1.658721,-3.578151,0.705795,-2.452353,1.328072,7.978833,-2.740512,4.496838,27.015461,-8.156672,-30.699538,1.401393,17.858258,-30.699538,1.401393,17.858258,1998,2098,2098
1746316086.383291,1.306648,0.735164,-1.656983,-3.637261,0.815805,-2.482873,1.314823,8.436823,-2.566910,4.935446,26.853056,-7.796912,-31.186219,1.789821,19.262136,-31.186219,1.789821,19.262136,1998,2098,2098
1746316086.388382,1.306648,0.735164,-1.656983,-3.637261,0.815805,-2.482873,1.273261,8.604621,-2.367557,5.208273,26.840514,-7.399360,-31.201036,2.062715,19.669625,-31.201036,2.062715,19.669625,1998,2098,2098
1746316086.393412,1.274924,0.758913,-1.655029,-3.667299,0.898185,-2.486355,1.074690,8.913490,-2.169292,5.269414,26.891990,-6.967148,-32.041181,2.090050,21.353199,-32.041181,2.090050,21.353199,1998,2098,2098
1746316086.398178,1.274924,0.758913,-1.655029,-3.667299,0.898185,-2.486355,0.898827,8.958661,-1.970049,5.186333,26.963525,-6.512742,-32.129788,2.001245,21.868578,-32.129788,2.001245,21.868578,1998,2098,2098
1746316086.403326,1.274924,0.758913,-1.655029,-3.667299,0.898185,-2.486355,0.723158,8.800871,-1.750011,4.981742,26.933738,-5.988671,-32.065158,1.799885,22.348175,-32.065158,1.799885,22.348175,1998,2098,2098
1746316086.408105,1.210365,0.807392,-1.651061,-3.764167,1.101199,-2.484820,0.158699,9.360980,-1.539649,4.516556,27.015918,-5.439895,-33.826774,1.234725,25.563641,-33.826774,1.234725,25.563641,1998,2098,2098
1746316086.413164,1.210365,0.807392,-1.651061,-3.764167,1.101199,-2.484820,-0.334529,9.643258,-1.323614,3.825322,27.264985,-4.781254,-34.105696,0.525746,26.423799,-34.105696,0.525746,26.423799,1998,2098,2098
1746316086.418063,1.177622,0.832186,-1.648804,-3.819662,1.203874,-2.473681,-0.958838,10.102388,-1.075427,2.940515,27.616058,-4.054443,-35.504497,-0.424376,28.907863,-35.504497,-0.424376,28.907863,1998,1998,2098
1746316086.423007,1.145417,0.856909,-1.646395,-3.793278,1.292938,-2.460501,-1.334661,10.656624,-0.788942,1.989757,28.019252,-3.249343,-37.209459,-1.425072,31.635474,-37.209459,-1.425072,31.635474,1998,1998,2098
1746316086.428191,1.145417,0.856909,-1.646395,-3.793278,1.292938,-2.460501,-1.624703,10.883938,-0.526178,1.030437,28.490941,-2.388286,-37.817128,-2.417277,32.955821,-37.817128,-2.417277,32.955821,1998,1998,2098
1746316086.433166,1.145417,0.856909,-1.646395,-3.793278,1.292938,-2.460501,-1.811518,10.807272,-0.310555,0.195235,28.803283,-1.599696,-38.196448,-3.273685,34.031110,-38.196448,-3.273685,34.031110,1998,1998,2098
1746316086.438136,1.113506,0.882120,-1.643680,-3.771969,1.402349,-2.449907,-1.827655,10.993840,-0.081109,-0.490590,28.956858,-0.856386,-39.729213,-4.000249,36.636405,-39.729213,-4.000249,36.636405,1998,1998,2098
1746316086.443204,1.081702,0.907562,-1.641112,-3.763800,1.478725,-2.434376,-1.762351,11.247816,0.181941,-1.054981,29.038055,-0.101395,-41.282406,-4.571241,39.312558,-41.282406,-4.571241,39.312558,1998,1998,2098
1746316086.448167,1.081702,0.907562,-1.641112,-3.763800,1.478725,-2.434376,-1.670636,11.194687,0.386543,-1.455452,29.077476,0.579046,-41.300576,-4.973491,40.007318,-41.300576,-4.973491,40.007318,1998,1998,2098
1746316086.453137,1.081702,0.907562,-1.641112,-3.763800,1.478725,-2.434376,-1.558828,10.902900,0.544655,-1.719442,28.946866,1.169898,-41.058832,-5.227653,40.407675,-41.058832,-5.227653,40.407675,1998,1998,2098
1746316086.458163,1.050348,0.933322,-1.638351,-3.691424,1.558531,-2.408641,-1.104386,10.778730,0.778929,-1.756385,28.544266,1.720161,-42.114272,-5.237751,42.421535,-42.114272,-5.237751,42.421535,1998,1998,2098
1746316086.463182,1.050348,0.933322,-1.638351,-3.691424,1.558531,-2.408641,-0.711029,10.433392,0.951103,-1.593243,28.044511,2.178269,-41.295003,-5.041246,42.221277,-41.295003,-5.041246,42.221277,1998,1998,2098
1746316086.468135,1.050348,0.933322,-1.638351,-3.691424,1.558531,-2.408641,-0.379899,9.923206,1.067796,-1.303951,27.380599,2.526387,-40.214856,-4.707797,41.701388,-40.214856,-4.707797,41.701388,1998,1998,2098
1746316086.473258,1.018645,0.959544,-1.635501,-3.776387,1.659825,-2.380085,-0.484173,9.734130,1.273265,-1.167737,26.666396,2.948348,-40.572386,-4.549368,43.193275,-40.572386,-4.549368,43.193275,1998,1998,2098
1746316086.478089,0.987822,0.985661,-1.632392,-3.726842,1.760066,-2.340792,-0.337487,9.809012,1.572444,-1.077458,26.024848,3.451654,-41.320097,-4.437490,44.898672,-41.320097,-4.437490,44.898672,1998,1998,2098
1746316086.483089,0.956799,1.012258,-1.628575,-3.815650,1.863478,-2.291699,-0.605587,10.124519,2.012495,-1.213453,25.650430,4.220576,-42.465391,-4.556129,47.377910,-42.465391,-4.556129,47.377910,1998,1998,2098
1746316086.488152,0.956799,1.012258,-1.628575,-3.815650,1.863478,-2.291699,-0.812389,10.153427,2.328725,-1.467496,25.401730,5.063501,-41.969201,-4.795386,47.800050,-41.969201,-4.795386,47.800050,1998,1998,2098
1746316086.493156,0.956799,1.012258,-1.628575,-3.815650,1.863478,-2.291699,-0.959477,9.945040,2.528869,-1.756814,25.113694,5.843834,-41.395064,-5.067589,48.093498,-41.395064,-5.067589,48.093498,1998,1998,2098
1746316086.498096,0.926041,1.039002,-1.624579,-3.783966,1.962650,-2.252128,-0.915238,9.997576,2.809023,-2.032100,24.773871,6.656996,-42.893856,-5.323563,50.771368,-42.893856,-5.323563,50.771368,1998,1998,2098
1746316086.503161,0.895256,1.066124,-1.620335,-3.940012,2.094144,-2.231139,-1.569102,10.415821,3.075476,-2.613116,24.694519,7.601772,-44.832013,-5.926881,54.249078,-44.832013,-5.926881,54.249078,1998,1998,2098
1746316086.508204,0.895256,1.066124,-1.620335,-3.940012,2.094144,-2.231139,-2.060525,10.513751,3.219722,-3.320445,24.706186,8.487406,-44.783675,-6.633920,55.092401,-44.783675,-6.633920,55.092401,1998,1998,2098
1746316086.513131,0.895256,1.066124,-1.620335,-3.940012,2.094144,-2.231139,-2.403810,10.356244,3.262014,-4.020972,24.639072,9.209728,-44.573300,-7.330264,55.630574,-44.573300,-7.330264,55.630574,1998,1998,2098
1746316086.518127,0.863985,1.093524,-1.615831,-3.857796,2.117310,-2.172417,-2.264577,10.100820,3.488756,-4.588057,24.263406,9.970273,-46.530344,-7.793050,58.613362,-46.530344,-7.793050,58.613362,1998,1998,2098
1746316086.523345,0.863985,1.093524,-1.615831,-3.857796,2.117310,-2.172417,-2.093299,9.647102,3.599317,-4.950809,23.720376,10.601133,-45.313843,-8.130986,58.163664,-45.313843,-8.130986,58.163664,1998,1998,2098
1746316086.528138,0.803592,1.148769,-1.605225,-3.886935,2.312816,-2.043428,-2.045161,9.937662,4.156561,-5.284950,23.318395,11.545002,-50.619874,-8.397293,65.085774,-50.619874,-8.397293,65.085774,1998,1998,2098
1746316086.533130,0.774166,1.176650,-1.599122,-3.923063,2.393081,-1.998007,-2.122360,10.332250,4.746686,-5.686113,23.118708,12.828497,-53.873665,-8.731669,70.002773,-53.873665,-8.731669,70.002773,1998,1998,2098
1746316086.538291,0.744704,1.204896,-1.592117,-3.954117,2.462981,-1.932812,-2.282257,10.748882,5.435301,-6.172400,23.122193,14.482134,-58.311280,-9.126918,76.404668,-58.311280,-9.126918,76.404668,1998,1998,2098
1746316086.543135,0.744704,1.204896,-1.592117,-3.954117,2.462981,-1.932812,-2.352024,10.822631,5.834599,-6.592839,23.189346,15.985411,-58.473876,-9.548693,78.059777,-58.473876,-9.548693,78.059777,1998,1998,2098
1746316086.548146,0.744704,1.204896,-1.592117,-3.954117,2.462981,-1.932812,-2.359678,10.648624,6.045001,-6.943785,23.166923,17.320911,-58.390308,-9.899081,79.317242,-58.390308,-9.899081,79.317242,1998,1998,2098
1746316086.553136,0.744704,1.204896,-1.592117,-3.954117,2.462981,-1.932812,-2.312761,10.268265,6.079091,-7.183210,22.955997,18.329638,-57.786653,-10.133955,79.762274,-57.786653,-10.133955,79.762274,1998,1998,2098
1746316086.558129,0.715621,1.233755,-1.583736,-4.141142,2.613340,-1.875755,-3.063140,10.404316,6.226896,-7.698878,22.838593,19.322448,-62.543313,-10.607084,86.084869,-62.543313,-10.607084,86.084869,1998,1998,2098
1746316086.563122,0.687708,1.262352,-1.574444,-4.094719,2.688497,-1.795576,-3.395701,10.619202,6.567629,-8.293813,22.777873,20.461138,-68.789396,-11.065330,93.651940,-68.789396,-11.065330,93.651940,1998,1998,2098
1746316086.568156,0.687708,1.262352,-1.574444,-4.094719,2.688497,-1.795576,-3.591414,10.555046,6.698274,-8.851302,22.711627,21.449306,-68.564483,-11.622574,94.425810,-68.564483,-11.622574,94.425810,1998,1998,2098
1746316086.573299,0.687708,1.262352,-1.574444,-4.094719,2.688497,-1.795576,-3.669915,10.255932,6.650459,-9.309380,22.504944,22.159149,-67.878158,-12.079895,94.481717,-67.878158,-12.079895,94.481717,1998,1998,2098
1746316086.578092,0.661926,1.291351,-1.562472,-4.129741,2.779377,-1.688309,-3.798677,10.195246,6.929628,-9.670996,22.318784,22.936827,-75.011622,-12.264251,102.681263,-75.011622,-12.264251,102.681263,1998,1998,2098
1746316086.583066,0.639122,1.320438,-1.548247,-4.018785,2.855028,-1.598005,-3.329965,10.263563,7.422617,-9.772567,22.151525,23.986653,-84.248879,-12.125640,113.047211,-84.248879,-12.125640,113.047211,1998,1998,2098
1746316086.588153,0.639122,1.320438,-1.548247,-4.018785,2.855028,-1.598005,-2.864197,10.086642,7.663688,-9.645553,21.940462,24.954880,-83.385620,-12.003418,113.179093,-83.385620,-12.003418,113.179093,1998,1998,2098
1746316086.593152,0.639122,1.320438,-1.548247,-4.018785,2.855028,-1.598005,-2.428169,9.715072,7.680046,-9.342631,21.591634,25.638119,-81.950434,-11.708438,112.471889,-81.950434,-11.708438,112.471889,1998,1998,2098
1746316086.598149,0.619526,1.349831,-1.530647,-4.113317,2.957144,-1.528393,-2.444521,9.654080,7.833795,-9.089682,21.255802,26.319323,-92.399110,-11.186325,124.020231,-92.399110,-11.186325,124.020231,1998,1998,2098
1746316086.603087,0.605033,1.379281,-1.508841,-3.840370,2.923423,-1.451967,-1.190565,9.240895,8.122817,-8.368338,20.701093,27.064965,-105.507562,-9.993992,137.750730,-105.507562,-9.993992,137.750730,1998,1998,2098
1746316086.608107,0.605033,1.379281,-1.508841,-3.840370,2.923423,-1.451967,-0.125236,8.692461,8.181030,-7.314372,19.987012,27.597673,-101.420451,-8.986260,134.271051,-101.420451,-8.986260,134.271051,1998,1998,2098
1746316086.613140,0.600530,1.438421,-1.437608,-4.108062,3.071445,-1.277995,-0.467951,8.718952,8.830312,-6.515112,19.566485,28.551165,-147.322640,-6.930528,181.971074,-147.322640,-6.930528,181.971074,1998,1998,2098
1746316086.618212,0.600530,1.438421,-1.437608,-4.108062,3.071445,-1.277995,-0.737515,8.540302,9.158497,-6.035906,19.184731,29.552403,-143.973823,-6.506261,179.652793,-143.973823,-6.506261,179.652793,1998,1998,2098
1746316086.623141,0.628952,1.468137,-1.369398,-4.474333,3.218909,-1.134043,-2.557982,8.861669,9.849347,-6.272996,19.386816,30.735121,-190.888378,-5.486984,228.428714,-190.888378,-5.486984,228.428714,1998,1998,2098
1746316086.628216,0.628952,1.468137,-1.369398,-4.474333,3.218909,-1.134043,-4.027505,8.931762,10.207148,-7.137350,19.634150,32.004076,-194.940330,-6.284391,233.728288,-194.940330,-6.284391,233.728288,1998,1998,2098
1746316086.633152,0.628952,1.468137,-1.369398,-4.474333,3.218909,-1.134043,-5.094728,8.785632,10.258986,-8.252542,19.771092,33.008437,-198.426483,-7.349649,238.200448,-198.426483,-7.349649,238.200448,1998,1998,2098
1746316086.638072,0.710770,1.496738,-1.248474,-4.230839,3.246920,-1.006879,-4.771686,8.599011,10.639851,-8.732445,20.118648,33.731624,-288.945791,-5.156671,329.221145,-288.945791,-5.156671,329.221145,1998,1998,2098
1746316086.643113,0.942673,1.522951,-0.978084,-4.199220,3.283041,-0.848239,-4.251809,8.415055,11.440396,-8.483844,20.875217,33.715397,-454.817504,1.341379,495.152291,-454.817504,1.341379,495.152291,1998,2098,2098
1746316086.648223,0.942673,1.522951,-0.978084,-4.199220,3.283041,-0.848239,-3.725829,8.068704,11.833259,-8.059489,21.278795,33.982967,-456.860056,1.918795,497.460075,-456.860056,1.918795,497.460075,1998,2098,2098
1746316086.653214,0.942673,1.522951,-0.978084,-4.199220,3.283041,-0.848239,-3.224761,7.609865,11.872021,-7.518132,21.318678,34.172913,-451.228712,2.390091,492.025121,-451.228712,2.390091,492.025121,1998,2098,2098
1746316086.658144,1.751437,1.540421,-0.124776,-4.197779,3.364640,-0.775961,-2.744660,7.435014,11.960931,-7.427928,19.202649,31.870539,-315.065595,14.764299,353.860521,-315.065595,14.764299,353.860521,1998,2098,2098
1746316086.663342,2.534414,1.528391,0.696081,-4.173200,3.369466,-0.691027,-2.153975,7.135925,12.158771,-8.084284,15.158640,33.237731,89.207475,13.446449,-48.944348,89.207475,13.446449,-48.944348,2098,2098,1998
1746316086.668156,2.534414,1.528391,0.696081,-4.173200,3.369466,-0.691027,-1.664474,6.751931,12.032660,-8.344244,12.118343,34.128542,38.515753,11.280134,2.592614,38.515753,11.280134,2.592614,2098,2098,2098
1746316086.673082,2.940580,1.473772,1.179124,-4.165623,3.482310,-0.450081,-1.185377,6.786441,12.738323,-7.845428,11.040983,37.237437,80.676104,7.983723,-36.390103,80.676104,7.983723,-36.390103,2098,2098,1998
1746316086.678164,2.940580,1.473772,1.179124,-4.165623,3.482310,-0.450081,-0.755783,6.662570,13.044757,-7.263536,10.138724,39.932134,74.360542,7.101473,-27.409548,74.360542,7.101473,-27.409548,2098,2098,1998
1746316086.683146,2.940580,1.473772,1.179124,-4.165623,3.482310,-0.450081,-0.397548,6.412415,12.990744,-6.664955,9.361459,41.894923,69.303334,6.251512,-20.413335,69.303334,6.251512,-20.413335,2098,2098,1998
1746316086.688135,2.977421,1.443384,1.254890,-4.261606,3.508013,-0.284035,-0.527936,6.180695,13.401728,-5.957910,9.221759,43.912725,60.807773,5.020070,-9.777516,60.807773,5.020070,-9.777516,2098,2098,1998
1746316086.693126,2.977421,1.443384,1.254890,-4.261606,3.508013,-0.284035,-0.622136,5.853752,13.435608,-5.466454,8.973142,45.489746,60.149623,4.475694,-7.547680,60.149623,4.475694,-7.547680,2098,2098,1998
1746316086.698136,2.986776,1.412560,1.301740,-4.080328,3.473058,-0.151946,0.132473,5.297595,13.756515,-4.545052,8.926610,46.976247,53.064551,3.281359,0.770615,53.064551,3.281359,0.770615,2098,2098,2098
1746316086.703222,2.986776,1.412560,1.301740,-4.080328,3.473058,-0.151946,0.751425,4.717696,13.705563,-3.545735,8.643087,48.061768,53.015800,2.242629,1.904277,53.015800,2.242629,1.904277,2098,2098,2098
1746316086.708107,2.980439,1.381060,1.335095,-4.394551,3.557290,-0.054486,-0.165451,4.531487,13.788000,-3.035922,8.710851,49.049338,47.742628,1.428890,8.691515,47.742628,1.428890,8.691515,2098,2098,2098
1746316086.713107,2.966835,1.349837,1.360182,-4.233659,3.530058,0.036660,-0.203854,4.153683,13.963962,-2.565147,8.795862,49.948925,43.150198,0.817275,14.007241,43.150198,0.817275,14.007241,2098,2098,2098
1746316086.718170,2.966835,1.349837,1.360182,-4.233659,3.530058,0.036660,-0.230794,3.748309,13.790513,-2.209488,8.688458,50.500002,43.010226,0.447021,14.694887,43.010226,0.447021,14.694887,2098,2098,2098
1746316086.723244,2.945408,1.317715,1.379877,-4.486423,3.562463,0.199743,-1.401643,3.480345,14.075554,-2.226690,8.944052,51.325595,40.113827,0.321004,18.805092,40.113827,0.321004,18.805092,2098,2098,2098
1746316086.728165,2.945408,1.317715,1.379877,-4.486423,3.562463,0.199743,-2.289924,3.191634,13.983174,-2.653271,9.005228,51.922635,40.030420,0.751443,19.482883,40.030420,0.751443,19.482883,2098,2098,2098
1746316086.733143,2.945408,1.317715,1.379877,-4.486423,3.562463,0.199743,-2.971912,2.883205,13.598736,-3.283200,8.923984,52.105469,39.234440,1.354510,20.436341,39.234440,1.354510,20.436341,2098,2098,2098
1746316086.738179,2.945408,1.317715,1.379877,-4.486423,3.562463,0.199743,-3.466000,2.564370,12.975576,-3.966068,8.735396,51.748296,37.977417,1.989183,21.296150,37.977417,1.989183,21.296150,2098,2098,2098
1746316086.743210,2.921572,1.286107,1.395139,-4.309750,3.560359,0.318641,-2.987448,2.238001,12.713028,-4.129083,8.607471,51.219538,34.070720,2.009383,24.405981,34.070720,2.009383,24.405981,2098,2098,2098
1746316086.748149,2.893013,1.253759,1.407517,-4.436788,3.578229,0.482943,-3.104077,2.007364,12.949914,-4.080024,8.774827,51.117552,32.300134,1.873915,26.267720,32.300134,1.873915,26.267720,2098,2098,2098
1746316086.753171,2.893013,1.253759,1.407517,-4.436788,3.578229,0.482943,-3.131375,1.771532,12.857007,-4.050330,8.803385,50.969742,32.406002,1.849258,26.019317,32.406002,1.849258,26.019317,2098,2098,2098
1746316086.758104,2.863992,1.221430,1.417725,-4.286129,3.569402,0.608146,-2.414407,1.504789,13.052127,-3.610055,8.794867,50.957546,30.213972,1.339431,28.001466,30.213972,1.339431,28.001466,2098,2098,2098
1746316086.763007,2.832945,1.189107,1.426683,-4.342139,3.514562,0.725502,-2.028472,1.014061,13.443834,-3.018395,8.778587,51.272607,28.672544,0.733281,29.982427,28.672544,0.733281,29.982427,2098,2098,2098
1746316086.768193,2.832945,1.189107,1.426683,-4.342139,3.514562,0.725502,-1.649054,0.567439,13.474157,-2.361901,8.565044,51.531793,28.358314,0.052924,30.533230,28.358314,0.052924,30.533230,2098,2064,2098
1746316086.773190,2.832945,1.189107,1.426683,-4.342139,3.514562,0.725502,-1.315841,0.207242,13.183496,-1.693471,8.263820,51.464016,27.815736,-0.651837,30.968986,27.815736,-0.651837,30.968986,2098,1998,2098
1746316086.778148,2.801697,1.156612,1.435230,-4.386500,3.529035,0.821345,-1.215756,-0.023246,13.082865,-1.031336,8.089894,51.344785,26.150903,-1.413798,32.607130,26.150903,-1.413798,32.607130,2098,1998,2098
1746316086.783332,2.801697,1.156612,1.435230,-4.386500,3.529035,0.821345,-1.102449,-0.218878,12.694577,-0.414067,7.880886,50.920048,25.843617,-2.053651,32.463695,25.843617,-2.053651,32.463695,2098,1998,2098
1746316086.788143,2.769135,1.124192,1.442964,-4.353982,3.499777,0.957341,-0.852119,-0.487040,12.707882,0.243646,7.722678,50.613302,24.337497,-2.756916,33.595915,24.337497,-2.756916,33.595915,2098,1998,2098
1746316086.793135,2.736909,1.091634,1.449985,-4.306523,3.470885,1.085275,-0.407777,-0.834169,13.019313,1.023197,7.481123,50.572394,22.835753,-3.585014,34.955387,22.835753,-3.585014,34.955387,2098,1998,2098
1746316086.798181,2.736909,1.091634,1.449985,-4.306523,3.470885,1.085275,-0.033464,-1.100453,12.979992,1.814955,7.180474,50.480489,22.395360,-4.407235,35.254279,22.395360,-4.407235,35.254279,2098,1998,2098
1746316086.803156,2.736909,1.091634,1.449985,-4.306523,3.470885,1.085275,0.266568,-1.288490,12.655250,2.595558,6.888653,50.128448,21.971060,-5.217318,35.278754,21.971060,-5.217318,35.278754,2098,1998,2098
1746316086.808296,2.703558,1.058877,1.455733,-4.219835,3.444324,1.237830,0.913450,-1.539661,12.796815,3.606758,6.531521,49.876045,20.420600,-6.277354,36.353731,20.420600,-6.277354,36.353731,2098,1998,2098
1746316086.813134,2.634964,0.993023,1.466787,-4.433903,3.345417,1.456866,0.452875,-2.126958,13.571930,4.131428,6.207977,50.354084,18.741374,-6.809996,38.769223,18.741374,-6.809996,38.769223,2098,1998,2098
1746316086.818192,2.634964,0.993023,1.466787,-4.433903,3.345417,1.456866,0.049141,-2.582211,13.935681,4.278260,5.708816,51.089358,17.860279,-7.007858,40.242575,17.860279,-7.007858,40.242575,2098,1998,2098
1746316086.823070,2.599256,0.960409,1.472230,-4.578848,3.335249,1.559563,-0.903999,-2.925452,14.361514,3.894265,5.262782,52.085789,16.673945,-6.692719,42.491200,16.673945,-6.692719,42.491200,2098,1998,2098
1746316086.828170,2.599256,0.960409,1.472230,-4.578848,3.335249,1.559563,-1.697386,-3.152945,14.403430,3.146809,4.784637,53.023166,15.715477,-5.995943,44.213972,15.715477,-5.995943,44.213972,2098,1998,2098
1746316086.833230,2.555428,0.921568,1.477975,-4.517436,3.257864,1.744334,-2.015229,-3.614727,14.943951,2.297734,3.997926,54.097689,13.712783,-5.175145,46.827977,13.712783,-5.175145,46.827977,2098,1998,2098
1746316086.838182,2.555428,0.921568,1.477975,-4.517436,3.257864,1.744334,-2.221943,-3.899565,15.035779,1.534861,3.265034,55.010278,12.388793,-4.483486,48.795192,12.388793,-4.483486,48.795192,2098,1998,2098
1746316086.842957,2.518947,0.887966,1.482413,-4.458040,3.239163,1.909596,-2.081656,-4.120531,15.498091,0.962496,2.385212,55.923852,10.587048,-3.987363,50.988685,10.587048,-3.987363,50.988685,2098,1998,2098
1746316086.848206,2.518947,0.887966,1.482413,-4.458040,3.239163,1.909596,-1.908247,-4.226746,15.565180,0.578338,1.602458,56.711188,9.297637,-3.673797,52.776333,9.297637,-3.673797,52.776333,2098,1998,2098
1746316086.853159,2.482734,0.854117,1.486246,-4.198300,3.110935,2.052093,-0.574357,-4.779969,15.887046,0.774188,0.268160,57.091391,6.803752,-3.859711,54.657550,6.803752,-3.859711,54.657550,2098,1998,2098
1746316086.858349,2.482734,0.854117,1.486246,-4.198300,3.110935,2.052093,0.577076,-5.141429,15.794148,1.605623,-0.947774,57.183279,5.066193,-4.790862,56.059543,5.066193,-4.790862,56.059543,2098,1998,2098
1746316086.863150,2.449203,0.820866,1.490354,-4.100121,3.059753,2.102184,1.847058,-5.516838,15.587077,2.761338,-2.288758,56.738973,3.128608,-5.996076,56.847783,3.128608,-5.996076,56.847783,2098,1998,2098
1746316086.868191,2.449203,0.820866,1.490354,-4.100121,3.059753,2.102184,2.899015,-5.719525,15.069483,4.359447,-3.413719,55.889943,1.671854,-7.679414,57.064713,1.671854,-7.679414,57.064713,2098,1998,2098
1746316086.873285,2.449203,0.820866,1.490354,-4.100121,3.059753,2.102184,3.694211,-5.753483,14.297043,6.153980,-4.233075,54.589257,0.685181,-9.533984,56.486012,0.685181,-9.533984,56.486012,2098,1998,2098
1746316086.878198,2.382795,0.754618,1.498155,-3.972628,2.905740,2.269641,4.795699,-6.331468,14.112389,7.910420,-5.724323,52.995505,-1.089610,-11.210756,55.554193,-1.089610,-11.210756,55.554193,1998,1998,2098
1746316086.883209,2.382795,0.754618,1.498155,-3.972628,2.905740,2.269641,5.605356,-6.671785,13.646137,9.812723,-7.017687,51.357209,-2.670716,-13.201911,54.998971,-2.670716,-13.201911,54.998971,1998,1998,2098
1746316086.888184,2.349809,0.721321,1.502179,-3.959812,2.861193,2.384186,6.189897,-6.996001,13.476875,11.578470,-8.456529,49.801683,-4.237967,-14.992225,54.138610,-4.237967,-14.992225,54.138610,1998,1998,2098
1746316086.893198,2.316337,0.687789,1.505875,-3.985427,2.793838,2.499456,6.414415,-7.408597,13.555726,13.011456,-10.079215,48.503691,-5.946846,-16.431777,53.574578,-5.946846,-16.431777,53.574578,1998,1998,2098
1746316086.898437,2.316337,0.687789,1.505875,-3.985427,2.793838,2.499456,6.453262,-7.583507,13.302166,14.196702,-11.434819,47.323091,-7.598114,-17.702471,53.442254,-7.598114,-17.702471,53.442254,1998,1998,2098
1746316086.903189,2.283111,0.654015,1.509418,-3.905080,2.716282,2.637740,6.680681,-7.872991,13.410479,15.065644,-12.962268,46.359419,-9.279749,-18.548659,52.930919,-9.279749,-18.548659,52.930919,1998,1998,2098
1746316086.908731,2.283111,0.654015,1.509418,-3.905080,2.716282,2.637740,6.739980,-7.963426,13.196274,15.887554,-14.321589,45.380574,-10.925751,-19.452403,52.953466,-10.925751,-19.452403,52.953466,1998,1998,2098
1746316086.913394,2.251035,0.620410,1.512248,-3.699651,2.524104,2.737047,7.485082,-8.645286,13.162857,16.682565,-16.026454,44.332732,-12.914236,-20.115864,52.329907,-12.914236,-20.115864,52.329907,1998,1998,2098
1746316086.918233,2.251035,0.620410,1.512248,-3.699651,2.524104,2.737047,7.969830,-9.052429,12.867012,17.645503,-17.576218,43.284297,-14.746449,-21.167836,52.346662,-14.746449,-21.167836,52.346662,1998,1998,2098
1746316086.923236,2.251035,0.620410,1.512248,-3.699651,2.524104,2.737047,8.206200,-9.199573,12.336445,18.621774,-18.842462,42.117342,-16.229843,-22.216528,52.042106,-16.229843,-22.216528,52.042106,1998,1998,2098
1746316086.928188,2.217369,0.586204,1.515624,-4.001657,2.525781,2.834551,6.867216,-9.105251,12.069303,18.636705,-19.909427,41.256391,-16.627012,-22.232019,50.940542,-16.627012,-22.232019,50.940542,1998,1998,2098
1746316086.933661,2.183919,0.553016,1.518834,-3.954825,2.434906,2.786479,5.725676,-9.245911,11.297745,17.809558,-21.146030,39.924133,-17.797258,-21.318724,49.601706,-17.797258,-21.318724,49.601706,1998,1998,2098
1746316086.938371,2.183919,0.553016,1.518834,-3.954825,2.434906,2.786479,4.809951,-9.127904,10.506511,16.797403,-21.872818,38.716591,-18.711979,-20.345683,48.874626,-18.711979,-20.345683,48.874626,1998,1998,2098
1746316086.943300,2.183919,0.553016,1.518834,-3.954825,2.434906,2.786479,3.921421,-8.835656,9.606106,15.542167,-22.254249,37.342713,-19.236234,-19.111953,47.776116,-19.236234,-19.111953,47.776116,1998,1998,2098
1746316086.948338,2.149424,0.519263,1.522302,-3.986614,2.284242,2.951540,2.949595,-9.077942,9.389928,13.871079,-23.132098,36.111916,-19.858464,-17.260341,45.982425,-19.858464,-17.260341,45.982425,1998,1998,2098
1746316086.953150,2.113914,0.485744,1.525821,-4.228579,2.255320,3.009512,1.084619,-9.192830,9.268632,11.428101,-24.097175,35.298665,-20.297697,-14.755288,44.726740,-20.297697,-14.755288,44.726740,1998,1998,2098
1746316086.958188,2.113914,0.485744,1.525821,-4.228579,2.255320,3.009512,-0.538122,-9.090771,8.962408,8.447080,-24.805306,34.677783,-21.249203,-11.809119,44.550084,-21.249203,-11.809119,44.550084,1998,1998,2098
1746316086.963331,2.113914,0.485744,1.525821,-4.228579,2.255320,3.009512,-1.869346,-8.794232,8.499797,5.310599,-25.167837,34.092645,-21.818203,-8.692110,44.230593,-21.818203,-8.692110,44.230593,1998,1998,2098
1746316086.968151,2.038430,0.417612,1.532268,-4.473942,2.049416,3.262483,-3.899449,-9.266665,9.057240,1.420676,-26.604174,33.821612,-22.313122,-4.493810,42.330672,-22.313122,-4.493810,42.330672,1998,1998,2098
1746316086.973178,2.038430,0.417612,1.532268,-4.473942,2.049416,3.262483,-5.547763,-9.467984,9.335708,-2.811558,-27.884003,33.941292,-23.890591,-0.314015,43.090141,-23.890591,-0.314015,43.090141,1998,1998,2098
1746316086.978182,2.001826,0.383145,1.535436,-4.117441,1.904191,3.332301,-5.148180,-10.070386,9.663789,-6.034171,-29.723055,33.699537,-26.080450,3.075405,42.426016,-26.080450,3.075405,42.426016,1998,2098,2098
1746316086.983232,2.001826,0.383145,1.535436,-4.117441,1.904191,3.332301,-4.703599,-10.335072,9.712892,-8.203808,-31.287086,33.504267,-27.848394,5.188392,42.891673,-27.848394,5.188392,42.891673,1998,2098,2098
1746316086.988161,1.963591,0.348194,1.538556,-4.432800,1.842937,3.432373,-5.645329,-10.584821,9.978135,-10.566875,-33.034242,33.417290,-28.838074,7.653605,42.093218,-28.838074,7.653605,42.093218,1998,2098,2098
1746316086.993157,1.927701,0.314201,1.541282,-3.988062,1.591926,3.399318,-4.298346,-11.685064,9.827427,-11.631547,-35.227457,32.585301,-31.403528,8.994994,40.740243,-31.403528,8.994994,40.740243,1998,2098,2098
1746316086.998173,1.927701,0.314201,1.541282,-3.988062,1.591926,3.399318,-3.102176,-12.319365,9.482778,-11.583753,-37.262918,31.702354,-33.541352,8.887154,40.518004,-33.541352,8.887154,40.518004,1998,2098,2098
1746316087.003211,1.890279,0.280179,1.544853,-4.334343,1.583862,3.457126,-3.626296,-12.592881,9.248194,-11.949227,-39.380424,30.827631,-34.785573,9.339810,38.787529,-34.785573,9.339810,38.787529,1998,2098,2098
1746316087.008220,1.890279,0.280179,1.544853,-4.334343,1.583862,3.457126,-3.966757,-12.527552,8.848931,-12.432213,-40.930756,30.004088,-36.411306,9.782417,38.413547,-36.411306,9.782417,38.413547,1998,2098,2098
1746316087.013191,1.854769,0.246303,1.547632,-3.941963,1.378964,3.509994,-2.396759,-13.110863,8.565327,-11.766381,-42.640529,28.673033,-38.323724,9.396596,35.948823,-38.323724,9.396596,35.948823,1998,2098,2098
1746316087.018211,1.854769,0.246303,1.547632,-3.941963,1.378964,3.509994,-1.053141,-13.295571,8.139948,-10.274673,-44.048647,27.364721,-39.739645,7.872672,34.985741,-39.739645,7.872672,34.985741,1998,2098,2098
1746316087.023213,1.854769,0.246303,1.547632,-3.941963,1.378964,3.509994,0.057452,-13.144473,7.611904,-8.322197,-45.006155,26.046837,-40.680053,5.898541,33.897147,-40.680053,5.898541,33.897147,1998,2098,2098
1746316087.028150,1.819411,0.211983,1.550629,-3.963328,1.258803,3.629741,0.851697,-13.265067,7.551385,-6.314227,-46.173470,24.737128,-41.406352,4.123005,31.070059,-41.406352,4.123005,31.070059,1998,2098,2098
1746316087.033140,1.785073,0.177394,1.553497,-3.854901,1.140793,3.653574,1.973733,-13.600260,7.441178,-3.975863,-47.410293,23.354434,-42.446487,2.014365,28.211588,-42.446487,2.014365,28.211588,1998,2098,2098
1746316087.038215,1.785073,0.177394,1.553497,-3.854901,1.140793,3.653574,2.856449,-13.567400,7.180446,-1.521208,-48.336489,22.123219,-43.344171,-0.455945,27.138783,-43.344171,-0.455945,27.138783,1998,1998,2098
1746316087.043169,1.785073,0.177394,1.553497,-3.854901,1.140793,3.653574,3.489609,-13.234431,6.811863,0.774248,-48.814845,21.003736,-43.789740,-2.759332,26.097927,-43.789740,-2.759332,26.097927,1998,1998,2098
1746316087.048125,1.750036,0.143022,1.556529,-3.993315,1.034159,3.703055,3.310821,-13.146463,6.581865,2.424402,-49.421396,19.881765,-43.901206,-4.163388,23.289943,-43.901206,-4.163388,23.289943,1998,1998,2098
1746316087.053094,1.677157,0.075080,1.562154,-4.254235,0.779034,3.737924,1.924554,-13.924308,6.404208,2.773849,-50.840650,18.611068,-44.576985,-3.992151,18.695506,-44.576985,-3.992151,18.695506,1998,1998,2098
1746316087.058169,1.677157,0.075080,1.562154,-4.254235,0.779034,3.737924,0.729167,-14.254487,6.111251,2.178770,-52.142487,17.531213,-45.887609,-3.408344,17.713961,-45.887609,-3.408344,17.713961,1998,1998,2098
1746316087.063360,1.677157,0.075080,1.562154,-4.254235,0.779034,3.737924,-0.278571,-14.190081,5.723618,0.980843,-53.101486,16.549771,-46.859663,-2.218750,16.805432,-46.859663,-2.218750,16.805432,1998,1998,2098
1746316087.068139,1.638351,0.040840,1.565286,-4.321593,0.621143,3.764064,-1.309957,-14.504532,5.420567,-0.523378,-54.140721,15.506540,-47.705576,-0.396119,13.954873,-47.705576,-0.396119,13.954873,1998,1998,2098
1746316087.073184,1.638351,0.040840,1.565286,-4.321593,0.621143,3.764064,-2.174289,-14.461989,5.040630,-2.353444,-54.944643,14.517276,-48.520250,1.429489,12.998871,-48.520250,1.429489,12.998871,1998,2098,2098
1746316087.078100,1.598505,0.006325,1.568509,-4.529603,0.546851,3.823021,-3.729106,-14.434247,4.888727,-4.817029,-55.881942,13.515751,-49.099526,4.142368,10.046265,-49.099526,4.142368,10.046265,1998,2098,2098
1746316087.083281,1.558743,-0.028028,1.571288,-4.382432,0.263645,3.830937,-4.293261,-15.400018,4.683068,-7.008299,-57.095960,12.288664,-50.541292,6.772737,6.857093,-50.541292,6.772737,6.857093,1998,2098,2098
1746316087.088138,1.558743,-0.028028,1.571288,-4.382432,0.263645,3.830937,-4.622652,-15.781585,4.421492,-8.817497,-58.199206,11.294999,-51.644081,8.582477,5.832522,-51.644081,8.582477,5.832522,1998,2098,2098
1746316087.093171,1.517445,-0.062443,1.575006,-4.556743,0.254423,3.844093,-5.589521,-15.799266,4.162283,-10.967682,-59.296854,10.183271,-52.530749,10.962752,2.634616,-52.530749,10.962752,2.634616,1998,2098,2098
1746316087.098157,1.517445,-0.062443,1.575006,-4.556743,0.254423,3.844093,-6.240427,-15.456627,3.859923,-13.064198,-59.915309,9.205271,-53.141564,13.061853,1.618500,-53.141564,13.061853,1.618500,1998,2098,2098
1746316087.103154,1.517445,-0.062443,1.575006,-4.556743,0.254423,3.844093,-6.630805,-14.830888,3.527033,-14.951130,-60.002393,8.313156,-53.220859,14.949135,0.721436,-53.220859,14.949135,0.721436,1998,2098,2098
1746316087.108144,1.517445,-0.062443,1.575006,-4.556743,0.254423,3.844093,-6.798797,-13.990267,3.177737,-16.513278,-59.551820,7.487253,-52.762822,16.509373,-0.075884,-52.762822,16.509373,-0.075884,1998,2098,2013
1746316087.113149,1.477929,-0.096937,1.578182,-4.305714,0.038103,3.830812,-5.652303,-13.964894,2.761768,-16.732250,-58.798660,6.440918,-52.491661,17.127966,-3.095435,-52.491661,17.127966,-3.095435,1998,2098,1998
1746316087.118263,1.477929,-0.096937,1.578182,-4.305714,0.038103,3.830812,-4.570153,-13.622107,2.352765,-16.120526,-58.004554,5.488099,-51.698371,16.510393,-3.971475,-51.698371,16.510393,-3.971475,1998,2098,1998
1746316087.123139,1.477929,-0.096937,1.578182,-4.305714,0.038103,3.830812,-3.633455,-13.052166,1.984698,-15.022630,-57.083413,4.669871,-50.781057,15.405724,-4.700920,-50.781057,15.405724,-4.700920,1998,2098,1998
1746316087.128132,1.477929,-0.096937,1.578182,-4.305714,0.038103,3.830812,-2.770426,-12.289538,1.633377,-13.555603,-55.898387,3.913639,-49.601360,13.929984,-5.342974,-49.601360,13.929984,-5.342974,1998,2098,1998
1746316087.133138,1.405130,-0.166075,1.584398,-3.768639,-0.288580,3.805376,0.415344,-12.863583,1.195701,-9.961705,-54.358194,3.006343,-49.321089,10.988730,-9.886950,-49.321089,10.988730,-9.886950,1998,2098,1998
1746316087.138309,1.369661,-0.200200,1.587298,-3.874329,-0.431538,3.799506,2.586280,-13.710687,0.773370,-5.514682,-53.682514,2.113406,-48.864770,6.831292,-12.559305,-48.864770,6.831292,-12.559305,1998,2098,1998
1746316087.143124,1.336463,-0.234014,1.589556,-3.795301,-0.546761,3.737292,4.501944,-14.539263,0.169122,-1.011534,-53.378580,1.276244,-49.152146,2.559419,-15.178734,-49.152146,2.559419,-15.178734,1998,2098,1998
1746316087.148117,1.297365,-0.268136,1.592659,-4.288841,-0.713472,3.742440,3.813030,-15.677186,-0.324347,2.114340,-54.389545,0.174586,-50.006301,-0.211374,-18.520663,-50.006301,-0.211374,-18.520663,1998,1998,1998
1746316087.153178,1.297365,-0.268136,1.592659,-4.288841,-0.713472,3.742440,3.158754,-16.258141,-0.723515,4.022093,-55.534926,-0.926008,-51.237094,-2.093633,-19.947336,-51.237094,-2.093633,-19.947336,1998,1998,1998
1746316087.158257,1.259301,-0.302109,1.595816,-4.191643,-0.784867,3.710091,2.997807,-16.680914,-1.179326,5.296241,-56.263388,-2.054669,-52.765249,-3.102171,-23.334992,-52.765249,-3.102171,-23.334992,1998,1998,1998
1746316087.163188,1.259301,-0.302109,1.595816,-4.191643,-0.784867,3.710091,2.803700,-16.637341,-1.511114,6.078947,-56.788644,-3.060724,-53.335760,-3.871492,-24.510794,-53.335760,-3.871492,-24.510794,1998,1998,1998
1746316087.168142,1.259301,-0.302109,1.595816,-4.191643,-0.784867,3.710091,2.583147,-16.235899,-1.749527,6.507425,-56.960184,-3.948995,-53.526610,-4.295544,-25.455850,-53.526610,-4.295544,-25.455850,1998,1998,1998
1746316087.173136,1.218072,-0.336897,1.599584,-4.376731,-0.916296,3.757776,1.512709,-16.135687,-1.691868,6.131076,-57.068627,-4.818941,-54.064658,-3.569585,-28.618476,-54.064658,-3.569585,-28.618476,1998,1998,1998
1746316087.178183,1.218072,-0.336897,1.599584,-4.376731,-0.916296,3.757776,0.599262,-15.687343,-1.606134,5.217202,-56.884076,-5.514572,-53.841325,-2.661401,-29.240283,-53.841325,-2.661401,-29.240283,1998,1998,1998
1746316087.183075,1.218072,-0.336897,1.599584,-4.376731,-0.916296,3.757776,-0.132127,-14.986278,-1.503044,4.055526,-56.336306,-6.024004,-53.225739,-1.515973,-29.546227,-53.225739,-1.515973,-29.546227,1998,1998,1998
1746316087.188133,1.179470,-0.371664,1.603194,-4.080219,-1.096437,3.748112,0.603554,-14.881074,-1.426589,3.701738,-55.069338,-6.328387,-53.082111,-0.819556,-31.576849,-53.082111,-0.819556,-31.576849,1998,1998,1998
1746316087.193096,1.140335,-0.406579,1.607273,-4.258765,-1.135069,3.700004,0.377567,-14.633795,-1.548413,3.243228,-53.934800,-6.724601,-52.423415,-0.139070,-33.682767,-52.423415,-0.139070,-33.682767,1998,2004,1998
1746316087.198179,1.140335,-0.406579,1.607273,-4.258765,-1.135069,3.700004,0.180579,-14.095369,-1.614827,2.748406,-52.738978,-7.064767,-51.102675,0.311812,-33.500621,-51.102675,0.311812,-33.500621,1998,2098,1998
1746316087.203097,1.102523,-0.441270,1.610305,-4.036192,-1.452767,3.559187,1.007286,-14.762564,-2.253726,3.004559,-51.661689,-7.574264,-51.166997,0.491104,-35.572001,-51.166997,0.491104,-35.572001,1998,2098,1998
1746316087.208233,1.102523,-0.441270,1.610305,-4.036192,-1.452767,3.559187,1.688288,-14.995085,-2.746486,3.612792,-50.966122,-8.169058,-50.424912,-0.144128,-35.849858,-50.424912,-0.144128,-35.849858,1998,2003,1998
1746316087.213424,1.063048,-0.475189,1.613326,-4.214461,-1.591115,3.436723,1.371117,-15.471481,-3.655073,3.790301,-50.742211,-9.282425,-50.872548,-0.038372,-38.885882,-50.872548,-0.038372,-38.885882,1998,2018,1998
1746316087.218339,1.063048,-0.475189,1.613326,-4.214461,-1.591115,3.436723,1.097466,-15.479957,-4.264870,3.667868,-50.616091,-10.441729,-50.724988,0.078588,-39.977676,-50.724988,0.078588,-39.977676,1998,2068,1998
1746316087.223283,1.063048,-0.475189,1.613326,-4.214461,-1.591115,3.436723,0.849072,-15.148350,-4.671620,3.365409,-50.352328,-11.560137,-50.414167,0.369559,-40.953882,-50.414167,0.369559,-40.953882,1998,2098,1998
1746316087.228235,1.022381,-0.509099,1.616273,-4.377757,-1.646695,3.354206,-0.099956,-14.791824,-5.268197,2.411782,-49.911448,-12.966213,-50.660129,1.506443,-44.212226,-50.660129,1.506443,-44.212226,1998,2098,1998
1746316087.233345,0.981670,-0.543274,1.619830,-4.354918,-1.778638,3.406028,-0.789963,-14.762250,-5.411107,1.133445,-49.147864,-14.330811,-50.877841,3.055467,-47.414544,-50.877841,3.055467,-47.414544,1998,2098,1998
1746316087.238260,0.981670,-0.543274,1.619830,-4.354918,-1.778638,3.406028,-1.308958,-14.405542,-5.399979,-0.131638,-48.394506,-15.374926,-49.926393,4.282105,-47.966816,-49.926393,4.282105,-47.966816,1998,2098,1998
1746316087.243259,0.939836,-0.577910,1.624245,-4.288167,-1.905515,3.370632,-1.410054,-14.362022,-5.430589,-1.238820,-47.334921,-16.297806,-49.920180,5.671332,-50.452333,-49.920180,5.671332,-50.452333,1998,2098,1998
1746316087.248189,0.899654,-0.612817,1.629071,-4.102293,-2.042763,3.338186,-0.635048,-14.617536,-5.478614,-1.702381,-46.064019,-16.974089,-49.940599,6.425112,-52.576096,-49.940599,6.425112,-52.576096,1998,2098,1998
1746316087.253173,0.823175,-0.682302,1.637301,-3.828016,-2.360250,3.008393,1.247798,-15.928951,-6.876418,-1.200989,-45.067406,-18.289872,-52.094133,6.553584,-57.768685,-52.094133,6.553584,-57.768685,1998,2098,1998
1746316087.258221,0.823175,-0.682302,1.637301,-3.828016,-2.360250,3.008393,2.769862,-16.648063,-7.871647,-0.029721,-44.723080,-19.760351,-51.751755,5.362023,-59.023266,-51.751755,5.362023,-59.023266,1998,2098,1998
1746316087.263460,0.823175,-0.682302,1.637301,-3.828016,-2.360250,3.008393,3.984926,-16.857037,-8.521893,1.555820,-44.591666,-21.169088,-51.718571,3.771253,-60.411079,-51.718571,3.771253,-60.411079,1998,2098,1998
1746316087.268237,0.785310,-0.716338,1.640753,-4.015632,-2.485747,2.907143,3.980067,-17.170186,-9.242245,2.548257,-44.649073,-22.798876,-53.267309,3.064664,-64.637954,-53.267309,3.064664,-64.637954,1998,2098,1998
1746316087.273237,0.785310,-0.716338,1.640753,-4.015632,-2.485747,2.907143,3.890340,-17.069910,-9.661947,3.227447,-44.668611,-24.374458,-53.356096,2.388500,-66.271836,-53.356096,2.388500,-66.271836,1998,2098,1998
1746316087.278256,0.785310,-0.716338,1.640753,-4.015632,-2.485747,2.907143,3.729314,-16.602612,-9.785937,3.637642,-44.448481,-25.651576,-53.102960,1.963922,-67.382738,-53.102960,1.963922,-67.382738,1998,2098,1998
1746316087.283212,0.746392,-0.750350,1.644351,-4.049352,-2.537005,2.802891,3.366298,-16.084901,-10.131327,3.589040,-43.796663,-27.026476,-54.001157,2.176218,-70.794343,-54.001157,2.176218,-70.794343,1998,2098,1998
1746316087.288288,0.746392,-0.750350,1.644351,-4.049352,-2.537005,2.802891,2.987431,-15.289063,-10.189855,3.327529,-42.885228,-28.139092,-52.732187,2.370042,-71.041653,-52.732187,2.370042,-71.041653,1998,2098,1998
1746316087.293138,0.705638,-0.784843,1.648543,-4.179529,-2.682095,2.785643,2.059917,-14.967769,-10.084648,2.551312,-41.855144,-29.180196,-52.991383,3.389327,-73.846212,-52.991383,3.389327,-73.846212,1998,2098,1998
1746316087.298111,0.664694,-0.819533,1.653801,-4.111243,-2.737545,2.725435,1.543217,-14.621675,-10.047033,1.497974,-40.477079,-30.160951,-53.112554,4.600675,-76.209392,-53.112554,4.600675,-76.209392,1998,2098,1998
1746316087.303300,0.624006,-0.854741,1.659822,-3.941185,-2.857194,2.670303,1.863078,-14.547140,-10.039216,0.668317,-38.864561,-30.991830,-53.151649,5.646911,-78.219625,-53.151649,5.646911,-78.219625,1998,2098,1998
1746316087.308178,0.624006,-0.854741,1.659822,-3.941185,-2.857194,2.670303,2.063120,-14.159267,-9.804608,0.219621,-37.500678,-31.377105,-51.021325,5.972570,-76.997781,-51.021325,5.972570,-76.997781,1998,2098,1998
1746316087.313209,0.624006,-0.854741,1.659822,-3.941185,-2.857194,2.670303,2.186009,-13.519890,-9.390480,0.004539,-36.090017,-31.329065,-48.851663,6.061380,-75.312946,-48.851663,6.061380,-75.312946,1998,2098,1998
1746316087.318176,0.584845,-0.889320,1.665965,-3.787150,-2.976192,2.508013,2.923892,-13.235537,-9.572993,0.149062,-34.623215,-31.426835,-49.055748,6.117883,-76.445582,-49.055748,6.117883,-76.445582,1998,2098,1998
1746316087.323149,0.584845,-0.889320,1.665965,-3.787150,-2.976192,2.508013,3.459897,-12.709714,-9.508847,0.573244,-33.238974,-31.353291,-46.932263,5.564082,-74.722847,-46.932263,5.564082,-74.722847,1998,2098,1998
1746316087.328162,0.546170,-0.923798,1.671077,-3.852983,-3.058221,2.290807,3.524787,-12.363468,-10.222905,0.909216,-32.041671,-31.983759,-47.259738,5.361343,-76.594386,-47.259738,5.361343,-76.594386,1998,2098,1998
1746316087.333206,0.546170,-0.923798,1.671077,-3.852983,-3.058221,2.290807,3.497590,-11.799190,-10.573689,1.112845,-30.875525,-32.699145,-45.368708,5.041992,-75.800925,-45.368708,5.041992,-75.800925,1998,2098,1998
1746316087.338171,0.546170,-0.923798,1.671077,-3.852983,-3.058221,2.290807,3.397042,-11.082755,-10.615405,1.215849,-29.663913,-33.240182,-43.385920,4.818207,-74.759901,-43.385920,4.818207,-74.759901,1998,2098,1998
1746316087.343160,0.508173,-0.958368,1.675490,-3.837580,-3.184457,2.142349,3.308270,-10.816772,-11.079420,1.184138,-28.512518,-34.170077,-43.786686,4.986438,-76.851243,-43.786686,4.986438,-76.851243,1998,2098,1998
1746316087.348149,0.508173,-0.958368,1.675490,-3.837580,-3.184457,2.142349,3.161985,-10.358204,-11.208470,1.071163,-27.428998,-34.969585,-41.891614,4.985564,-76.100101,-41.891614,4.985564,-76.100101,1998,2098,1998
1746316087.353146,0.426763,-1.027463,1.685452,-4.120482,-3.329319,1.939622,1.699788,-10.403951,-11.973663,0.145942,-26.477233,-36.745216,-44.729322,6.213456,-82.263339,-44.729322,6.213456,-82.263339,1998,2098,1998
1746316087.358187,0.426763,-1.027463,1.685452,-4.120482,-3.329319,1.939622,0.462512,-10.205615,-12.329566,-1.257537,-25.690622,-38.524982,-42.907222,7.517728,-82.483405,-42.907222,7.517728,-82.483405,1998,2098,1998
1746316087.363106,0.383758,-1.061785,1.692254,-4.178012,-3.391346,1.832387,-0.781846,-10.095472,-12.810861,-2.982506,-24.923074,-40.530122,-43.758463,9.371547,-86.046106,-43.758463,9.371547,-86.046106,1998,2098,1998
1746316087.368225,0.383758,-1.061785,1.692254,-4.178012,-3.391346,1.832387,-1.819884,-9.773209,-12.928852,-4.898646,-24.188882,-42.310596,-41.786548,11.184616,-86.104651,-41.786548,11.184616,-86.104651,1998,2098,1998
1746316087.373165,0.339383,-1.096539,1.700127,-4.080963,-3.497322,1.722204,-2.156787,-9.770496,-13.216444,-6.528438,-23.412420,-44.013308,-42.873474,12.990745,-89.322954,-42.873474,12.990745,-89.322954,1998,2098,1998
1746316087.378154,0.339383,-1.096539,1.700127,-4.080963,-3.497322,1.722204,-2.386167,-9.551560,-13.159952,-7.890488,-22.717828,-45.293083,-40.980553,14.251838,-88.918727,-40.980553,14.251838,-88.918727,1998,2098,1998
1746316087.383209,0.295062,-1.131111,1.708558,-4.056389,-3.519915,1.533203,-2.409101,-9.257224,-13.674580,-8.868965,-21.976712,-46.820369,-42.195328,15.322836,-92.041379,-42.195328,15.322836,-92.041379,1998,2098,1998
1746316087.388150,0.252216,-1.165910,1.715827,-4.059241,-3.626531,1.302090,-2.385798,-9.290011,-14.802785,-9.462328,-21.486165,-49.024625,-44.412207,16.094753,-96.744637,-44.412207,16.094753,-96.744637,1998,2098,1998
1746316087.393177,0.252216,-1.165910,1.715827,-4.059241,-3.626531,1.302090,-2.313163,-9.109510,-15.406529,-9.941101,-21.046571,-51.219163,-43.132303,16.504967,-97.762756,-43.132303,16.504967,-97.762756,1998,2098,1998
1746316087.398144,0.208376,-1.200720,1.722491,-4.142741,-3.704788,1.090549,-2.576204,-9.109887,-16.490263,-10.268204,-20.754923,-53.942535,-46.220619,16.991422,-103.917978,-46.220619,16.991422,-103.917978,1998,2098,1998
1746316087.403135,0.165169,-1.235379,1.728724,-4.215720,-3.726970,0.918018,-3.061575,-9.006580,-17.783291,-10.647829,-20.454660,-57.259630,-49.957043,17.459239,-111.321926,-49.957043,17.459239,-111.321926,1998,2098,1998
1746316087.408180,0.165169,-1.235379,1.728724,-4.215720,-3.726970,0.918018,-3.390931,-8.717636,-18.442552,-11.153618,-20.115635,-60.389134,-48.698239,17.905414,-113.262774,-48.698239,17.905414,-113.262774,1998,2098,1998
1746316087.413159,0.165169,-1.235379,1.728724,-4.215720,-3.726970,0.918018,-3.577983,-8.289168,-18.553451,-11.631384,-19.680158,-62.842035,-47.163446,18.308745,-114.266413,-47.163446,18.308745,-114.266413,1998,2098,1998
1746316087.418204,0.165169,-1.235379,1.728724,-4.215720,-3.726970,0.918018,-3.651153,-7.748821,-18.225282,-12.004331,-19.103798,-64.442333,-45.256056,18.586406,-114.065613,-45.256056,18.586406,-114.065613,1998,2098,1998
1746316087.423201,0.165169,-1.235379,1.728724,-4.215720,-3.726970,0.918018,-3.627098,-7.138909,-17.548142,-12.214453,-18.391276,-65.059019,-43.017952,18.681854,-112.568918,-43.017952,18.681854,-112.568918,1998,2098,1998
1746316087.428158,0.165169,-1.235379,1.728724,-4.215720,-3.726970,0.918018,-3.526856,-6.488181,-16.611186,-12.244429,-17.552381,-64.713285,-40.486777,18.579521,-109.833063,-40.486777,18.579521,-109.833063,1998,2098,1998
1746316087.433156,0.016127,-1.339788,1.761372,-4.358282,-3.844452,0.489210,-4.007222,-6.337902,-17.400696,-12.055148,-16.398514,-65.287892,-53.814363,18.787622,-124.525706,-53.814363,18.787622,-124.525706,1998,2098,1998
1746316087.438189,0.016127,-1.339788,1.761372,-4.358282,-3.844452,0.489210,-4.309563,-6.071448,-17.652776,-12.069225,-15.402375,-65.964375,-49.530757,18.612751,-121.032372,-49.530757,18.612751,-121.032372,1998,2098,1998
1746316087.443154,-0.037953,-1.374818,1.776973,-4.281398,-3.869860,0.260540,-4.111105,-5.835168,-18.479315,-11.736781,-14.485110,-67.141056,-54.050308,18.323449,-126.716413,-54.050308,18.323449,-126.716413,1998,2098,1998
1746316087.448138,-0.091407,-1.409673,1.792580,-4.247187,-3.902460,-0.009930,-3.703943,-5.658429,-19.956309,-10.963040,-13.720753,-69.256447,-62.028925,17.615135,-136.760293,-62.028925,17.615135,-136.760293,1998,2098,1998
1746316087.453152,-0.149763,-1.444944,1.813233,-4.194386,-3.919903,-0.195728,-3.049413,-5.465336,-21.553672,-9.871005,-12.875074,-72.126333,-74.403029,16.593145,-151.987002,-74.403029,16.593145,-151.987002,1998,2098,1998
1746316087.458191,-0.149763,-1.444944,1.813233,-4.194386,-3.919903,-0.195728,-2.445875,-5.183468,-22.367273,-8.784380,-12.093810,-75.018170,-70.439126,15.350740,-150.946286,-70.439126,15.350740,-150.946286,1998,2098,1998
1746316087.463151,-0.220314,-1.480380,1.845780,-4.309499,-3.921077,-0.395582,-2.422813,-4.847061,-23.405872,-7.702165,-11.187949,-77.926694,-89.625098,14.371750,-173.227954,-89.625098,14.371750,-173.227954,1998,2098,1998
1746316087.468186,-0.220314,-1.480380,1.845780,-4.309499,-3.921077,-0.395582,-2.349301,-4.460167,-23.737899,-6.844961,-10.310244,-80.471222,-82.847508,13.308428,-169.022577,-82.847508,13.308428,-169.022577,1998,2098,1998
1746316087.473103,-0.359686,-1.521604,1.939297,-4.336675,-3.916384,-0.570636,-2.358971,-4.033522,-24.246632,-6.112687,-8.907326,-82.241787,-117.701156,12.827289,-205.727070,-117.701156,12.827289,-205.727070,1998,2098,1998
1746316087.478181,-0.359686,-1.521604,1.939297,-4.336675,-3.916384,-0.570636,-2.314106,-3.583628,-24.130169,-5.523415,-7.610363,-83.548301,-97.412595,11.810388,-186.769566,-97.412595,11.810388,-186.769566,1998,2098,1998
1746316087.483412,-0.843620,-1.554810,2.384045,-4.408219,-3.877145,-0.771031,-2.558162,-2.937906,-24.399535,-5.509453,-5.518868,-81.452386,19.780803,11.672507,-67.514562,19.780803,11.672507,-67.514562,2098,2098,1998
1746316087.488163,-0.843620,-1.554810,2.384045,-4.408219,-3.877145,-0.771031,-2.679390,-2.400047,-24.050705,-5.559929,-3.802261,-79.757889,95.865395,10.460037,10.254805,95.865395,10.460037,10.254805,2098,2098,2098
1746316087.493118,-3.004729,-1.546296,-1.777465,-4.380527,-3.839307,-0.978724,-2.602883,-1.720117,-24.168723,-3.558467,-6.344476,-82.375224,289.843350,1.658453,201.791042,289.843350,1.658453,201.791042,2098,2098,2098
1746316087.498301,2.994113,-1.511728,-1.532468,-4.374491,-3.799351,-1.219004,-2.449434,-0.915091,-24.831390,-2.094313,-6.849831,-85.275790,121.149665,1.444096,30.331300,121.149665,1.444096,30.331300,2098,2098,2098
1746316087.503197,2.994113,-1.511728,-1.532468,-4.374491,-3.799351,-1.219004,-2.276568,-0.280782,-24.769199,-0.961056,-6.948779,-87.328582,123.560166,2.572729,30.684805,123.560166,2.572729,30.684805,2098,2098,2098
1746316087.508159,2.885435,-1.476008,-1.462692,-4.313784,-3.769730,-1.430166,-1.812763,0.382089,-25.119152,0.151985,-6.608737,-89.087064,76.062062,3.207786,-18.377910,76.062062,3.207786,-18.377910,2098,2098,1998
1746316087.513211,2.885435,-1.476008,-1.462692,-4.313784,-3.769730,-1.430166,-1.387585,0.922686,-24.842407,1.210733,-6.121530,-90.212576,72.151383,4.312920,-23.396545,72.151383,4.312920,-23.396545,2098,2098,1998
1746316087.518210,2.885435,-1.476008,-1.462692,-4.313784,-3.769730,-1.430166,-1.014941,1.335418,-24.055748,2.194776,-5.605854,-90.382104,67.856497,5.346857,-27.841680,67.856497,5.346857,-27.841680,2098,2098,1998
1746316087.523153,2.812340,-1.439695,-1.428485,-4.315757,-3.700786,-1.611157,-0.701734,1.944063,-23.693902,3.116060,-5.047313,-90.093431,48.073909,6.069477,-47.238994,48.073909,6.069477,-47.238994,2098,2098,1998
1746316087.528205,2.812340,-1.439695,-1.428485,-4.315757,-3.700786,-1.611157,-0.425296,2.406920,-22.860256,3.982106,-4.446716,-89.157376,44.465658,7.011952,-49.880224,44.465658,7.011952,-49.880224,2098,2098,1998
1746316087.533178,2.752508,-1.403671,-1.407256,-4.326220,-3.620738,-1.787824,-0.241845,3.080275,-22.468668,4.762365,-3.859726,-88.040442,34.043567,7.691150,-59.082292,34.043567,7.691150,-59.082292,2098,2098,1998
1746316087.538166,2.699513,-1.367310,-1.392505,-4.253900,-3.545560,-1.950722,0.237787,3.898149,-22.378865,5.568014,-3.104202,-87.002256,26.384702,8.474786,-65.460401,26.384702,8.474786,-65.460401,2098,2098,1998
1746316087.543207,2.699513,-1.367310,-1.392505,-4.253900,-3.545560,-1.950722,0.626574,4.482074,-21.798634,6.389824,-2.291356,-85.724621,23.147376,9.427726,-67.353300,23.147376,9.427726,-67.353300,2098,2098,1998
1746316087.548344,2.699513,-1.367310,-1.392505,-4.253900,-3.545560,-1.950722,0.933271,4.860171,-20.811017,7.215737,-1.547532,-83.895729,20.249786,10.372462,-68.362214,20.249786,10.372462,-68.362214,2098,2098,1998
1746316087.553166,2.649339,-1.330895,-1.380322,-4.227026,-3.459603,-2.129568,1.261683,5.411584,-20.374196,7.997121,-0.885321,-82.130778,16.371240,11.144479,-70.257775,16.371240,11.144479,-70.257775,2098,2098,1998
1746316087.558195,2.649339,-1.330895,-1.380322,-4.227026,-3.459603,-2.129568,1.514504,5.764209,-19.556655,8.780376,-0.246635,-80.053373,14.355953,12.034488,-70.137943,14.355953,12.034488,-70.137943,2098,2098,1998
1746316087.563130,2.600909,-1.294180,-1.369273,-4.176767,-3.362409,-2.334368,1.905253,6.347983,-19.378387,9.583826,0.424856,-78.259835,11.765147,12.837325,-70.634554,11.765147,12.837325,-70.634554,2098,2098,1998
1746316087.568071,2.553290,-1.257047,-1.358901,-4.158843,-3.255953,-2.517494,2.261845,7.158197,-19.622050,10.304487,1.311151,-76.990901,9.106912,13.605723,-71.744798,9.106912,13.605723,-71.744798,2098,2098,1998
1746316087.573188,2.553290,-1.257047,-1.358901,-4.158843,-3.255953,-2.517494,2.511139,7.678674,-19.381057,10.999454,2.242586,-75.811317,6.630004,14.481039,-72.921207,6.630004,14.481039,-72.921207,2098,2098,1998
1746316087.578169,2.553290,-1.257047,-1.358901,-4.158843,-3.255953,-2.517494,2.649756,7.912207,-18.746839,11.626954,3.003455,-74.429245,4.647417,15.254526,-73.424937,4.647417,15.254526,-73.424937,2098,2098,1998
1746316087.583159,2.464477,-1.182753,-1.342059,-4.041152,-3.060817,-2.805090,3.232048,8.801972,-19.102471,12.108535,4.336985,-73.334301,2.154420,15.837370,-74.146016,2.154420,15.837370,-74.146016,2098,2098,1998
1746316087.588152,2.422038,-1.145487,-1.334791,-3.954391,-2.932328,-2.936876,4.022914,9.905450,-19.555443,12.600963,6.196857,-72.627957,-1.530117,16.632941,-76.488031,-1.530117,16.632941,-76.488031,1998,2098,1998
1746316087.593229,2.422038,-1.145487,-1.334791,-3.954391,-2.932328,-2.936876,4.584659,10.591336,-19.483688,13.253505,7.968672,-72.013522,-5.335534,17.681681,-79.339993,-5.335534,17.681681,-79.339993,1998,2098,1998
1746316087.598382,2.422038,-1.145487,-1.334791,-3.954391,-2.932328,-2.936876,4.938696,10.906031,-18.965902,13.981331,9.449942,-71.118443,-8.413628,18.735684,-81.248785,-8.413628,18.735684,-81.248785,1998,2098,1998
1746316087.603151,2.380778,-1.108024,-1.328092,-3.874895,-2.818992,-3.074981,5.435124,11.386304,-18.752270,14.583249,11.032383,-70.080307,-10.325162,19.626224,-81.445460,-10.325162,19.626224,-81.445460,1998,2098,1998
1746316087.608126,2.340103,-1.070198,-1.321383,-3.840728,-2.691100,-3.224628,5.896770,12.126677,-18.839107,15.103265,12.978059,-69.078641,-12.675130,20.530473,-82.028033,-12.675130,20.530473,-82.028033,1998,2098,1998
1746316087.613199,2.340103,-1.070198,-1.321383,-3.840728,-2.691100,-3.224628,6.145765,12.465380,-18.483274,15.669123,14.634633,-68.030722,-15.728866,21.487723,-83.659144,-15.728866,21.487723,-83.659144,1998,2098,1998
1746316087.618217,2.340103,-1.070198,-1.321383,-3.840728,-2.691100,-3.224628,6.204496,12.451198,-17.774577,16.209762,15.825776,-66.710171,-17.855833,22.305650,-84.204572,-17.855833,22.305650,-84.204572,1998,2098,1998
1746316087.623128,2.300846,-1.032470,-1.314657,-3.696183,-2.548720,-3.364203,6.752379,12.793027,-17.434190,16.703193,17.381160,-65.154475,-18.997157,23.110449,-82.860754,-18.997157,23.110449,-82.860754,1998,2098,1998
1746316087.628129,2.300846,-1.032470,-1.314657,-3.696183,-2.548720,-3.364203,7.058141,12.794129,-16.766107,17.326363,18.538802,-63.427820,-20.873489,24.006574,-82.745057,-20.873489,24.006574,-82.745057,1998,2098,1998
1746316087.633110,2.262144,-0.994345,-1.308185,-3.681534,-2.441737,-3.482786,7.212932,12.987720,-16.381290,17.762941,19.878052,-61.582555,-21.237018,24.756089,-80.534839,-21.237018,24.756089,-80.534839,1998,2098,1998
1746316087.638109,2.224371,-0.956158,-1.302036,-3.632467,-2.301325,-3.576523,7.398425,13.486472,-16.121871,18.002566,21.612697,-59.697112,-22.395110,25.396567,-78.868488,-22.395110,25.396567,-78.868488,1998,2098,1998
1746316087.643129,2.224371,-0.956158,-1.302036,-3.632467,-2.301325,-3.576523,7.382667,13.588810,-15.546023,18.254101,22.958273,-57.867530,-24.528903,25.996371,-78.782177,-24.528903,25.996371,-78.782177,1998,2098,1998
1746316087.648159,2.186597,-0.917898,-1.296248,-3.667701,-2.173639,-3.673314,7.042567,13.941226,-15.162511,18.141790,24.539800,-56.003417,-25.284515,26.289019,-76.784287,-25.284515,26.289019,-76.784287,1998,2098,1998
1746316087.653213,2.186597,-0.917898,-1.296248,-3.667701,-2.173639,-3.673314,6.604143,13.909641,-14.502929,17.911304,25.695990,-54.194125,-27.219318,26.380623,-76.511860,-27.219318,26.380623,-76.511860,1998,2098,1998
1746316087.658175,2.186597,-0.917898,-1.296248,-3.667701,-2.173639,-3.673314,6.106118,13.570586,-13.650603,17.595650,26.332306,-52.318831,-28.368408,26.249304,-75.549319,-28.368408,26.249304,-75.549319,1998,2098,1998
1746316087.663227,2.149563,-0.879002,-1.290911,-3.780756,-1.988897,-3.799618,5.041630,13.823503,-13.210700,16.661391,27.277492,-50.498217,-28.209957,25.537220,-72.790521,-28.209957,25.537220,-72.790521,1998,2098,1998
1746316087.668194,2.149563,-0.879002,-1.290911,-3.780756,-1.988897,-3.799618,4.079248,13.712895,-12.561679,15.529022,27.901533,-48.841150,-29.640495,24.621302,-72.235115,-29.640495,24.621302,-72.235115,1998,2098,1998
1746316087.673205,2.110214,-0.840442,-1.285542,-3.901956,-1.983192,-3.871231,2.651496,13.340690,-12.070593,13.837881,28.504572,-47.246661,-29.310482,23.283110,-69.569986,-29.310482,23.283110,-69.569986,1998,2098,1998
1746316087.678313,2.110214,-0.840442,-1.285542,-3.901956,-1.983192,-3.871231,1.408111,12.725125,-11.385848,11.934585,28.594444,-45.721422,-30.242574,21.482016,-68.739097,-30.242574,21.482016,-68.739097,1998,2098,1998
1746316087.683209,2.069815,-0.801558,-1.279366,-4.087051,-1.640912,-3.984517,-0.403053,13.469674,-11.097895,9.265600,29.359518,-44.409567,-30.470563,18.951473,-66.720797,-30.470563,18.951473,-66.720797,1998,2098,1998
1746316087.688229,2.069815,-0.801558,-1.279366,-4.087051,-1.640912,-3.984517,-1.909365,13.794628,-10.611517,6.390450,30.137370,-43.322834,-32.729296,16.421052,-67.256830,-32.729296,16.421052,-67.256830,1998,2098,1998
1746316087.693263,2.069815,-0.801558,-1.279366,-4.087051,-1.640912,-3.984517,-3.092243,13.745452,-9.974219,3.616342,30.683905,-42.269124,-34.627768,13.920949,-67.567058,-34.627768,13.920949,-67.567058,1998,2098,1998
1746316087.698424,2.028203,-0.762975,-1.273974,-4.179564,-1.567536,-4.009877,-4.433597,13.723978,-9.328677,0.521439,31.481926,-40.990927,-35.171458,11.274102,-65.619732,-35.171458,11.274102,-65.619732,1998,2098,1998
1746316087.703211,1.989731,-0.724380,-1.268839,-3.882622,-1.406593,-4.064695,-4.060069,14.096132,-8.874098,-1.765429,33.070222,-39.399568,-37.037013,9.555784,-63.737579,-37.037013,9.555784,-63.737579,1998,2098,1998
1746316087.708147,1.989731,-0.724380,-1.268839,-3.882622,-1.406593,-4.064695,-3.658067,14.110892,-8.301232,-3.245809,34.299669,-37.755135,-39.192239,8.508007,-63.521353,-39.192239,8.508007,-63.521353,1998,2098,1998
1746316087.713223,1.949323,-0.685724,-1.263302,-3.950496,-1.236681,-4.141356,-3.548883,14.581284,-7.984360,-4.534648,36.005137,-35.982165,-40.186189,7.812446,-61.040436,-40.186189,7.812446,-61.040436,1998,2098,1998
1746316087.718275,1.949323,-0.685724,-1.263302,-3.950496,-1.236681,-4.141356,-3.378927,14.623996,-7.544556,-5.340550,37.299727,-34.365611,-42.095577,7.436180,-60.632971,-42.095577,7.436180,-60.632971,1998,2098,1998
1746316087.723285,1.949323,-0.685724,-1.263302,-3.950496,-1.236681,-4.141356,-3.165345,14.325186,-7.019181,-5.739426,38.075369,-32.802221,-43.206729,7.290778,-59.773199,-43.206729,7.290778,-59.773199,1998,2098,1998
1746316087.728280,1.873810,-0.607152,-1.253207,-3.885197,-0.926731,-4.349224,-2.627562,15.153943,-7.370083,-6.176153,40.405095,-31.129681,-43.258197,7.677049,-54.785545,-43.258197,7.677049,-54.785545,1998,2098,1998
1746316087.733205,1.837222,-0.567548,-1.248365,-3.785796,-0.761949,-4.338051,-1.697734,16.213076,-7.438583,-6.127958,43.235889,-29.429926,-45.256464,8.650108,-52.472881,-45.256464,8.650108,-52.472881,1998,2098,1998
1746316087.738186,1.837222,-0.567548,-1.248365,-3.785796,-0.761949,-4.338051,-0.894043,16.727866,-7.330792,-5.569380,45.719024,-27.969788,-47.839621,9.966742,-52.401359,-47.839621,9.966742,-52.401359,1998,2098,1998
1746316087.743132,1.799198,-0.528097,-1.243409,-3.880789,-0.621120,-4.345494,-0.648049,17.399682,-7.114328,-5.074661,48.353929,-26.407240,-49.074970,11.365195,-49.723419,-49.074970,11.365195,-49.723419,1998,2098,1998
1746316087.748417,1.799198,-0.528097,-1.243409,-3.880789,-0.621120,-4.345494,-0.418797,17.574739,-6.758620,-4.475337,50.567956,-24.937013,-51.278926,12.644653,-49.363745,-51.278926,12.644653,-49.363745,1998,2098,1998
1746316087.753128,1.761771,-0.488484,-1.238546,-3.906042,-0.395969,-4.375312,-0.352356,18.260868,-6.478939,-4.070223,52.877775,-23.419138,-52.250677,13.795535,-46.314039,-52.250677,13.795535,-46.314039,1998,2098,1998
1746316087.758214,1.724082,-0.449264,-1.233778,-3.984524,-0.245597,-4.402036,-0.645001,19.164294,-6.213343,-3.957256,55.709044,-21.755301,-53.843006,14.932517,-43.333173,-53.843006,14.932517,-43.333173,1998,2098,1998
1746316087.763293,1.724082,-0.449264,-1.233778,-3.984524,-0.245597,-4.402036,-0.866671,19.449369,-5.854105,-3.978709,58.024312,-20.349814,-56.276616,15.677870,-42.984610,-56.276616,15.677870,-42.984610,1998,2098,1998
1746316087.768151,1.687535,-0.409535,-1.229330,-3.844364,-0.097348,-4.442272,-0.406349,19.886401,-5.621769,-3.697948,60.367185,-18.825017,-57.593120,16.827995,-39.611499,-57.593120,16.827995,-39.611499,1998,2098,1998
1746316087.773438,1.687535,-0.409535,-1.229330,-3.844364,-0.097348,-4.442272,0.012452,19.815453,-5.285192,-3.134595,62.230222,-17.362501,-59.301192,17.982695,-38.829109,-59.301192,17.982695,-38.829109,1998,2098,1998
1746316087.778199,1.687535,-0.409535,-1.229330,-3.844364,-0.097348,-4.442272,0.315110,19.315178,-4.921983,-2.507504,63.219807,-16.143108,-60.088779,18.904962,-37.923320,-60.088779,18.904962,-37.923320,1998,2098,1998
1746316087.783205,1.649893,-0.369678,-1.224326,-3.982682,0.090581,-4.436971,-0.053732,19.316008,-4.479303,-2.206486,64.291981,-14.661474,-59.682338,19.666308,-33.947172,-59.682338,19.666308,-33.947172,1998,2098,1998
1746316087.788182,1.569897,-0.282908,-1.214687,-3.931945,0.426064,-4.433113,-0.123188,20.386339,-4.004028,-1.908994,66.223812,-12.685335,-59.433639,20.872341,-26.489461,-59.433639,20.872341,-26.489461,1998,2098,1998
1746316087.793239,1.569897,-0.282908,-1.214687,-3.931945,0.426064,-4.433113,-0.177794,20.809018,-3.520573,-1.678286,67.977152,-10.946776,-61.061244,21.699842,-25.205247,-61.061244,21.699842,-25.205247,1998,2098,1998
1746316087.798224,1.569897,-0.282908,-1.214687,-3.931945,0.426064,-4.433113,-0.217391,20.674619,-3.054406,-1.494809,69.210226,-9.435886,-62.198186,22.301694,-24.011733,-62.198186,22.301694,-24.011733,1998,2098,1998
1746316087.803447,1.533078,-0.242942,-1.210274,-3.967728,0.593880,-4.416659,-0.414259,20.864560,-2.508313,-1.388682,70.459556,-7.715462,-62.477653,22.962219,-19.760090,-62.477653,22.962219,-19.760090,1998,2098,1998
1746316087.808266,1.533078,-0.242942,-1.210274,-3.967728,0.593880,-4.416659,-0.551083,20.532981,-2.045926,-1.375601,71.146534,-6.308568,-63.135161,23.216799,-18.511366,-63.135161,23.216799,-18.511366,1998,2098,1998
1746316087.813588,1.496463,-0.202872,-1.205537,-3.902992,0.792943,-4.406016,-0.351978,20.712812,-1.529656,-1.085048,71.892904,-4.606029,-63.097365,23.873113,-14.092651,-63.097365,23.873113,-14.092651,1998,2098,1998
1746316087.818219,1.496463,-0.202872,-1.205537,-3.902992,0.792943,-4.406016,-0.205244,20.378839,-1.135497,-0.768802,72.204530,-3.289488,-63.279203,24.279807,-12.812747,-63.279203,24.279807,-12.812747,1998,2098,1998
1746316087.823206,1.459951,-0.162625,-1.201102,-4.001777,0.947817,-4.397533,-0.513998,20.353747,-0.723739,-0.637710,72.587823,-1.808425,-62.819446,24.685757,-8.553804,-62.819446,24.685757,-8.553804,1998,2098,1998
1746316087.828321,1.459951,-0.162625,-1.201102,-4.001777,0.947817,-4.397533,-0.759686,19.865531,-0.363734,-0.697373,72.583392,-0.516812,-62.837105,24.628524,-7.265050,-62.837105,24.628524,-7.265050,1998,2098,1998
1746316087.833501,1.423987,-0.122025,-1.196751,-3.870873,1.060707,-4.377998,-0.332533,19.518301,0.030773,-0.353511,72.244153,0.820069,-62.076598,25.007058,-3.064796,-62.076598,25.007058,-3.064796,1998,2098,1998
1746316087.838221,1.387747,-0.081687,-1.192400,-4.012292,1.286186,-4.347033,-0.611998,19.791474,0.451651,-0.171101,72.263488,2.171241,-61.421082,25.251199,1.015486,-61.421082,25.251199,1.015486,1998,2098,2098
1746316087.843216,1.387747,-0.081687,-1.192400,-4.012292,1.286186,-4.347033,-0.842030,19.609059,0.808057,-0.181318,72.174182,3.405000,-61.341604,25.208713,2.255730,-61.341604,25.208713,2.255730,1998,2098,2098
1746316087.848311,1.351498,-0.041295,-1.188017,-3.988782,1.416109,-4.278847,-0.905639,19.604485,1.397748,-0.163793,71.951881,4.767445,-60.879744,25.305976,6.285968,-60.879744,25.305976,6.285968,1998,2098,2098
1746316087.853457,1.351498,-0.041295,-1.188017,-3.988782,1.416109,-4.278847,-0.936251,19.138139,1.846676,-0.167523,71.502284,5.995647,-60.463723,25.134591,7.531344,-60.463723,25.134591,7.531344,1998,2098,2098
1746316087.858218,1.351498,-0.041295,-1.188017,-3.988782,1.416109,-4.278847,-0.938489,18.367534,2.141534,-0.168516,70.736115,6.977286,-59.752765,24.847506,8.542335,-59.752765,24.847506,8.542335,1998,2098,2098
1746316087.863387,1.280332,0.039660,-1.178403,-3.897762,1.759090,-4.162153,-0.496339,18.869860,2.899426,0.324659,69.996866,8.401855,-58.756878,25.307740,15.125538,-58.756878,25.307740,15.125538,1998,2098,2098
1746316087.868495,1.246640,0.080298,-1.173995,-3.718792,1.865544,-4.110107,0.691000,19.311631,3.674384,1.563530,69.282578,9.826627,-57.921609,26.352168,19.030181,-57.921609,26.352168,19.030181,1998,2098,2098
1746316087.873235,1.246640,0.080298,-1.173995,-3.718792,1.865544,-4.110107,1.566989,19.222365,4.175892,3.044105,68.735517,11.037542,-56.841374,27.506282,20.154448,-56.841374,27.506282,20.154448,1998,2098,2098
1746316087.878415,1.246640,0.080298,-1.173995,-3.718792,1.865544,-4.110107,2.318720,18.717451,4.533806,4.813850,67.984894,12.165273,-55.460671,28.848428,21.171431,-55.460671,28.848428,21.171431,1998,2098,2098
1746316087.883222,1.213801,0.120626,-1.169333,-3.751556,2.046099,-4.057715,2.687535,18.701198,4.926664,6.375715,67.284310,13.205716,-54.250921,30.115062,24.468817,-54.250921,30.115062,24.468817,1998,2098,2098
1746316087.888167,1.181457,0.161092,-1.164793,-3.650316,2.151974,-3.975331,3.391318,18.758646,5.518891,8.044027,66.379481,14.250382,-53.089141,31.454076,27.619268,-53.089141,31.454076,27.619268,1998,2098,2098
1746316087.893245,1.181457,0.161092,-1.164793,-3.650316,2.151974,-3.975331,3.903258,18.382717,5.889447,9.696783,65.463358,15.197799,-51.575151,32.610659,28.323846,-51.575151,32.610659,28.323846,1998,2098,2098
1746316087.898430,1.148374,0.201544,-1.160364,-3.858984,2.265380,-3.907533,3.260334,18.165422,6.372662,10.458504,64.683183,16.303078,-50.488797,33.133481,31.476326,-50.488797,33.133481,31.476326,1998,2098,2098
1746316087.903260,1.148374,0.201544,-1.160364,-3.858984,2.265380,-3.907533,2.703908,17.592790,6.592013,10.606686,63.809203,17.202336,-49.610500,32.920634,32.199764,-49.610500,32.920634,32.199764,1998,2098,2098
1746316087.908197,1.148374,0.201544,-1.160364,-3.858984,2.265380,-3.907533,2.180558,16.736391,6.633997,10.353863,62.633585,17.919176,-48.613209,32.219730,32.716964,-48.613209,32.219730,32.716964,1998,2098,2098
1746316087.913191,1.114764,0.242107,-1.155829,-3.825522,2.385382,-3.837488,1.851256,16.198606,6.836252,9.868706,61.100801,18.600863,-47.758432,31.279163,35.264145,-47.758432,31.279163,35.264145,1998,2098,2098
1746316087.918301,1.114764,0.242107,-1.155829,-3.825522,2.385382,-3.837488,1.534998,15.379523,6.847373,9.268547,59.431862,19.120334,-46.434484,30.057090,35.466200,-46.434484,30.057090,35.466200,1998,2098,2098
1746316087.923305,1.080436,0.282691,-1.151209,-3.934041,2.497987,-3.733098,0.760329,14.883800,7.168784,8.225458,57.792533,19.805506,-45.570455,28.557705,37.896113,-45.570455,28.557705,37.896113,1998,2098,2098
1746316087.928361,1.080436,0.282691,-1.151209,-3.934041,2.497987,-3.733098,0.107216,14.138005,7.269328,6.960094,56.110398,20.398500,-44.507533,26.716828,38.192614,-44.507533,26.716828,38.192614,1998,2098,2098
1746316087.933216,1.045299,0.322932,-1.145860,-4.082001,2.709424,-3.616538,-1.050077,14.168997,7.696314,5.276908,54.875314,21.306821,-44.303072,24.721230,40.925980,-44.303072,24.721230,40.925980,1998,2098,2098
1746316087.938294,1.045299,0.322932,-1.145860,-4.082001,2.709424,-3.616538,-2.016105,13.881086,7.890550,3.248522,53.744982,22.198685,-44.098942,22.407245,41.753063,-44.098942,22.407245,41.753063,1998,2098,2098
1746316087.943195,1.010811,0.363234,-1.140410,-4.023842,2.847958,-3.521275,-2.469452,13.956159,8.285772,1.370200,52.618168,23.179412,-44.510170,20.350756,44.659602,-44.510170,20.350756,44.659602,1998,2098,2098
1746316087.948522,1.010811,0.363234,-1.140410,-4.023842,2.847958,-3.521275,-2.813502,13.694842,8.441618,-0.421448,51.556325,24.084202,-44.277496,18.279474,45.481724,-44.277496,18.279474,45.481724,1998,2098,2098
1746316087.953132,1.010811,0.363234,-1.140410,-4.023842,2.847958,-3.521275,-2.990032,13.210828,8.363164,-1.727245,50.584742,24.646593,-43.915720,16.687394,45.915576,-43.915720,16.687394,45.915576,1998,2098,2098
1746316087.958224,0.976753,0.403468,-1.134755,-3.984826,2.951111,-3.399305,-2.909024,12.963142,8.673881,-2.853333,49.311463,25.355444,-43.932839,15.289474,48.349976,-43.932839,15.289474,48.349976,1998,2098,2098
1746316087.963238,0.944177,0.443689,-1.129024,-3.860000,3.055524,-3.300221,-2.214232,12.939027,9.169459,-3.380703,47.918946,26.124987,-43.772869,14.375692,50.701268,-43.772869,14.375692,50.701268,1998,2098,2098
1746316087.968293,0.911400,0.483921,-1.123723,-3.898295,3.118053,-3.218183,-1.769250,12.908575,9.739110,-3.643086,46.641540,27.103257,-43.444874,13.761383,53.254877,-43.444874,13.761383,53.254877,1998,2098,2098
1746316087.973252,0.911400,0.483921,-1.123723,-3.898295,3.118053,-3.218183,-1.375395,12.593135,9.972497,-3.605342,45.523776,27.901445,-42.287792,13.312177,53.514728,-42.287792,13.312177,53.514728,1998,2098,2098
1746316087.978415,0.879825,0.523691,-1.118118,-3.839800,3.227414,-3.094266,-0.738171,12.543837,10.516254,-3.303197,44.316752,28.863260,-41.929491,13.185164,55.805922,-41.929491,13.185164,55.805922,1998,2098,2098
1746316087.983285,0.879825,0.523691,-1.118118,-3.839800,3.227414,-3.094266,-0.236308,12.222425,10.692256,-2.782780,43.279358,29.578509,-40.589361,13.199432,55.850999,-40.589361,13.199432,55.850999,1998,2098,2098
1746316087.988212,0.879825,0.523691,-1.118118,-3.839800,3.227414,-3.094266,0.183453,11.692929,10.606786,-2.094509,42.186180,30.001360,-39.106526,13.340251,55.532314,-39.106526,13.340251,55.532314,1998,2098,2098
1746316087.993252,0.814517,0.603672,-1.106378,-4.070868,3.415792,-2.868914,-0.518821,11.844673,11.320699,-2.173847,41.304742,31.236174,-39.934634,13.141138,60.241126,-39.934634,13.141138,60.241126,1998,2098,2098
1746316087.998219,0.780517,0.643607,-1.100185,-4.195500,3.517614,-2.758055,-1.625776,12.154314,12.131996,-3.042863,40.791501,33.045638,-40.881534,12.266443,64.112547,-40.881534,12.266443,64.112547,1998,2098,2098
1746316088.003431,0.780517,0.643607,-1.100185,-4.195500,3.517614,-2.758055,-2.532755,12.135432,12.541829,-4.368341,40.412205,34.866285,-41.210247,10.913071,66.130450,-41.210247,10.913071,66.130450,1998,2098,2098
1746316088.008233,0.780517,0.643607,-1.100185,-4.195500,3.517614,-2.758055,-3.148960,11.848072,12.563552,-5.677160,40.007260,36.233204,-41.500938,9.562918,67.671808,-41.500938,9.562918,67.671808,1998,2098,2098
1746316088.013172,0.744982,0.683831,-1.093852,-4.408235,3.606688,-2.646845,-4.546385,11.749038,12.807991,-7.526704,39.703791,37.921097,-43.349296,7.933251,72.132071,-43.349296,7.933251,72.132071,1998,2098,2098
1746316088.018296,0.744982,0.683831,-1.093852,-4.408235,3.606688,-2.646845,-5.623821,11.397735,12.722843,-9.632106,39.290953,39.320495,-44.123013,5.873287,74.020278,-44.123013,5.873287,74.020278,1998,2098,2098
1746316088.023209,0.708488,0.723864,-1.087487,-4.547250,3.733881,-2.535148,-6.946050,11.429601,12.862449,-11.899329,38.973013,40.875451,-46.617575,3.840952,78.802070,-46.617575,3.840952,78.802070,1998,2098,2098
1746316088.028349,0.708488,0.723864,-1.087487,-4.547250,3.733881,-2.535148,-7.916264,11.197044,12.689248,-14.259390,38.604291,42.112256,-47.645614,1.579858,80.719730,-47.645614,1.579858,80.719730,1998,2098,2098
1746316088.033359,0.671160,0.764017,-1.080963,-4.657061,3.790967,-2.384441,-8.991986,11.011800,12.938319,-16.595384,38.181630,43.579793,-50.488190,-0.471284,85.726178,-50.488190,-0.471284,85.726178,1998,1998,2098
1746316088.038281,0.671160,0.764017,-1.080963,-4.657061,3.790967,-2.384441,-9.650668,10.619613,12.849886,-18.714395,37.674721,44.689609,-51.249408,-2.579614,87.362626,-51.249408,-2.579614,87.362626,1998,1998,2098
1746316088.043201,0.634352,0.804249,-1.074053,-4.609145,3.905866,-2.242790,-9.764854,10.577390,13.125036,-20.378632,37.017585,45.923571,-54.003446,-4.180248,92.045580,-54.003446,-4.180248,92.045580,1998,1998,2098
1746316088.048284,0.634352,0.804249,-1.074053,-4.609145,3.905866,-2.242790,-9.641208,10.303751,13.061294,-21.596194,36.360798,46.811489,-54.007540,-5.563656,92.936446,-54.007540,-5.563656,92.936446,1998,1998,2098
1746316088.053602,0.598645,0.844463,-1.066720,-4.537744,3.976022,-2.091058,-8.960168,10.157034,13.415757,-22.150194,35.489853,47.837459,-56.093693,-6.229654,96.953691,-56.093693,-6.229654,96.953691,1998,1998,2098
1746316088.058447,0.563356,0.884756,-1.059434,-4.490750,4.014088,-1.972114,-8.049823,9.980276,13.882330,-22.089453,34.536859,48.905487,-57.873339,-6.376666,100.869861,-57.873339,-6.376666,100.869861,1998,1998,2098
1746316088.063273,0.563356,0.884756,-1.059434,-4.490750,4.014088,-1.972114,-7.139065,9.626326,13.970197,-21.554016,33.634697,49.645586,-56.217747,-6.351210,100.328929,-56.217747,-6.351210,100.328929,1998,1998,2098
1746316088.068201,0.528494,0.924777,-1.052567,-4.510151,4.082044,-1.902869,-6.311149,9.425899,14.051752,-20.695465,32.579659,50.328667,-57.275308,-5.922048,103.367034,-57.275308,-5.922048,103.367034,1998,1998,2098
1746316088.073261,0.528494,0.924777,-1.052567,-4.510151,4.082044,-1.902869,-5.476946,9.046695,13.804614,-19.526171,31.550317,50.543924,-54.827871,-5.416162,101.628046,-54.827871,-5.416162,101.628046,1998,1998,2098
1746316088.078266,0.528494,0.924777,-1.052567,-4.510151,4.082044,-1.902869,-4.683166,8.536410,13.291781,-18.135071,30.493561,50.192024,-52.158373,-4.731174,99.144588,-52.158373,-4.731174,99.144588,1998,1998,2098
1746316088.083321,0.456206,1.004989,-1.039445,-4.721700,4.180576,-1.644102,-4.887766,8.371701,13.745587,-17.047098,29.439623,50.672039,-56.372937,-3.960264,105.882478,-56.372937,-3.960264,105.882478,1998,1998,2098
1746316088.088233,0.419225,1.045260,-1.031825,-4.840299,4.259234,-1.451081,-5.464050,8.402603,14.649303,-16.423131,28.731341,51.995289,-58.693378,-3.607714,110.500050,-58.693378,-3.607714,110.500050,1998,1998,2098
1746316088.093485,0.419225,1.045260,-1.031825,-4.840299,4.259234,-1.451081,-5.839631,8.234453,15.097099,-16.176828,28.109651,53.462652,-57.377843,-3.715412,110.829404,-57.377843,-3.715412,110.829404,1998,1998,2098
1746316088.098238,0.383203,1.085710,-1.023596,-4.808230,4.312902,-1.304705,-5.844611,8.156639,15.710019,-15.980976,27.471037,55.089657,-60.932080,-3.667287,116.677279,-60.932080,-3.667287,116.677279,1998,1998,2098
1746316088.103333,0.383203,1.085710,-1.023596,-4.808230,4.312902,-1.304705,-5.721598,7.910396,15.906791,-15.776782,26.846870,56.545619,-59.561092,-3.817661,116.920418,-59.561092,-3.817661,116.920418,1998,1998,2098
1746316088.108465,0.346870,1.125944,-1.014391,-4.956584,4.350239,-1.136770,-6.171899,7.695937,16.468544,-15.682317,26.288157,58.332681,-63.686477,-3.783272,123.668876,-63.686477,-3.783272,123.668876,1998,1998,2098
1746316088.113233,0.346870,1.125944,-1.014391,-4.956584,4.350239,-1.136770,-6.374071,7.365421,16.527625,-15.715415,25.750664,59.663352,-62.666465,-4.095248,124.078808,-62.666465,-4.095248,124.078808,1998,1998,2098
1746316088.118238,0.346870,1.125944,-1.014391,-4.956584,4.350239,-1.136770,-6.411219,6.922747,16.223560,-15.723736,25.110561,60.463183,-61.413561,-4.440375,123.747675,-61.413561,-4.440375,123.747675,1998,1998,2098
1746316088.123227,0.305724,1.172842,-1.003610,-4.839540,4.355524,-1.008637,-5.771601,6.432324,16.188091,-15.381158,24.027074,61.053199,-66.356390,-4.419419,129.924897,-66.356390,-4.419419,129.924897,1998,1998,2098
1746316088.128217,0.269786,1.213118,-0.994501,-4.886473,4.387695,-0.880501,-5.333133,6.034026,16.371947,-14.790017,22.864834,61.706273,-70.451521,-4.329411,135.445390,-70.451521,-4.329411,135.445390,1998,1998,2098
1746316088.133219,0.269786,1.213118,-0.994501,-4.886473,4.387695,-0.880501,-4.856055,5.573934,16.153986,-14.081546,21.763669,61.964128,-66.711531,-4.335414,132.199951,-66.711531,-4.335414,132.199951,1998,1998,2098
1746316088.138319,0.269786,1.213118,-0.994501,-4.886473,4.387695,-0.880501,-4.349430,5.064898,15.602606,-13.228509,20.661662,61.631498,-62.744509,-4.220660,128.151364,-62.744509,-4.220660,128.151364,1998,1998,2098
1746316088.143084,0.234580,1.253402,-0.985684,-4.852843,4.399491,-0.769574,-3.727056,4.619850,15.320196,-12.250309,19.433937,61.168867,-66.310729,-3.878732,131.852748,-66.310729,-3.878732,131.852748,1998,1998,2098
1746316088.148279,0.234580,1.253402,-0.985684,-4.852843,4.399491,-0.769574,-3.087314,4.118833,14.726263,-11.074633,18.174763,60.202871,-60.866733,-3.594063,125.714675,-60.866733,-3.594063,125.714675,1998,1998,2098
1746316088.153277,0.199268,1.293122,-0.976385,-4.930023,4.399935,-0.616804,-2.866261,3.636086,14.608740,-9.944535,16.950300,59.447541,-64.150743,-3.146245,128.869603,-64.150743,-3.146245,128.869603,1998,1998,2098
1746316088.158169,0.130996,1.373216,-0.953887,-5.072161,4.470088,-0.323971,-3.253206,3.480963,15.483173,-9.026926,15.783201,59.761699,-84.579150,-2.702230,150.479507,-84.579150,-2.702230,150.479507,1998,1998,2098
1746316088.163229,0.130996,1.373216,-0.953887,-5.072161,4.470088,-0.323971,-3.507304,3.272486,15.876229,-8.446405,14.785683,60.361731,-78.723295,-2.805798,145.337613,-78.723295,-2.805798,145.337613,1998,1998,2098
1746316088.168355,0.130996,1.373216,-0.953887,-5.072161,4.470088,-0.323971,-3.634088,3.024895,15.828375,-8.058529,13.912733,60.781081,-73.952813,-2.994436,141.079292,-73.952813,-2.994436,141.079292,1998,1998,2098
1746316088.173183,0.101659,1.412955,-0.937656,-5.014981,4.405851,-0.162563,-3.401190,2.489876,16.140735,-7.534625,12.945017,61.321987,-87.231138,-2.820764,155.060267,-87.231138,-2.820764,155.060267,1998,1998,2098
1746316088.178212,0.076110,1.452864,-0.917878,-4.977126,4.394815,-0.079571,-2.957132,1.929672,16.429782,-6.884590,11.698863,61.967905,-107.059756,-2.756204,175.777427,-107.059756,-2.756204,175.777427,1998,1998,2098
1746316088.183255,0.076110,1.452864,-0.917878,-4.977126,4.394815,-0.079571,-2.528147,1.429585,16.290109,-6.183202,10.531844,62.317853,-95.559812,-2.908053,164.707309,-95.559812,-2.908053,164.707309,1998,1998,2098
1746316088.188260,0.076110,1.452864,-0.917878,-4.977126,4.394815,-0.079571,-2.125456,0.994626,15.807631,-5.450547,9.458406,62.141655,-84.530197,-2.978216,153.578108,-84.530197,-2.978216,153.578108,1998,1998,2098
1746316088.193491,0.060847,1.492585,-0.887413,-5.049652,4.426224,0.064124,-2.074909,0.749755,15.702024,-4.642510,8.485184,61.911739,-114.157867,-2.668500,183.207832,-114.157867,-2.668500,183.207832,1998,1998,2098
1746316088.198215,0.060847,1.492585,-0.887413,-5.049652,4.426224,0.064124,-1.992002,0.555033,15.275964,-4.034223,7.723911,61.389733,-101.686506,-2.677492,170.252588,-101.686506,-2.677492,170.252588,1998,1998,2098
1746316088.203227,0.084237,1.531668,-0.820336,-4.861967,4.361756,0.156112,-1.030844,0.082772,14.994036,-2.936973,6.924461,60.607112,-173.373579,-1.787469,240.979246,-173.373579,-1.787469,240.979246,1998,1998,2098
1746316088.208648,1.696338,1.566071,0.839375,-5.326480,4.391244,0.289973,-2.427733,-0.190330,15.032856,-3.475137,4.829471,52.124157,277.399818,1.420781,-217.572904,277.399818,1.420781,-217.572904,2098,2098,1998
1746316088.213299,1.696338,1.566071,0.839375,-5.326480,4.391244,0.289973,-3.329684,-0.373120,14.718309,-4.190516,3.333619,46.279644,-59.305076,0.954063,113.283717,-59.305076,0.954063,113.283717,1998,2098,2098
1746316088.218236,2.921253,1.530390,2.110655,-5.210298,4.416627,0.388905,-3.533758,-0.412549,14.578560,-4.564208,2.286484,48.678351,114.446695,-1.676820,-58.254768,114.446695,-1.676820,-58.254768,2098,1998,1998
1746316088.223309,2.921253,1.530390,2.110655,-5.210298,4.416627,0.388905,-3.624916,-0.436253,14.132975,-4.893077,1.473613,50.155631,101.370280,-0.976895,-43.711747,101.370280,-0.976895,-43.711747,2098,1998,1998
1746316088.228321,2.934095,1.490574,2.173030,-5.427440,4.314564,0.566521,-4.594467,-0.905656,14.254135,-5.097728,1.476579,51.589585,59.361553,-0.950128,-0.032601,59.361553,-0.950128,-0.032601,2098,1998,2019
1746316088.233260,2.934095,1.490574,2.173030,-5.427440,4.314564,0.566521,-5.267887,-1.261066,14.033528,-5.557304,1.326649,52.501646,61.068527,-0.486472,-0.822024,61.068527,-0.486472,-0.822024,2098,1998,1998
1746316088.238114,2.912614,1.451189,2.198755,-5.201295,4.346064,0.716694,-4.705412,-1.380795,14.210201,-5.363342,1.555071,53.368100,44.755256,-0.919491,15.962101,44.755256,-0.919491,15.962101,2098,1998,2098
1746316088.243283,2.912614,1.451189,2.198755,-5.201295,4.346064,0.716694,-4.109653,-1.453813,14.043080,-4.920334,1.717280,53.898717,43.674143,-1.373282,17.566107,43.674143,-1.373282,17.566107,2098,1998,2098
1746316088.248208,2.912614,1.451189,2.198755,-5.201295,4.346064,0.716694,-3.557335,-1.476654,13.592789,-4.331721,1.844938,53.881367,41.641807,-1.924603,19.566574,41.641807,-1.924603,19.566574,2098,1998,2098
1746316088.253203,2.849991,1.372487,2.230774,-5.086569,4.242122,0.907357,-2.506344,-1.930108,13.776796,-3.106716,2.273842,54.048997,26.415868,-3.181889,34.723812,26.415868,-3.181889,34.723812,2098,1998,2098
1746316088.258186,2.816962,1.333272,2.244605,-5.178956,4.224026,1.030508,-2.012537,-2.335603,14.169608,-1.756567,2.786013,54.568439,21.679239,-4.589735,40.017692,21.679239,-4.589735,40.017692,2098,1998,2098
1746316088.263416,2.816962,1.333272,2.244605,-5.178956,4.224026,1.030508,-1.543903,-2.626893,14.172540,-0.465419,3.062267,54.964586,19.172816,-5.771078,42.849890,19.172816,-5.771078,42.849890,2098,1998,2098
1746316088.268199,2.816962,1.333272,2.244605,-5.178956,4.224026,1.030508,-1.164121,-2.782205,13.855609,0.632393,3.207243,54.966431,16.743090,-6.719424,45.213244,16.743090,-6.719424,45.213244,2098,1998,2098
1746316088.273242,2.782949,1.294050,2.257016,-5.012288,4.179532,1.156234,-0.054334,-3.057935,13.851544,2.162649,3.343202,54.883656,11.969543,-7.970968,49.445678,11.969543,-7.970968,49.445678,2098,1998,2098
1746316088.278162,2.748145,1.254981,2.268490,-5.143620,4.194756,1.285416,0.243716,-3.140481,14.111131,3.652540,3.757350,55.084938,9.430783,-9.407710,52.169004,9.430783,-9.407710,52.169004,2098,1998,2098
1746316088.283247,2.748145,1.254981,2.268490,-5.143620,4.194756,1.285416,0.489222,-3.139281,14.011998,4.946570,4.090625,55.139116,7.576406,-10.613471,53.985848,7.576406,-10.613471,53.985848,2098,1998,2098
1746316088.288237,2.748145,1.254981,2.268490,-5.143620,4.194756,1.285416,0.673195,-3.066640,13.613227,6.034514,4.394644,54.829794,6.076125,-11.642509,55.102608,6.076125,-11.642509,55.102608,2098,1998,2098
1746316088.293175,2.711773,1.215877,2.278787,-5.108030,4.127211,1.414834,0.964381,-3.240383,13.565747,7.116393,4.722775,54.539576,4.669084,-12.604584,55.931166,4.669084,-12.604584,55.931166,2098,1998,2098
1746316088.298240,2.711773,1.215877,2.278787,-5.108030,4.127211,1.414834,1.185968,-3.312611,13.220714,8.096525,4.965879,54.011294,3.366378,-13.507253,56.624398,3.366378,-13.507253,56.624398,2098,1998,2098
1746316088.303225,2.674882,1.176807,2.289225,-5.247087,4.069766,1.517695,0.711847,-3.552673,13.106584,8.736661,5.336913,53.618910,3.357059,-14.159851,56.268979,3.357059,-14.159851,56.268979,2098,1998,2098
1746316088.308218,2.636721,1.137737,2.299481,-5.196632,4.023269,1.650433,0.536568,-3.877507,13.316525,9.191912,5.513077,53.511016,3.010594,-14.552001,56.203274,3.010594,-14.552001,56.203274,2098,1998,2098
1746316088.313257,2.636721,1.137737,2.299481,-5.196632,4.023269,1.650433,0.380648,-4.056141,13.187179,9.473231,5.568194,53.350890,2.662192,-14.798581,56.359388,2.662192,-14.798581,56.359388,2098,1998,2098
1746316088.318253,2.636721,1.137737,2.299481,-5.196632,4.023269,1.650433,0.246631,-4.107904,12.784383,9.659652,5.605851,52.925736,2.433331,-14.962736,56.141969,2.433331,-14.962736,56.141969,2098,1998,2098
1746316088.323165,2.598646,1.098538,2.309564,-5.264463,3.972699,1.784881,-0.165786,-4.282110,12.774559,9.697149,5.713918,52.688481,2.828424,-14.989414,55.417115,2.828424,-14.989414,55.417115,2098,1998,2098
1746316088.328212,2.560588,1.059638,2.319277,-5.146883,3.923975,1.914380,0.026475,-4.553812,13.069501,9.766656,5.491642,52.677597,2.359178,-14.817442,55.439094,2.359178,-14.817442,55.439094,2098,1998,2098
1746316088.333271,2.560588,1.059638,2.319277,-5.146883,3.923975,1.914380,0.182152,-4.670042,13.008959,9.905415,5.272096,52.610830,1.837301,-14.769708,55.827497,1.837301,-14.769708,55.827497,2098,1998,2098
1746316088.338424,2.560588,1.059638,2.319277,-5.146883,3.923975,1.914380,0.306429,-4.656448,12.653741,10.120479,5.133686,52.263895,1.330803,-14.833099,55.922318,1.330803,-14.833099,55.922318,2098,1998,2098
1746316088.343511,2.485742,0.981801,2.338062,-4.964519,3.772897,2.143705,1.233164,-5.227424,13.121978,10.534256,4.290752,52.118597,-0.156884,-14.334085,56.297334,-0.156884,-14.334085,56.297334,2001,1998,2098
1746316088.348197,2.450028,0.943188,2.347443,-4.841670,3.706092,2.231771,2.415818,-5.822780,13.561028,11.220952,3.060780,52.075256,-2.412920,-13.854913,57.675104,-2.412920,-13.854913,57.675104,1998,1998,2098
1746316088.353250,2.450028,0.943188,2.347443,-4.841670,3.706092,2.231771,3.413984,-6.227111,13.661757,12.305974,1.858970,52.004563,-5.167801,-13.786486,59.834306,-5.167801,-13.786486,59.834306,1998,1998,2098
1746316088.358461,2.414598,0.904501,2.357058,-4.699492,3.644754,2.314966,4.834547,-6.705309,13.812417,13.749389,0.244366,51.708185,-8.414878,-13.531584,61.549816,-8.414878,-13.531584,61.549816,1998,1998,2098
1746316088.363741,2.414598,0.904501,2.357058,-4.699492,3.644754,2.314966,5.874303,-6.929570,13.593338,15.470206,-1.071544,51.187614,-11.889416,-13.816043,63.760638,-11.889416,-13.816043,63.760638,1998,1998,2098
1746316088.368265,2.414598,0.904501,2.357058,-4.699492,3.644754,2.314966,6.463719,-6.934955,13.150282,16.974185,-1.917715,50.475924,-14.578733,-14.279748,65.163064,-14.578733,-14.279748,65.163064,1998,1998,2098
1746316088.373239,2.380624,0.866192,2.366420,-4.622088,3.587539,2.431647,7.216128,-7.055531,13.002763,18.592980,-3.036987,49.554464,-16.851974,-14.430314,65.243933,-16.851974,-14.430314,65.243933,1998,1998,2098
1746316088.378242,2.346527,0.827646,2.375769,-4.549140,3.508668,2.547199,7.998498,-7.351282,13.111155,20.155298,-4.448150,48.681950,-19.205025,-14.272646,65.300769,-19.205025,-14.272646,65.300769,1998,1998,2098
1746316088.383298,2.346527,0.827646,2.375769,-4.549140,3.508668,2.547199,8.458724,-7.426739,12.901676,21.646386,-5.550216,47.809288,-21.922496,-14.511782,66.429091,-21.922496,-14.511782,66.429091,1998,1998,2098
1746316088.388639,2.312982,0.789071,2.385089,-4.436462,3.439762,2.637566,9.188930,-7.642100,12.843121,23.130156,-7.040838,46.782403,-24.081650,-14.195521,65.958402,-24.081650,-14.195521,65.958402,1998,1998,2098
1746316088.393264,2.312982,0.789071,2.385089,-4.436462,3.439762,2.637566,9.491344,-7.621646,12.516965,24.334891,-8.008005,45.849577,-26.267554,-14.319067,66.576910,-26.267554,-14.319067,66.576910,1998,1998,2098
1746316088.398260,2.280369,0.750774,2.394103,-4.242151,3.315547,2.717315,10.437224,-8.003459,12.324571,25.694131,-9.566267,44.582257,-28.303796,-13.766529,65.514966,-28.303796,-13.766529,65.514966,1998,1998,2098
1746316088.403295,2.280369,0.750774,2.394103,-4.242151,3.315547,2.717315,10.975499,-8.134927,11.888001,27.114722,-10.796476,43.261118,-30.872526,-13.830013,65.946228,-30.872526,-13.830013,65.946228,1998,1998,2098
1746316088.408181,2.247586,0.712359,2.403694,-4.363379,3.275326,2.776944,10.623201,-8.235217,11.543229,27.999935,-11.989636,42.034922,-31.485733,-13.240921,64.115717,-31.485733,-13.240921,64.115717,1998,1998,2098
1746316088.413645,2.247586,0.712359,2.403694,-4.363379,3.275326,2.776944,10.046459,-8.128874,10.951250,28.458514,-12.892569,40.700530,-32.736661,-12.881358,63.598959,-32.736661,-12.881358,63.598959,1998,1998,2098
1746316088.418405,2.247586,0.712359,2.403694,-4.363379,3.275326,2.776944,9.410630,-7.864739,10.283658,28.493735,-13.330938,39.476682,-33.160757,-12.580710,62.652309,-33.160757,-12.580710,62.652309,1998,1998,2098
1746316088.423244,2.214957,0.674635,2.413153,-4.297176,3.191358,2.838246,8.973471,-7.847073,9.780551,28.189409,-14.090177,38.107524,-32.501457,-11.442930,59.596190,-32.501457,-11.442930,59.596190,1998,1998,2098
1746316088.428205,2.181949,0.636761,2.422704,-4.289054,3.112937,2.928586,8.449416,-8.012820,9.550829,27.551572,-15.205561,36.851833,-31.807988,-9.814243,56.661473,-31.807988,-9.814243,56.661473,1998,1998,2098
1746316088.433244,2.181949,0.636761,2.422704,-4.289054,3.112937,2.928586,7.826047,-7.969587,9.146028,26.727516,-16.027086,35.726677,-31.709585,-8.653332,55.477806,-31.709585,-8.653332,55.477806,1998,1998,2098
1746316088.438234,2.181949,0.636761,2.422704,-4.289054,3.112937,2.928586,7.148271,-7.754512,8.613929,25.762957,-16.505897,34.646375,-31.198971,-7.657800,54.093897,-31.198971,-7.657800,54.093897,1998,1998,2098
1746316088.443255,2.111088,0.561220,2.441410,-4.543336,2.906088,3.101329,5.283498,-8.338516,8.765088,23.611268,-17.943639,33.975213,-28.169655,-4.398242,49.493410,-28.169655,-4.398242,49.493410,1998,1998,2098
1746316088.448243,2.111088,0.561220,2.441410,-4.543336,2.906088,3.101329,3.660700,-8.621483,8.689406,20.954383,-19.203550,33.653982,-26.728664,-1.722773,48.405255,-26.728664,-1.722773,48.405255,1998,1998,2098
1746316088.453253,2.111088,0.561220,2.441410,-4.543336,2.906088,3.101329,2.253250,-8.658638,8.432172,18.055995,-20.188099,33.452729,-24.859948,0.897733,47.209434,-24.859948,0.897733,47.209434,1998,2098,2098
1746316088.458239,2.072687,0.522807,2.451185,-4.847707,2.885957,3.263275,-0.300959,-8.584323,8.761428,14.110364,-21.336776,33.826921,-20.967888,4.578208,44.663994,-20.967888,4.578208,44.663994,1998,2098,2098
1746316088.463256,2.072687,0.522807,2.451185,-4.847707,2.885957,3.263275,-2.383385,-8.330264,8.833480,9.728598,-22.091227,34.406705,-17.623314,7.950412,43.573786,-17.623314,7.950412,43.573786,1998,2098,2098
1746316088.468360,2.036355,0.484818,2.460778,-4.507695,2.768540,3.338036,-2.486711,-8.467784,9.032829,5.864697,-23.502858,34.549765,-15.109408,11.803204,41.404629,-15.109408,11.803204,41.404629,1998,2098,2098
1746316088.473177,1.999409,0.446236,2.470523,-4.644727,2.708847,3.480237,-3.104692,-8.644241,9.601709,2.419664,-25.182433,34.864224,-12.492449,15.508342,39.782198,-12.492449,15.508342,39.782198,1998,2098,2098
1746316088.478309,1.999409,0.446236,2.470523,-4.644727,2.708847,3.480237,-3.574550,-8.605792,9.884186,-0.708863,-26.528133,35.319630,-10.703980,18.507629,39.465749,-10.703980,18.507629,39.465749,1998,2098,2098
1746316088.483171,1.964195,0.408191,2.479697,-4.205245,2.495501,3.491024,-1.930893,-9.316660,9.925683,-2.259258,-28.389786,34.937255,-10.761088,21.287742,38.221753,-10.761088,21.287742,38.221753,1998,2098,2098
1746316088.488219,1.928580,0.370528,2.489436,-4.409093,2.443779,3.536866,-1.420068,-9.948830,9.949900,-3.266272,-30.606046,34.421835,-10.528611,23.863499,37.092309,-10.528611,23.863499,37.092309,1998,2098,2098
1746316088.493275,1.928580,0.370528,2.489436,-4.409093,2.443779,3.536866,-0.972462,-10.233856,9.741011,-3.703208,-32.452067,33.891890,-11.357982,25.595850,36.862685,-11.357982,25.595850,36.862685,1998,2098,2098
1746316088.498214,1.928580,0.370528,2.489436,-4.409093,2.443779,3.536866,-0.596237,-10.229505,9.356705,-3.735453,-33.809645,33.272984,-12.214391,26.694392,36.553891,-12.214391,26.694392,36.553891,1998,2098,2098
1746316088.503221,1.894038,0.333036,2.498786,-4.112879,2.262210,3.587094,1.062673,-10.816507,9.057428,-2.797688,-35.565662,32.055334,-14.020336,27.882190,35.068517,-14.020336,27.882190,35.068517,1998,2098,2098
1746316088.508241,1.894038,0.333036,2.498786,-4.112879,2.262210,3.587094,2.389393,-11.049786,8.608852,-1.122569,-37.023555,30.796868,-16.363819,28.044971,34.576168,-16.363819,28.044971,34.576168,1998,2098,2098
1746316088.513212,1.859419,0.295521,2.508626,-4.176416,2.226067,3.700062,3.118133,-11.150893,8.560278,0.532924,-38.642004,29.592254,-18.078572,28.614825,32.981860,-18.078572,28.614825,32.981860,1998,2098,2098
1746316088.518111,1.827008,0.257994,2.517811,-3.847853,2.034157,3.764749,5.082740,-11.833723,8.618929,3.025193,-40.474376,28.180001,-21.218402,29.050861,31.301565,-21.218402,29.050861,31.301565,1998,2098,2098
1746316088.523231,1.827008,0.257994,2.517811,-3.847853,2.034157,3.764749,6.642949,-12.148748,8.474374,6.123464,-42.109481,26.886279,-24.807043,28.568308,30.923454,-24.807043,28.568308,30.923454,1998,2098,2098
1746316088.528240,1.827008,0.257994,2.517811,-3.847853,2.034157,3.764749,7.724045,-12.117566,8.164388,9.214329,-43.296226,25.699737,-28.118610,27.726159,30.581830,-28.118610,27.726159,30.581830,1998,2098,2098
1746316088.533212,1.827008,0.257994,2.517811,-3.847853,2.034157,3.764749,8.422261,-11.820821,7.731541,12.073555,-44.000964,24.545368,-30.944545,26.628080,30.148475,-30.944545,26.628080,30.148475,1998,2098,2098
1746316088.538227,1.793335,0.220266,2.527659,-3.951706,1.959091,3.836570,8.337458,-11.650873,7.527021,14.180722,-44.783770,23.435971,-32.388705,26.477296,27.971099,-32.388705,26.477296,27.971099,1998,2098,2098
1746316088.543372,1.759760,0.183142,2.536926,-4.008721,1.816534,3.827673,7.809211,-11.898828,7.140679,15.453980,-45.722995,22.231046,-33.352085,27.013981,25.572559,-33.352085,27.013981,25.572559,1998,2098,2098
1746316088.548251,1.759760,0.183142,2.536926,-4.008721,1.816534,3.827673,7.228144,-11.819961,6.683418,15.995930,-46.349063,21.187181,-34.167491,27.220951,24.677196,-34.167491,27.220951,24.677196,1998,2098,2098
1746316088.553222,1.723919,0.145996,2.546776,-4.128796,1.714730,3.879775,6.049803,-11.951801,6.390239,15.564972,-47.215237,20.147799,-33.579023,28.669395,22.053991,-33.579023,28.669395,22.053991,1998,2098,2098
1746316088.558249,1.723919,0.145996,2.546776,-4.128796,1.714730,3.879775,4.944285,-11.791451,6.005307,14.455058,-47.776714,19.225985,-32.967862,29.756388,21.043267,-32.967862,29.756388,21.043267,1998,2098,2098
1746316088.563054,1.687500,0.109257,2.556456,-4.257307,1.587913,3.929564,3.423728,-11.959106,5.791504,12.573089,-48.573443,18.327473,-31.146988,31.960393,18.490480,-31.146988,31.960393,18.490480,1998,2098,2098
1746316088.568290,1.687500,0.109257,2.556456,-4.257307,1.587913,3.929564,1.988993,-11.837998,5.469547,9.971704,-49.146130,17.493988,-29.283571,33.874586,17.453810,-29.283571,33.874586,17.453810,1998,2098,2098
1746316088.573223,1.612366,0.035163,2.576345,-4.320162,1.352053,4.039736,0.575659,-12.518247,5.587445,7.057930,-50.322735,16.510850,-26.454327,37.362888,13.628968,-26.454327,37.362888,13.628968,1998,2098,2098
1746316088.578253,1.612366,0.035163,2.576345,-4.320162,1.352053,4.039736,-0.610950,-12.803611,5.560571,3.939580,-51.411363,15.751928,-24.402845,39.952453,12.797924,-24.402845,39.952453,12.797924,1998,2098,2098
1746316088.583220,1.574403,-0.001694,2.586519,-4.194668,1.184433,4.049695,-0.987265,-13.493849,5.458520,1.381230,-52.519424,14.850879,-22.559928,42.721901,10.752323,-22.559928,42.721901,10.752323,1998,2098,2098
1746316088.588226,1.536254,-0.038471,2.596893,-4.172595,1.047451,4.086662,-1.174235,-14.374864,5.419237,-0.663331,-53.877396,13.894289,-21.111225,45.376667,8.754925,-21.111225,45.376667,8.754925,1998,2098,2098
1746316088.593258,1.536254,-0.038471,2.596893,-4.172595,1.047451,4.086662,-1.300287,-14.768375,5.264298,-2.318296,-55.159657,13.094373,-20.359624,47.330901,7.983916,-20.359624,47.330901,7.983916,1998,2098,2098
1746316088.598223,1.536254,-0.038471,2.596893,-4.172595,1.047451,4.086662,-1.371961,-14.751347,5.021905,-3.617142,-56.114295,12.389220,-19.742943,48.820399,7.302482,-19.742943,48.820399,7.302482,1998,2098,2098
1746316088.603221,1.500377,-0.074817,2.606973,-3.879126,0.888194,4.116593,-0.079804,-15.124398,4.845817,-3.589361,-56.612725,11.550713,-20.010022,49.653761,5.503491,-20.010022,49.653761,5.503491,1998,2098,2098
1746316088.608300,1.500377,-0.074817,2.606973,-3.879126,0.888194,4.116593,0.988744,-15.086822,4.589737,-2.793656,-56.974768,10.818582,-20.881600,49.559863,4.706211,-20.881600,49.559863,4.706211,1998,2098,2098
1746316088.613278,1.500377,-0.074817,2.606973,-3.879126,0.888194,4.116593,1.814629,-14.713690,4.281982,-1.612386,-57.017462,10.161814,-21.922705,48.994725,3.971624,-21.922705,48.994725,3.971624,1998,2098,2098
1746316088.618269,1.465884,-0.111273,2.617080,-3.682036,0.718511,4.123853,3.332579,-14.842643,3.967953,0.481587,-56.712230,9.404745,-23.474088,48.128626,2.060941,-23.474088,48.128626,2.060941,1998,2098,2098
1746316088.623227,1.432222,-0.147597,2.627139,-3.554318,0.559400,4.141514,5.053995,-15.326219,3.704820,3.383224,-56.418494,8.669569,-25.712624,46.891621,-0.037353,-25.712624,46.891621,-0.037353,1998,2098,2018
1746316088.628252,1.432222,-0.147597,2.627139,-3.554318,0.559400,4.141514,6.360509,-15.381450,3.404723,6.544674,-56.229565,8.028973,-28.401128,45.171525,-1.073326,-28.401128,45.171525,-1.073326,1998,2098,1998
1746316088.633224,1.398023,-0.183718,2.637456,-3.591321,0.456482,4.130998,7.101279,-15.540507,3.040093,9.475536,-56.012479,7.365163,-30.571775,44.010420,-3.335007,-30.571775,44.010420,-3.335007,1998,2098,1998
1746316088.638269,1.398023,-0.183718,2.637456,-3.591321,0.456482,4.130998,7.552492,-15.320944,2.670432,12.038085,-55.715884,6.717955,-32.708206,42.512881,-4.372512,-32.708206,42.512881,-4.372512,1998,2098,1998
1746316088.643195,1.363114,-0.219867,2.648032,-3.644005,0.352227,4.129162,7.507213,-15.266586,2.309909,13.919584,-55.296084,6.033419,-33.938232,41.749736,-6.689793,-33.938232,41.749736,-6.689793,1998,2098,1998
1746316088.648454,1.363114,-0.219867,2.648032,-3.644005,0.352227,4.129162,7.292781,-14.863343,1.942337,15.247858,-54.712259,5.307561,-34.853414,40.606300,-7.615252,-34.853414,40.606300,-7.615252,1998,2098,1998
1746316088.653194,1.328107,-0.255699,2.658685,-3.614424,0.191483,4.155008,7.099990,-14.923398,1.742690,16.084857,-54.048671,4.665098,-35.243903,40.207537,-9.775109,-35.243903,40.207537,-9.775109,1998,2098,1998
1746316088.658253,1.328107,-0.255699,2.658685,-3.614424,0.191483,4.155008,6.777777,-14.653979,1.530082,16.518806,-53.352359,4.029696,-35.306941,39.389343,-10.426455,-35.306941,39.389343,-10.426455,1998,2098,1998
1746316088.663262,1.255714,-0.327495,2.680824,-3.722580,-0.066307,4.153157,5.877126,-15.265632,1.316246,16.255691,-52.736506,3.290704,-34.558670,40.075084,-13.775209,-34.558670,40.075084,-13.775209,1998,2098,1998
1746316088.668379,1.219561,-0.363112,2.691930,-3.599593,-0.229281,4.110027,5.560568,-16.171677,0.909791,15.839955,-52.279306,2.460331,-34.169880,40.426660,-15.704101,-34.169880,40.426660,-15.704101,1998,2098,1998
1746316088.673257,1.219561,-0.363112,2.691930,-3.599593,-0.229281,4.110027,5.191623,-16.506777,0.576038,15.254269,-52.155112,1.647326,-33.547875,40.569387,-16.296180,-33.547875,40.569387,-16.296180,1998,2098,1998
1746316088.678185,1.182238,-0.398763,2.703522,-3.585764,-0.348432,4.080188,4.836296,-16.954520,0.155925,14.518242,-51.951823,0.741120,-32.801841,41.235988,-18.163732,-32.801841,41.235988,-18.163732,1998,2098,1998
1746316088.683260,1.182238,-0.398763,2.703522,-3.585764,-0.348432,4.080188,4.429227,-16.948637,-0.200160,13.625838,-51.806024,-0.189838,-31.857791,41.482509,-18.728135,-31.857791,41.482509,-18.728135,1998,2098,1998
1746316088.688184,1.147897,-0.434033,2.714462,-3.283151,-0.565952,4.036403,5.350800,-17.526796,-0.669555,13.565448,-51.273314,-0.988507,-32.095098,41.613135,-20.592975,-32.095098,41.613135,-20.592975,1998,2098,1998
1746316088.693257,1.147897,-0.434033,2.714462,-3.283151,-0.565952,4.036403,6.004242,-17.618186,-1.048597,13.917254,-50.922947,-1.737214,-32.288045,41.148506,-21.422823,-32.288045,41.148506,-21.422823,1998,2098,1998
1746316088.698222,1.147897,-0.434033,2.714462,-3.283151,-0.565952,4.036403,6.386245,-17.291312,-1.325361,14.405485,-50.480027,-2.379732,-32.575589,40.543124,-22.186263,-32.575589,40.543124,-22.186263,1998,2098,1998
1746316088.703219,1.110964,-0.469152,2.726226,-3.606184,-0.630195,4.017554,5.103612,-16.926429,-1.607217,13.841017,-50.020071,-3.240064,-31.418330,40.811780,-23.908476,-31.418330,40.811780,-23.908476,1998,2098,1998
1746316088.708247,1.110964,-0.469152,2.726226,-3.606184,-0.630195,4.017554,3.939695,-16.245411,-1.801284,12.616891,-49.289120,-4.108920,-29.831928,40.636949,-24.060073,-29.831928,40.636949,-24.060073,1998,2098,1998
1746316088.713182,1.073622,-0.504115,2.737844,-3.565564,-0.783278,3.959558,3.104833,-16.020019,-2.173280,11.103823,-48.223211,-5.065748,-27.950304,40.766759,-25.109643,-27.950304,40.766759,-25.109643,1998,2098,1998
1746316088.718297,1.073622,-0.504115,2.737844,-3.565564,-0.783278,3.959558,2.329510,-15.465819,-2.437949,9.372264,-47.082872,-6.032732,-25.620097,40.398383,-24.951061,-25.620097,40.398383,-24.951061,1998,2098,1998
1746316088.723214,1.034270,-0.539013,2.749892,-3.682347,-0.952925,3.936284,1.156965,-15.435616,-2.691593,7.323966,-46.032550,-7.086770,-22.840783,40.703012,-25.582140,-22.840783,40.703012,-25.582140,1998,2098,1998
1746316088.728271,1.034270,-0.539013,2.749892,-3.682347,-0.952925,3.936284,0.148204,-15.064840,-2.843966,5.052171,-45.017972,-8.107066,-19.942843,40.632560,-25.114955,-19.942843,40.632560,-25.114955,1998,2098,1998
1746316088.733196,0.951276,-0.614639,2.777648,-3.291115,-1.233540,3.845811,1.082473,-15.678206,-3.301503,3.717968,-43.354083,-9.045024,-18.205711,40.424470,-26.236212,-18.205711,40.424470,-26.236212,1998,2098,1998
1746316088.738161,0.915551,-0.649616,2.790502,-3.065382,-1.438526,3.777542,2.835355,-16.753384,-3.909980,3.590991,-42.148842,-9.908270,-17.840068,39.781190,-27.258208,-17.840068,39.781190,-27.258208,1998,2098,1998
1746316088.743263,0.915551,-0.649616,2.790502,-3.065382,-1.438526,3.777542,4.235770,-17.270055,-4.329402,4.304660,-41.504627,-10.668602,-18.403380,38.930827,-28.359277,-18.403380,38.930827,-28.359277,1998,2098,1998
1746316088.748231,0.915551,-0.649616,2.790502,-3.065382,-1.438526,3.777542,5.242838,-17.283300,-4.561195,5.421128,-41.034287,-11.233500,-19.516758,38.105200,-29.597636,-19.516758,38.105200,-29.597636,1998,2098,1998
1746316088.753230,0.880941,-0.684142,2.803231,-2.842943,-1.583498,3.641649,6.950780,-17.560044,-5.260387,7.078415,-40.426696,-11.861760,-21.667701,37.368366,-31.892726,-21.667701,37.368366,-31.892726,1998,2098,1998
1746316088.758263,0.880941,-0.684142,2.803231,-2.842943,-1.583498,3.641649,8.190452,-17.388796,-5.713199,9.042286,-39.878941,-12.438669,-23.823545,36.199777,-33.832147,-23.823545,36.199777,-33.832147,1998,2098,1998
1746316088.763331,0.880941,-0.684142,2.803231,-2.842943,-1.583498,3.641649,9.015437,-16.849672,-5.952062,11.022725,-39.169204,-12.879902,-25.930174,34.872891,-35.604787,-25.930174,34.872891,-35.604787,1998,2098,1998
1746316088.768253,0.848066,-0.718807,2.815458,-2.907044,-1.671874,3.564437,9.178217,-16.438655,-6.348404,12.395182,-38.246546,-13.493238,-27.523107,33.931141,-38.052678,-27.523107,33.931141,-38.052678,1998,2098,1998
1746316088.773459,0.812193,-0.752688,2.827876,-3.015021,-1.834695,3.455826,8.600990,-16.468095,-7.052585,12.930218,-37.453803,-14.641239,-28.165119,33.470296,-40.442441,-28.165119,33.470296,-40.442441,1998,2098,1998
1746316088.778247,0.812193,-0.752688,2.827876,-3.015021,-1.834695,3.455826,7.980247,-16.120453,-7.416226,12.908926,-36.745653,-15.746789,-27.837952,32.803279,-41.324338,-27.837952,32.803279,-41.324338,1998,2098,1998
1746316088.783299,0.774846,-0.786654,2.840603,-3.279126,-1.936777,3.393937,6.069175,-15.933062,-7.850536,11.628328,-36.055125,-17.356265,-25.942400,32.923584,-42.599664,-25.942400,32.923584,-42.599664,1998,2098,1998
1746316088.788285,0.735233,-0.820823,2.854724,-3.216070,-2.046428,3.386467,4.685011,-15.913976,-8.053703,9.631575,-35.159222,-18.998831,-23.323993,33.043594,-42.981453,-23.323993,33.043594,-42.981453,1998,2098,1998
1746316088.793314,0.735233,-0.820823,2.854724,-3.216070,-2.046428,3.386467,3.444553,-15.539220,-8.038523,7.395893,-34.298001,-20.399060,-19.820568,32.850154,-41.818202,-19.820568,32.850154,-41.818202,1998,2098,1998
1746316088.798409,0.735233,-0.820823,2.854724,-3.216070,-2.046428,3.386467,2.344917,-14.872660,-7.840664,5.079374,-33.295322,-21.452366,-16.144674,32.543910,-40.181831,-16.144674,32.543910,-40.181831,1998,2098,1998
1746316088.803555,0.696095,-0.854947,2.869801,-3.028944,-2.181458,3.308552,2.257466,-14.602257,-7.854758,3.078772,-32.040576,-22.329826,-13.082741,32.219346,-38.937954,-13.082741,32.219346,-38.937954,1998,2098,1998
1746316088.808252,0.696095,-0.854947,2.869801,-3.028944,-2.181458,3.308552,2.143877,-14.085232,-7.694284,1.636464,-30.899723,-22.826600,-10.498950,31.507571,-37.485165,-10.498950,31.507571,-37.485165,1998,2098,1998
1746316088.813293,0.621351,-0.923143,2.899950,-2.674585,-2.508742,2.993768,3.605573,-14.813485,-8.816763,0.878105,-30.066413,-24.044549,-9.326737,31.491487,-37.675885,-9.326737,31.491487,-37.675885,1998,2098,1998
1746316088.818318,0.585966,-0.956576,2.913813,-2.672557,-2.570679,2.817218,4.714436,-15.344735,-10.321799,0.687728,-29.716277,-26.129031,-8.797110,31.364093,-39.411562,-8.797110,31.364093,-39.411562,1998,2098,1998
1746316088.823440,0.585966,-0.956576,2.913813,-2.672557,-2.570679,2.817218,5.522675,-15.428840,-11.327934,0.850841,-29.534396,-28.396753,-9.001558,31.150077,-41.846365,-9.001558,31.150077,-41.846365,1998,2098,1998
1746316088.828482,0.550147,-0.990005,2.927372,-2.723970,-2.690978,2.678589,5.804263,-15.683067,-12.494474,0.948265,-29.511032,-31.149667,-9.036686,31.325873,-44.799158,-9.036686,31.325873,-44.799158,1998,2098,1998
1746316088.833315,0.550147,-0.990005,2.927372,-2.723970,-2.690978,2.678589,5.895891,-15.536785,-13.127370,0.992156,-29.459299,-33.621425,-9.094806,31.265993,-47.319507,-9.094806,31.265993,-47.319507,1998,2098,1998
1746316088.838261,0.550147,-0.990005,2.927372,-2.723970,-2.690978,2.678589,5.845770,-15.080051,-13.374881,0.976243,-29.216885,-35.717962,-8.972545,31.032502,-49.313830,-8.972545,31.032502,-49.313830,1998,2098,1998
1746316088.843343,0.513050,-1.023278,2.941778,-2.858906,-2.751066,2.582852,5.054323,-14.631559,-13.717279,0.495877,-28.718134,-37.923475,-7.595188,30.799379,-50.652728,-7.595188,30.799379,-50.652728,1998,2098,1998
1746316088.848323,0.513050,-1.023278,2.941778,-2.858906,-2.751066,2.582852,4.311277,-13.942452,-13.676471,-0.235769,-28.030642,-39.589886,-5.955547,30.270788,-50.919182,-5.955547,30.270788,-50.919182,1998,2098,1998
1746316088.853216,0.513050,-1.023278,2.941778,-2.858906,-2.751066,2.582852,3.622983,-13.086046,-13.343937,-1.088356,-27.108486,-40.625793,-3.998730,29.536209,-50.284321,-3.998730,29.536209,-50.284321,1998,2098,1998
1746316088.858271,0.473601,-1.056738,2.957705,-2.800443,-2.849687,2.511223,3.228084,-12.521464,-13.092431,-2.021168,-25.925932,-41.430685,-1.399209,28.708092,-48.818033,-1.399209,28.708092,-48.818033,1998,2098,1998
1746316088.863293,0.434665,-1.089858,2.973984,-2.763302,-2.949140,2.365720,3.004133,-12.230157,-13.248391,-2.842994,-24.838567,-42.350982,1.247177,27.913915,-47.285758,1.247177,27.913915,-47.285758,2098,2098,1998
1746316088.868274,0.394189,-1.122964,2.990892,-2.809777,-3.053222,2.203873,2.547897,-12.186867,-13.801169,-3.675308,-23.985648,-43.725733,4.290093,27.318797,-45.861617,4.290093,27.318797,-45.861617,2098,2098,1998
1746316088.873296,0.394189,-1.122964,2.990892,-2.809777,-3.053222,2.203873,2.116471,-11.877040,-13.943723,-4.542714,-23.203201,-44.925850,6.541862,26.675443,-45.032016,6.541862,26.675443,-45.032016,2098,2098,1998
1746316088.878223,0.355628,-1.156041,3.007005,-2.622826,-3.169961,1.978990,2.554747,-11.883452,-14.743968,-4.948864,-22.683570,-46.577347,8.550952,26.312446,-44.331053,8.550952,26.312446,-44.331053,2098,2098,1998
1746316088.883370,0.355628,-1.156041,3.007005,-2.622826,-3.169961,1.978990,2.869534,-11.617681,-15.088685,-5.140188,-22.162716,-48.126093,9.194886,25.821974,-45.290461,9.194886,25.821974,-45.290461,2098,2098,1998
1746316088.888250,0.355628,-1.156041,3.007005,-2.622826,-3.169961,1.978990,3.045713,-11.151548,-15.011566,-5.179503,-21.573776,-49.150830,9.487676,25.243635,-46.047232,9.487676,25.243635,-46.047232,2098,2098,1998
1746316088.893249,0.318262,-1.189171,3.021975,-2.653307,-3.272286,1.783489,2.989067,-10.977212,-15.497052,-5.107568,-21.068605,-50.537629,10.845438,24.799841,-45.949537,10.845438,24.799841,-45.949537,2098,2098,1998
1746316088.898284,0.318262,-1.189171,3.021975,-2.653307,-3.272286,1.783489,2.874997,-10.585869,-15.543333,-5.108911,-20.510281,-51.632129,11.027913,24.245666,-46.874690,11.027913,24.245666,-46.874690,2098,2098,1998
1746316088.903217,0.243754,-1.255146,3.050195,-2.710448,-3.430875,1.395733,2.466321,-10.742258,-16.954340,-5.002677,-20.222808,-53.997978,14.167795,24.025872,-45.790687,14.167795,24.025872,-45.790687,2098,2098,1998
1746316088.908233,0.243754,-1.255146,3.050195,-2.710448,-3.430875,1.395733,2.072941,-10.632564,-17.745367,-5.172336,-19.981731,-56.525340,14.782914,23.801286,-47.733320,14.782914,23.801286,-47.733320,2098,2098,1998
1746316088.913181,0.205201,-1.287874,3.064513,-2.778355,-3.468164,1.215926,1.409000,-10.473256,-18.783613,-5.441857,-19.738034,-59.494632,18.158652,23.566635,-47.275673,18.158652,23.566635,-47.275673,2098,2098,1998
1746316088.918260,0.205201,-1.287874,3.064513,-2.778355,-3.468164,1.215926,0.822374,-10.103254,-19.226256,-5.965052,-19.403099,-62.218953,20.119634,23.272983,-48.116972,20.119634,23.272983,-48.116972,2098,2098,1998
1746316088.923238,0.205201,-1.287874,3.064513,-2.778355,-3.468164,1.215926,0.337904,-9.579590,-19.140207,-6.577164,-18.927966,-64.199734,22.436854,22.846396,-47.872659,22.436854,22.846396,-47.872659,2098,2098,1998
1746316088.928391,0.166510,-1.320646,3.078635,-2.773584,-3.512763,1.025954,-0.055550,-9.124475,-19.506883,-6.988053,-18.343586,-66.202953,27.671244,22.259668,-44.449809,27.671244,22.259668,-44.449809,2098,2098,1998
1746316088.933272,0.128795,-1.353242,3.091768,-2.753126,-3.543503,0.809974,-0.265340,-8.704912,-20.294472,-7.098355,-17.768229,-68.416385,32.875832,21.643207,-41.157810,32.875832,21.643207,-41.157810,2098,2098,1998
1746316088.938376,0.128795,-1.353242,3.091768,-2.753126,-3.543503,0.809974,-0.438528,-8.151493,-20.511989,-7.278208,-17.076267,-70.360181,33.867729,20.961061,-42.133090,33.867729,20.961061,-42.133090,2098,2098,1998
1746316088.943276,0.093619,-1.386097,3.102190,-2.757339,-3.593445,0.569635,-0.581772,-7.758362,-21.279211,-7.116071,-16.460796,-72.524707,39.323037,20.321780,-38.505791,39.323037,20.321780,-38.505791,2098,2098,1998
1746316088.948218,0.093619,-1.386097,3.102190,-2.757339,-3.593445,0.569635,-0.686923,-7.265889,-21.446555,-7.046299,-15.781104,-74.333057,39.089201,19.639868,-40.543999,39.089201,19.639868,-40.543999,2098,2098,1998
1746316088.953515,0.064481,-1.418796,3.106932,-2.724617,-3.639180,0.319377,-0.606543,-6.882789,-22.280531,-6.522159,-15.155491,-76.601941,43.667192,19.011582,-37.797402,43.667192,19.011582,-37.797402,2098,2098,1998
1746316088.958506,0.042389,-1.451585,3.104130,-2.746672,-3.632167,0.098585,-0.630379,-6.397781,-23.372864,-5.762346,-14.589986,-79.223859,47.943332,18.427737,-35.810142,47.943332,18.427737,-35.810142,2098,2098,1998
1746316088.963431,0.042389,-1.451585,3.104130,-2.746672,-3.632167,0.098585,-0.635553,-5.867155,-23.732039,-5.202227,-13.942314,-81.508368,43.440903,17.759542,-42.565126,43.440903,17.759542,-42.565126,2098,2098,1998
1746316088.968346,0.036209,-1.484256,3.085242,-2.799728,-3.626588,-0.123959,-0.860576,-5.283221,-24.491341,-4.425829,-13.374769,-83.948862,46.608904,17.229392,-41.574298,46.608904,17.229392,-41.574298,2098,2098,1998
1746316088.973323,0.036209,-1.484256,3.085242,-2.799728,-3.626588,-0.123959,-1.027442,-4.684746,-24.579210,-3.904956,-12.683404,-85.909255,41.042603,16.509788,-49.080162,41.042603,16.509788,-49.080162,2098,2098,1998
1746316088.978424,0.073420,-1.516724,3.022807,-2.783357,-3.617869,-0.345410,-1.067893,-4.038841,-25.107500,-2.972162,-12.260577,-87.910730,31.896990,16.144270,-59.883882,31.896990,16.144270,-59.883882,2098,2098,1998
1746316088.983334,0.073420,-1.516724,3.022807,-2.783357,-3.617869,-0.345410,-1.075330,-3.444621,-24.953000,-2.285413,-11.697600,-89.242966,20.514228,15.503876,-72.582243,20.514228,15.503876,-72.582243,2098,2098,1998
1746316088.988288,0.073420,-1.516724,3.022807,-2.783357,-3.617869,-0.345410,-1.057904,-2.880450,-24.279637,-1.738023,-11.018045,-89.673501,11.947444,14.764240,-81.567041,11.947444,14.764240,-81.567041,2098,2098,1998
1746316088.993387,0.344487,-1.548019,2.725982,-2.838767,-3.594193,-0.581724,-1.273523,-2.233609,-24.247932,-0.555947,-11.741814,-89.374008,-181.562646,14.560889,-274.564881,-181.562646,14.560889,-274.564881,1998,2098,1998
1746316088.998297,0.344487,-1.548019,2.725982,-2.838767,-3.594193,-0.581724,-1.412886,-1.679102,-23.676805,0.262096,-12.004647,-88.641837,-219.082330,14.471064,-311.342661,-219.082330,14.471064,-311.342661,1998,2098,1998
1746316089.003201,2.193437,-1.553047,0.851868,-2.784260,-3.563585,-0.823818,-1.255167,-1.056021,-23.767061,-0.518616,-8.255176,-84.899878,-365.074522,-1.482831,-453.268809,-365.074522,-1.482831,-453.268809,1998,1998,1998
1746316089.008351,2.193437,-1.553047,0.851868,-2.784260,-3.563585,-0.823818,-1.091575,-0.498436,-23.304181,-1.074428,-5.002313,-81.601169,-247.781955,1.077690,-332.696009,-247.781955,1.077690,-332.696009,1998,2098,1998
1746316089.013287,2.193437,-1.553047,0.851868,-2.784260,-3.563585,-0.823818,-0.939942,-0.055323,-22.412680,-1.420348,-2.444860,-78.527662,-152.185534,3.022282,-234.041138,-152.185534,3.022282,-234.041138,1998,2098,1998
1746316089.018317,2.617413,-1.522661,0.402757,-2.768714,-3.515846,-1.063247,-0.722706,0.529802,-22.255740,-0.869022,-0.839272,-78.474384,-19.299055,3.084348,-100.836097,-19.299055,3.084348,-100.836097,1998,2098,1998
1746316089.023281,2.672260,-1.489904,0.322828,-2.776082,-3.437999,-1.286923,-0.565411,1.334250,-22.629195,-0.077795,0.276721,-79.128325,4.337541,3.725105,-77.668550,4.337541,3.725105,-77.668550,2098,2098,1998
1746316089.028218,2.672260,-1.489904,0.322828,-2.776082,-3.437999,-1.286923,-0.425625,1.955942,-22.432356,0.579473,1.396711,-79.492880,16.448725,4.578720,-65.961526,16.448725,4.578720,-65.961526,2098,2098,1998
1746316089.033283,2.672568,-1.456419,0.298889,-2.609326,-3.391990,-1.498843,0.461035,2.641247,-22.729068,1.651766,2.392054,-80.100023,23.916812,5.191615,-58.729057,23.916812,5.191615,-58.729057,2098,2098,1998
1746316089.038351,2.672568,-1.456419,0.298889,-2.609326,-3.391990,-1.498843,1.169125,3.135747,-22.444481,2.791586,3.350795,-80.324632,35.934791,5.772220,-47.014213,35.934791,5.772220,-47.014213,2098,2098,1998
1746316089.043251,2.629781,-1.389048,0.297488,-2.355223,-3.233947,-1.902824,2.818288,4.150024,-23.501421,4.450722,4.449689,-81.257539,34.291014,6.183594,-49.103148,34.291014,6.183594,-49.103148,2098,2098,1998
1746316089.048251,2.601442,-1.354911,0.305947,-2.172528,-3.162808,-2.117100,4.951253,5.223062,-24.827422,6.645154,5.942263,-82.918458,41.194698,6.827628,-43.746058,41.194698,6.827628,-43.746058,2098,2098,1998
1746316089.053254,2.601442,-1.354911,0.305947,-2.172528,-3.162808,-2.117100,6.573824,5.977822,-25.346472,9.022250,7.441572,-84.567380,53.884400,7.541339,-32.999844,53.884400,7.541339,-32.999844,2098,2098,1998
1746316089.058201,2.571418,-1.320491,0.317521,-2.055188,-3.060065,-2.315455,8.253252,6.908413,-26.081980,11.480443,9.138999,-86.194991,58.633476,8.157887,-30.059971,58.633476,8.157887,-30.059971,2098,2098,1998
1746316089.063320,2.571418,-1.320491,0.317521,-2.055188,-3.060065,-2.315455,9.480270,7.535092,-26.107261,13.972719,10.754149,-87.448744,70.228026,8.914180,-20.080495,70.228026,8.914180,-20.080495,2098,2098,1998
1746316089.068251,2.571418,-1.320491,0.317521,-2.055188,-3.060065,-2.315455,10.220595,7.852009,-25.533759,16.177976,12.043492,-87.876915,80.311096,9.450562,-10.739816,80.311096,9.450562,-10.739816,2098,2098,1998
1746316089.073254,2.539815,-1.285899,0.331310,-2.013144,-2.953222,-2.506973,10.794787,8.420589,-25.355115,18.098785,13.392594,-87.849179,79.412670,9.730269,-12.028606,79.412670,9.730269,-12.028606,2098,2098,1998
1746316089.078296,2.539815,-1.285899,0.331310,-2.013144,-2.953222,-2.506973,11.019990,8.695091,-24.633250,19.724320,14.508876,-87.239754,86.173680,10.257085,-4.930703,86.173680,10.257085,-4.930703,2098,2098,1998
1746316089.083298,2.507497,-1.250892,0.346101,-2.014560,-2.823518,-2.679462,10.944660,9.302569,-24.269728,20.846953,15.731818,-86.309592,82.352285,10.550520,-8.324483,82.352285,10.550520,-8.324483,2098,2098,1998
1746316089.088306,2.507497,-1.250892,0.346101,-2.014560,-2.823518,-2.679462,10.636656,9.586826,-23.426961,21.620175,16.754131,-84.969914,85.768039,11.249911,-3.742348,85.768039,11.249911,-3.742348,2098,2098,1998
1746316089.093301,2.475307,-1.216099,0.361288,-1.992674,-2.711766,-2.836187,10.246064,10.103699,-22.921325,21.952407,17.928731,-83.390146,80.363504,11.723343,-7.995891,80.363504,11.723343,-7.995891,2098,2098,1998
1746316089.098360,2.475307,-1.216099,0.361288,-1.992674,-2.711766,-2.836187,9.691488,10.299392,-21.983754,22.022259,18.878577,-81.492407,81.518374,12.587178,-5.015172,81.518374,12.587178,-5.015172,2098,2098,1998
1746316089.103266,2.404642,-1.139800,0.396089,-1.924038,-2.437717,-3.177823,9.342203,11.433040,-22.264197,21.586042,20.675909,-79.883726,69.648665,13.184652,-16.048735,69.648665,13.184652,-16.048735,2098,2098,1998
1746316089.108349,2.404642,-1.139800,0.396089,-1.924038,-2.437717,-3.177823,8.837284,12.134653,-22.001531,21.007391,22.444391,-78.518614,70.004008,15.039463,-14.360777,70.004008,15.039463,-14.360777,2098,2098,1998
1746316089.113288,2.404642,-1.139800,0.396089,-1.924038,-2.437717,-3.177823,8.240394,12.412373,-21.297738,20.357473,23.861931,-77.055276,69.877878,16.598000,-13.012034,69.877878,16.598000,-13.012034,2098,2098,1998
1746316089.118296,2.404642,-1.139800,0.396089,-1.924038,-2.437717,-3.177823,7.563979,12.365453,-20.242377,19.637676,24.874227,-75.188706,69.223197,17.809628,-11.740275,69.223197,17.809628,-11.740275,2098,2098,1998
1746316089.123211,2.372739,-1.103854,0.412707,-1.852763,-2.315320,-3.338510,7.172498,12.595538,-19.663471,18.824338,26.057012,-73.174438,64.302047,18.634284,-14.899123,64.302047,18.634284,-14.899123,2098,2098,1998
1746316089.128317,2.372739,-1.103854,0.412707,-1.852763,-2.315320,-3.338510,6.678916,12.505947,-18.729023,18.044765,26.887088,-70.928233,63.455272,19.707344,-13.409045,63.455272,19.707344,-13.409045,2098,2098,1998
1746316089.133309,2.372739,-1.103854,0.412707,-1.852763,-2.315320,-3.338510,6.135279,12.148186,-17.560228,17.333851,27.252820,-68.418095,62.334480,20.327510,-11.899717,62.334480,20.327510,-11.899717,2098,2098,1998
1746316089.138451,2.372739,-1.103854,0.412707,-1.852763,-2.315320,-3.338510,5.538385,11.567986,-16.175976,16.648928,27.148316,-65.432409,60.847601,20.506496,-10.241738,60.847601,20.506496,-10.241738,2098,2098,1998
1746316089.143304,2.308834,-1.031607,0.447076,-1.887680,-2.030604,-3.625613,4.806474,12.109371,-16.011350,15.523025,27.897472,-62.886007,53.583829,20.475093,-15.708554,53.583829,20.475093,-15.708554,2098,2098,1998
1746316089.148286,2.277178,-0.994990,0.464354,-1.903922,-1.885926,-3.749503,4.014934,12.948838,-16.080310,14.043366,29.260900,-60.864727,49.981970,21.759170,-17.588050,49.981970,21.759170,-17.588050,2098,2098,1998
1746316089.153277,2.244582,-0.958168,0.481721,-2.065024,-1.727365,-3.857620,2.556712,14.055112,-16.262296,11.952801,31.109908,-59.484625,46.584624,23.759142,-20.048497,46.584624,23.759142,-20.048497,2098,2098,1998
1746316089.158442,2.244582,-0.958168,0.481721,-2.065024,-1.727365,-3.857620,1.270647,14.659683,-16.038089,9.641103,32.899644,-58.463702,44.463948,26.416226,-20.762582,44.463948,26.416226,-20.762582,2098,2098,1998
1746316089.163742,2.210568,-0.921056,0.499199,-2.252702,-1.557570,-3.965468,-0.720718,15.608971,-15.971702,6.555728,35.041269,-57.723621,40.621240,29.184239,-24.104397,40.621240,29.184239,-24.104397,2098,2098,1998
1746316089.168536,2.175965,-0.884202,0.516508,-2.351181,-1.384305,-4.057853,-2.575134,16.688948,-15.956896,3.200552,37.421234,-57.227537,37.070149,32.343320,-27.226929,37.070149,32.343320,-27.226929,2098,2098,1998
1746316089.174005,2.175965,-0.884202,0.516508,-2.351181,-1.384305,-4.057853,-4.247662,17.304570,-15.566517,-0.580983,39.811335,-56.823239,33.744920,36.289128,-29.394393,33.744920,36.289128,-29.394393,2098,2098,1998
1746316089.178300,2.140314,-0.847130,0.533932,-2.505426,-1.193283,-4.134207,-5.801456,18.062673,-15.288127,-3.883629,41.896983,-56.371024,30.911447,39.235208,-31.888588,30.911447,39.235208,-31.888588,2098,2098,1998
1746316089.183344,2.140314,-0.847130,0.533932,-2.505426,-1.193283,-4.134207,-7.213809,18.454762,-14.716715,-7.545001,43.966826,-55.824518,27.742361,42.880307,-33.716942,27.742361,42.880307,-33.716942,2098,2098,1998
1746316089.188283,2.104716,-0.809955,0.551488,-2.472631,-0.998779,-4.227040,-8.028146,19.217095,-14.345559,-10.981267,46.401754,-54.967310,25.403701,46.274969,-35.027703,25.403701,46.274969,-35.027703,2098,2098,1998
1746316089.193274,2.104716,-0.809955,0.551488,-2.472631,-0.998779,-4.227040,-8.520208,19.418124,-13.721841,-13.815345,48.362247,-53.998462,23.392619,49.429741,-35.515395,23.392619,49.429741,-35.515395,2098,2098,1998
1746316089.198292,2.104716,-0.809955,0.551488,-2.472631,-0.998779,-4.227040,-8.730279,19.144791,-12.902951,-15.977375,49.663944,-52.757131,21.711086,51.671263,-35.491925,21.711086,51.671263,-35.491925,2098,2098,1998
1746316089.203360,2.069826,-0.772428,0.568944,-2.616459,-0.763106,-4.300273,-9.358877,19.557493,-12.270019,-18.186583,51.176013,-51.167628,21.027086,53.675268,-34.931993,21.027086,53.675268,-34.931993,2098,2098,1998
1746316089.208233,2.069826,-0.772428,0.568944,-2.616459,-0.763106,-4.300273,-9.640525,19.444218,-11.504156,-19.860729,52.190589,-49.571852,19.820997,55.431953,-34.177919,19.820997,55.431953,-34.177919,2098,2098,1998
1746316089.213445,2.035833,-0.734344,0.586095,-2.441571,-0.669963,-4.390969,-8.845889,19.337709,-10.997755,-20.888572,53.525712,-47.482074,20.102883,56.816319,-32.074304,20.102883,56.816319,-32.074304,2098,2098,1998
1746316089.218327,1.969188,-0.657969,0.620210,-2.466522,-0.339051,-4.506060,-8.153172,20.268664,-10.869437,-21.588859,55.750579,-45.117674,22.448324,58.254016,-29.146667,22.448324,58.254016,-29.146667,2098,2098,1998
1746316089.223359,1.969188,-0.657969,0.620210,-2.466522,-0.339051,-4.506060,-7.390101,20.603688,-10.521133,-21.620726,57.669480,-42.971632,23.825089,59.834055,-26.158717,23.825089,59.834055,-26.158717,2098,2098,1998
1746316089.228272,1.936681,-0.619400,0.637166,-2.525522,-0.127325,-4.540617,-6.882031,21.346827,-10.163925,-21.432614,59.823029,-40.725735,26.340563,60.962873,-23.092463,26.340563,60.962873,-23.092463,2098,2098,1998
1746316089.233520,1.936681,-0.619400,0.637166,-2.525522,-0.127325,-4.540617,-6.279750,21.498856,-9.616910,-20.813664,61.619791,-38.526262,28.264391,62.038858,-19.776117,28.264391,62.038858,-19.776117,2098,2098,1998
1746316089.238541,1.903821,-0.580895,0.654034,-2.574346,0.012857,-4.545872,-5.887950,21.739457,-8.991588,-20.133273,63.316243,-36.177980,30.827353,62.486124,-16.834014,30.827353,62.486124,-16.834014,2098,2098,1998
1746316089.243784,1.870452,-0.542138,0.671269,-2.705280,0.243934,-4.561213,-6.034161,22.518596,-8.320963,-19.680822,65.377179,-33.587885,33.537702,63.189627,-13.816019,33.537702,63.189627,-13.816019,2098,2098,1998
1746316089.248285,1.870452,-0.542138,0.671269,-2.705280,0.243934,-4.561213,-6.007014,22.578581,-7.681013,-19.283738,66.770576,-31.544316,34.912424,64.033724,-11.063137,34.912424,64.033724,-11.063137,2098,2098,1998
1746316089.253277,1.870452,-0.542138,0.671269,-2.705280,0.243934,-4.561213,-5.860578,22.177173,-6.937175,-18.753211,67.680711,-29.398203,36.058230,64.416412,-8.325823,36.058230,64.416412,-8.325823,2098,2098,1998
1746316089.258275,1.870452,-0.542138,0.671269,-2.705280,0.243934,-4.561213,-5.609803,21.352497,-6.176051,-18.081559,67.851792,-27.305078,36.796415,64.132620,-5.851817,36.796415,64.132620,-5.851817,2098,2098,1998
1746316089.263669,1.838116,-0.503696,0.688085,-2.692004,0.406171,-4.580742,-5.189324,20.898824,-5.453563,-17.193094,67.969285,-24.790843,38.159175,63.016253,-3.740985,38.159175,63.016253,-3.740985,2098,2098,1998
1746316089.268325,1.838116,-0.503696,0.688085,-2.692004,0.406171,-4.580742,-4.781819,20.113330,-4.831640,-16.269035,67.578554,-22.741019,38.690874,62.127595,-1.434528,38.690874,62.127595,-1.434528,2098,2098,1998
1746316089.273242,1.806193,-0.465007,0.704949,-2.696119,0.594068,-4.577133,-4.346938,19.846923,-4.174986,-15.172827,67.291658,-20.377853,39.899710,60.490189,0.277946,39.899710,60.490189,0.277946,2098,2098,2096
1746316089.278289,1.806193,-0.465007,0.704949,-2.696119,0.594068,-4.577133,-3.885836,19.180620,-3.532096,-13.929436,66.641225,-18.140363,40.487688,59.189079,2.779103,40.487688,59.189079,2.779103,2098,2098,2098
1746316089.283500,1.775830,-0.426167,0.721477,-2.536079,0.686825,-4.574701,-2.657352,18.603820,-2.898936,-12.024607,65.903142,-15.673985,41.693240,56.737487,4.563470,41.693240,56.737487,4.563470,2098,2098,2098
1746316089.288409,1.744999,-0.387345,0.738550,-2.636853,0.918809,-4.544991,-2.109074,18.762693,-2.220432,-10.164584,65.575694,-13.239930,43.516664,54.413801,6.248638,43.516664,54.413801,6.248638,2098,2098,2098
1746316089.293480,1.744999,-0.387345,0.738550,-2.636853,0.918809,-4.544991,-1.599892,18.476187,-1.599038,-8.289993,65.128267,-10.974479,44.688415,52.820948,8.956696,44.688415,52.820948,8.956696,2098,2098,2098
1746316089.298783,1.715208,-0.348124,0.755367,-2.574185,1.046881,-4.552519,-0.830728,18.397530,-1.069850,-6.140506,64.821407,-8.658573,46.380070,50.354068,10.398589,46.380070,50.354068,10.398589,2098,2098,2098
1746316089.303360,1.715208,-0.348124,0.755367,-2.574185,1.046881,-4.552519,-0.279777,17.941188,-0.679909,-4.309269,64.346833,-6.879755,47.452213,48.753153,12.543152,47.452213,48.753153,12.543152,2098,2098,2098
1746316089.308445,1.715208,-0.348124,0.755367,-2.574185,1.046881,-4.552519,0.232134,17.146206,-0.307504,-2.372231,63.445184,-5.143025,48.294830,46.768787,14.567329,48.294830,46.768787,14.567329,2098,2098,2098
1746316089.313523,1.685325,-0.309153,0.772491,-2.883601,1.356025,-4.547691,-0.773465,17.517810,0.022790,-1.457297,63.246249,-3.497606,49.567494,44.956390,14.815075,49.567494,44.956390,14.815075,2098,2098,2098
1746316089.318494,1.685325,-0.309153,0.772491,-2.883601,1.356025,-4.547691,-1.553147,17.414484,0.284134,-1.291296,63.032236,-2.218565,49.535498,44.687264,16.084382,49.535498,44.687264,16.084382,2098,2098,2098
1746316089.323650,1.655802,-0.269822,0.788880,-2.773282,1.350873,-4.520470,-1.663323,16.901646,0.624467,-1.190940,62.513755,-1.000009,49.311960,43.543895,15.556188,49.311960,43.543895,15.556188,2098,2098,2098
1746316089.328344,1.624291,-0.230429,0.805897,-3.104281,1.574229,-4.464005,-3.106326,17.100136,1.099495,-1.982008,62.477472,0.179164,49.544921,43.119123,14.895501,49.544921,43.119123,14.895501,2098,2098,2098
1746316089.333390,1.592295,-0.191334,0.822954,-3.143177,1.723593,-4.387683,-4.492934,17.589480,1.842770,-3.508583,62.733855,1.553494,49.133102,43.511456,14.388168,49.133102,43.511456,14.388168,2098,2098,2098
1746316089.338412,1.592295,-0.191334,0.822954,-3.143177,1.723593,-4.387683,-5.509722,17.583310,2.400708,-5.358360,62.922685,2.779984,47.992778,44.996050,15.397804,47.992778,44.996050,15.397804,2098,2098,2098
1746316089.343432,1.592295,-0.191334,0.822954,-3.143177,1.723593,-4.387683,-6.209678,17.179365,2.798918,-7.241154,62.814626,3.847589,46.607870,46.302947,16.202042,46.607870,46.302947,16.202042,2098,2098,2098
1746316089.348348,1.525136,-0.107143,0.860246,-3.223095,2.026844,-4.241324,-6.981995,17.818438,3.701042,-9.049589,63.064008,5.366744,46.976423,45.966318,14.114621,46.976423,45.966318,14.114621,2098,2098,2098
1746316089.353359,1.525136,-0.107143,0.860246,-3.223095,2.026844,-4.241324,-7.468859,17.954340,4.368497,-10.780615,63.344514,6.816467,46.054699,47.461401,15.465777,46.054699,47.461401,15.465777,2098,2098,2098
1746316089.358524,1.494153,-0.068006,0.877456,-3.258740,2.205521,-4.223753,-7.868222,18.480558,4.907255,-12.310809,63.905489,8.370406,46.266486,48.105548,15.405959,46.266486,48.105548,15.405959,2098,2098,2098
1746316089.363901,1.494153,-0.068006,0.877456,-3.258740,2.205521,-4.223753,-8.007050,18.460687,5.237204,-13.600099,64.331793,9.725649,45.769216,49.369616,16.727410,45.769216,49.369616,16.727410,2098,2098,2098
1746316089.368240,1.462407,-0.028682,0.894657,-3.483680,2.328410,-4.146552,-8.807001,18.540124,5.641783,-14.907041,64.780037,10.930808,46.441942,49.837449,16.259375,46.441942,49.837449,16.259375,2098,2098,2098
1746316089.373237,1.430230,0.010895,0.912456,-3.549211,2.547229,-4.074170,-9.698735,19.238721,6.246065,-16.577990,65.577607,12.479983,47.056281,50.686787,16.099484,47.056281,50.686787,16.099484,2098,2098,2098
1746316089.378303,1.430230,0.010895,0.912456,-3.549211,2.547229,-4.074170,-10.212520,19.376027,6.601664,-18.239661,66.281648,13.829666,46.596539,52.431919,17.454177,46.596539,52.431919,17.454177,2098,2098,2098
1746316089.383280,1.430230,0.010895,0.912456,-3.549211,2.547229,-4.074170,-10.389738,19.045662,6.734907,-19.611217,66.608080,14.892389,46.015591,53.716544,18.523229,46.015591,53.716544,18.523229,2098,2098,2098
1746316089.388280,1.398711,0.049650,0.929846,-3.601927,2.644669,-3.937485,-10.539122,18.787650,7.308118,-20.780067,66.587551,16.133674,46.399604,53.827646,18.036520,46.399604,53.827646,18.036520,2098,2098,2098
1746316089.393264,1.366842,0.088419,0.947903,-3.712178,2.797107,-3.818212,-10.918230,18.841074,8.143374,-21.906037,66.597752,17.677704,47.040852,53.847144,17.833741,47.040852,53.847144,17.833741,2098,2098,2098
1746316089.398315,1.366842,0.088419,0.947903,-3.712178,2.797107,-3.818212,-10.983228,18.458209,8.647095,-22.832736,66.380883,19.080515,46.321277,54.473284,19.300092,46.321277,54.473284,19.300092,2098,2098,2098
1746316089.403286,1.366842,0.088419,0.947903,-3.712178,2.797107,-3.818212,-10.786899,17.735597,8.853632,-23.391744,65.783206,20.201617,45.506546,54.578630,20.493138,45.506546,54.578630,20.493138,2098,2098,2098
1746316089.408280,1.366842,0.088419,0.947903,-3.712178,2.797107,-3.818212,-10.385432,16.748752,8.824614,-23.528611,64.723165,21.014546,44.562052,54.071378,21.389469,44.562052,54.071378,21.389469,2098,2098,2098
1746316089.413445,1.305312,0.165690,0.984194,-3.691546,3.001513,-3.628645,-9.711014,16.480680,9.476537,-23.161147,63.399230,22.230802,46.072492,51.381370,19.173864,46.072492,51.381370,19.173864,2098,2098,2098
1746316089.418360,1.305312,0.165690,0.984194,-3.691546,3.001513,-3.628645,-8.971187,15.898274,9.760727,-22.384635,62.095129,23.189016,45.407116,50.012805,20.241821,45.407116,50.012805,20.241821,2098,2098,2098
1746316089.423246,1.275025,0.204537,1.002459,-3.723181,3.108413,-3.546383,-8.316799,15.552721,10.141831,-21.347886,60.799755,24.197552,46.182770,47.607873,19.497920,46.182770,47.607873,19.497920,2098,2098,2098
1746316089.428268,1.245331,0.242998,1.020689,-3.769170,3.232928,-3.445118,-7.791852,15.482113,10.695429,-20.179293,59.662028,25.369783,47.184601,45.159304,18.822011,47.184601,45.159304,18.822011,2098,2098,2098
1746316089.433277,1.215100,0.281437,1.039399,-3.929331,3.328479,-3.313341,-7.912475,15.505139,11.495381,-19.421362,58.897205,26.867017,48.504130,43.260137,18.345975,48.504130,43.260137,18.345975,2098,2098,2098
1746316089.438317,1.215100,0.281437,1.039399,-3.929331,3.328479,-3.313341,-7.831308,15.171724,11.888022,-18.815237,58.126900,28.179383,48.132579,42.347254,19.761534,48.132579,42.347254,19.761534,2098,2098,2098
1746316089.443322,1.215100,0.281437,1.039399,-3.929331,3.328479,-3.313341,-7.588124,14.558668,11.934464,-18.188251,57.180482,29.151509,47.613987,41.327143,20.877692,47.613987,41.327143,20.877692,2098,2098,2098
1746316089.448263,1.215100,0.281437,1.039399,-3.929331,3.328479,-3.313341,-7.224211,13.742997,11.706062,-17.442267,55.976990,29.719120,46.927465,40.074175,21.635975,46.927465,40.074175,21.635975,2098,2098,2098
1746316089.453308,1.184201,0.319653,1.058463,-4.107490,3.447114,-3.184495,-7.568465,13.295022,11.838535,-17.060638,54.889005,30.478141,47.745809,38.330259,20.595215,47.745809,38.330259,20.595215,2098,2098,2098
1746316089.458360,1.184201,0.319653,1.058463,-4.107490,3.447114,-3.184495,-7.674405,12.626284,11.674553,-16.826819,53.657845,30.958794,46.736205,37.522932,21.393123,46.736205,37.522932,21.393123,2098,2098,2098
1746316089.463488,1.152079,0.357692,1.077997,-4.289659,3.559600,-3.047702,-8.423436,12.300647,11.898734,-17.121896,52.654334,31.760165,47.310452,36.435460,20.496646,47.310452,36.435460,20.496646,2098,2098,2098
1746316089.468302,1.152079,0.357692,1.077997,-4.289659,3.559600,-3.047702,-8.804676,11.780207,11.804461,-17.577237,51.632649,32.307869,46.119541,36.353268,21.461303,46.119541,36.353268,21.461303,2098,2098,2098
1746316089.473230,1.120311,0.395775,1.097794,-4.321338,3.622522,-2.926774,-9.076564,11.371728,12.009692,-18.143878,50.500300,33.034992,46.245771,35.535221,20.631890,46.245771,35.535221,20.631890,2098,2098,2098
1746316089.478240,1.088765,0.433424,1.117728,-4.428473,3.730844,-2.802525,-9.583417,11.269007,12.473310,-18.895327,49.613432,34.124730,46.681846,34.975223,20.111606,46.681846,34.975223,20.111606,2098,2098,2098
1746316089.483282,1.088765,0.433424,1.117728,-4.428473,3.730844,-2.802525,-9.779654,10.928836,12.568508,-19.610314,48.744104,35.013632,45.475731,35.237545,21.507052,45.475731,35.237545,21.507052,2098,2098,2098
1746316089.488298,1.088765,0.433424,1.117728,-4.428473,3.730844,-2.802525,-9.715426,10.405600,12.359274,-20.080525,47.773712,35.545677,44.287553,35.235549,22.538108,44.287553,35.235549,22.538108,2098,2098,2098
1746316089.493291,1.057709,0.471091,1.137906,-4.431482,3.785557,-2.684621,-9.458066,9.994021,12.441401,-20.276663,46.660255,36.128125,44.635294,34.194546,21.571536,44.635294,34.194546,21.571536,2098,2098,2098
1746316089.498299,1.057709,0.471091,1.137906,-4.431482,3.785557,-2.684621,-9.035430,9.433604,12.228384,-20.115956,45.476010,36.381377,43.504535,33.551876,22.337993,43.504535,33.551876,22.337993,2098,2098,2098
1746316089.503280,0.995959,0.546054,1.179283,-4.619105,3.912271,-2.417222,-9.332266,9.337115,12.980544,-20.152681,44.588414,37.466531,46.157864,31.729906,19.511268,46.157864,31.729906,19.511268,2098,2098,2098
1746316089.508274,0.964817,0.583403,1.200836,-4.737882,3.966391,-2.263204,-9.899111,9.292656,13.995237,-20.579005,44.008991,39.196635,47.354566,31.132985,19.288681,47.354566,31.132985,19.288681,2098,2098,2098
1746316089.513487,0.964817,0.583403,1.200836,-4.737882,3.966391,-2.263204,-10.148106,9.037225,14.528225,-21.148105,43.439255,40.894586,46.471545,31.457576,21.473059,46.471545,31.457576,21.473059,2098,2098,2098
1746316089.518315,0.934719,0.620014,1.222524,-4.750024,4.018209,-2.131265,-10.156755,8.867100,15.170134,-21.592978,42.878190,42.677338,47.591940,30.911631,21.295455,47.591940,30.911631,21.295455,2098,2098,2098
1746316089.523230,0.904271,0.656813,1.244853,-4.874330,4.053279,-2.019971,-10.496877,8.691163,15.873009,-22.140101,42.455362,44.772591,49.146263,30.515458,21.248413,49.146263,30.515458,21.248413,2098,2098,2098
1746316089.528298,0.904271,0.656813,1.244853,-4.874330,4.053279,-2.019971,-10.547509,8.348412,16.108093,-22.628294,41.950158,46.542976,48.344530,30.816179,23.508334,48.344530,30.816179,23.508334,2098,2098,2098
1746316089.533323,0.904271,0.656813,1.244853,-4.874330,4.053279,-2.019971,-10.346466,7.881776,15.927784,-22.840819,41.301509,47.712286,47.482665,30.809815,25.203895,47.482665,30.809815,25.203895,2098,2098,2098
1746316089.538272,0.873803,0.693416,1.267367,-4.967243,4.070661,-1.889483,-10.368029,7.409661,16.008395,-22.930621,40.591491,48.865919,48.911006,29.940939,24.255406,48.911006,29.940939,24.255406,2098,2098,2098
1746316089.543328,0.873803,0.693416,1.267367,-4.967243,4.070661,-1.889483,-10.152471,6.850192,15.714918,-22.819283,39.716912,49.512407,47.869019,29.573368,25.567899,47.869019,29.573368,25.567899,2098,2098,2098
1746316089.548241,0.842825,0.729917,1.290344,-5.135013,4.124114,-1.772031,-10.497563,6.492623,15.651753,-22.751916,39.032496,50.238618,49.582243,28.542698,24.084919,49.582243,28.542698,24.084919,2098,2098,2098
1746316089.553294,0.811863,0.766403,1.314283,-5.242660,4.155381,-1.613871,-11.041894,6.189918,15.968308,-22.901279,38.445592,51.319083,51.418896,27.750594,22.725523,51.418896,27.750594,22.725523,2098,2098,2098
1746316089.558304,0.811863,0.766403,1.314283,-5.242660,4.155381,-1.613871,-11.227914,5.805532,15.858966,-23.101998,37.796152,52.065674,50.476218,27.779976,24.125906,50.476218,27.779976,24.125906,2098,2098,2098
1746316089.563475,0.811863,0.766403,1.314283,-5.242660,4.155381,-1.613871,-11.122030,5.347941,15.397503,-23.120544,37.012770,52.293991,49.417854,27.599164,25.088250,49.417854,27.599164,25.088250,2098,2098,2098
1746316089.568290,0.781308,0.802248,1.338738,-5.319266,4.171656,-1.469894,-11.125212,4.954829,15.329683,-22.986499,36.276599,52.597163,51.164140,26.541627,23.020318,51.164140,26.541627,23.020318,2098,2098,2098
1746316089.573312,0.750896,0.838048,1.363875,-5.444844,4.173482,-1.356825,-11.453388,4.519616,15.449202,-22.934936,35.557533,53.134745,53.146177,25.577432,21.057008,53.146177,25.577432,21.057008,2098,2098,2098
1746316089.578282,0.750896,0.838048,1.363875,-5.444844,4.173482,-1.356825,-11.459761,4.068474,15.198200,-22.857631,34.768646,53.342527,52.015726,25.339702,22.105098,52.015726,25.339702,22.105098,2098,2098,2098
1746316089.583311,0.750896,0.838048,1.363875,-5.444844,4.173482,-1.356825,-11.207228,3.605559,14.649692,-22.569779,33.884760,53.061055,50.810951,24.876398,22.719182,50.810951,24.876398,22.719182,2098,2098,2098
1746316089.588187,0.750896,0.838048,1.363875,-5.444844,4.173482,-1.356825,-10.761206,3.161775,13.894829,-21.997293,32.952386,52.257119,49.622657,24.124569,22.798551,49.622657,24.124569,22.798551,2098,2098,2098
1746316089.593302,0.689250,0.909317,1.415946,-5.685067,4.194368,-1.129271,-11.243458,2.806757,13.983826,-21.514020,32.190320,52.049551,54.901828,22.027010,16.585656,54.901828,22.027010,16.585656,2098,2098,2098
1746316089.598290,0.689250,0.909317,1.415946,-5.685067,4.194368,-1.129271,-11.365565,2.462356,13.732903,-21.182678,31.438057,51.711894,53.775056,21.583609,17.137116,53.775056,21.583609,17.137116,2098,2098,2098
